timestamp_ms,ax,ay,az,gx,gy,gz,wheel_pulse
385550,336,-76,4316,30,-1,-39,229
385555,335,-75,4310,31,-11,-41,229
385560,339,-86,4293,35,-17,-40,229
385565,345,-80,4322,35,-12,-39,229
385570,347,-80,4337,34,-10,-44,229
385575,335,-79,4305,37,-9,-39,229
385580,325,-76,4314,40,-15,-34,229
385585,338,-66,4297,34,-19,-43,229
385590,339,-86,4309,38,-12,-37,229
385595,337,-78,4322,41,-13,-43,229
385600,335,-82,4323,33,-12,-40,229
385605,350,-81,4306,39,-14,-38,229
385610,342,-82,4311,35,-12,-42,229
385615,327,-69,4315,39,-10,-43,229
385620,294,-64,4347,42,-16,-47,229
385625,167,185,4004,243,-2,-63,229
385630,-8,374,4548,365,-59,-171,229
385635,-246,-395,5320,-33,120,-270,229
385640,-930,364,6945,250,679,-235,229
385645,-2897,635,5890,162,1677,-361,229
385650,-3062,-1612,2721,-313,1367,-546,229
385655,-2782,-2012,4426,-1060,412,-61,229
385660,-2866,112,3399,186,652,339,229
385665,-389,1254,2562,-93,796,320,229
385670,-449,1798,3551,-561,399,-21,229
385675,-117,881,5020,-538,99,-514,229
385680,127,-1844,5802,-609,108,-757,229
385685,-536,-847,3315,540,1130,-375,229
385690,-561,-353,2465,237,595,24,229
385695,-792,-1052,4714,-581,-626,163,229
385700,-1114,-586,3747,-3,-425,380,229
385705,-1111,2,2515,441,-298,454,229
385710,-941,472,2733,630,-627,296,229
385715,-650,1282,4524,552,-899,-55,229
385720,-627,-428,4512,-490,-618,-423,229
385725,-666,-141,5853,401,-559,-445,229
385730,-848,454,7107,364,-474,-481,229
385735,-568,413,4361,-617,477,-434,229
385740,-231,-274,6998,-673,329,-448,229
385745,-116,-805,5039,7,1200,-331,229
385750,16,600,2212,857,1473,-92,229
385755,-256,575,1026,566,769,-177,229
385760,-561,17,3064,-5,-65,-229,229
385765,-959,407,4190,38,80,-334,229
385770,-443,-323,4818,-137,140,-519,229
385775,-609,-1019,3372,121,-45,-457,229
385780,-531,-764,5893,-897,-599,-231,229
385785,-679,300,7842,-1678,325,-18,229
385790,-573,652,3691,-68,1334,-146,229
385795,325,-427,1666,1142,668,-474,229
385800,73,945,6393,1214,-224,-504,229
385805,-143,-561,3050,-116,703,-492,229
385810,-574,-1210,3235,239,-38,-476,229
385815,154,220,9192,-514,-805,-189,229
385820,-9,-282,5911,-925,1151,-96,229
385825,-178,-671,3618,332,1584,-121,229
385830,148,364,1699,475,824,45,229
385835,-459,677,2102,923,218,-37,229
385840,-374,772,5104,-201,330,-158,229
385845,52,-359,3322,490,785,-418,229
385850,1074,-169,5365,1818,66,-615,229
385855,-28,-13,3867,-35,436,-581,229
385860,834,-521,6281,-682,-41,-491,229
385865,380,170,7072,366,-45,-387,229
385870,-11,-133,3707,652,701,-354,229
385875,41,-211,4831,-147,278,-239,229
385880,170,-731,3921,1392,859,-258,230
385885,514,-581,3412,1082,775,-164,230
385890,127,-442,3744,-1056,561,45,230
385895,-139,-251,4992,-467,508,86,230
385900,23,-264,3553,371,461,69,230
385905,172,1101,2915,1151,178,98,230
385910,-419,891,2634,1653,284,-148,230
385915,-483,-1000,2147,319,-353,-338,230
385920,-156,-762,5566,610,-1076,-202,230
385925,389,-414,8371,-132,-323,-106,230
385930,697,-1014,5380,-1081,963,85,230
385935,331,373,6377,-340,500,288,230
385940,-189,396,2523,503,1235,169,230
385945,-236,598,-5018,1390,1223,33,230
385950,271,55,4466,-726,-1985,61,230
385955,1,-558,7417,513,-984,85,230
385960,-318,1053,803,245,820,185,230
385965,-201,-455,4628,-687,-859,-135,230
385970,814,796,11642,61,-1312,-303,230
385975,-590,-276,4712,-588,1611,-360,230
385980,321,-368,2388,-516,1567,-309,230
385985,488,-337,2963,-611,573,-132,230
385990,-376,736,124,-102,538,-57,230
385995,-155,588,1490,-978,-703,-121,230
386000,-126,398,4055,268,-940,-367,230
386005,13,578,2616,1051,-358,-542,230
386010,-465,-316,1817,-41,-1148,-807,230
386015,284,-2439,9285,-2189,-2748,-511,230
386020,-409,-219,8012,-415,-1130,163,230
386025,-478,985,4005,1024,-362,166,230
386030,357,841,3987,-207,-855,-88,230
386035,770,-791,4730,-888,-631,-191,230
386040,412,-503,5482,354,-671,-231,230
386045,270,231,3771,874,-365,-289,230
386050,254,-664,2954,-1002,-627,-171,230
386055,-103,574,5340,2,-800,-88,230
386060,1085,316,6419,952,29,-342,230
386065,-1165,-881,973,-677,755,-251,230
386070,103,-20,2725,-976,-299,97,231
386075,590,-239,7219,154,-287,-59,231
386080,1152,65,4100,-1752,664,92,231
386085,957,737,8190,-407,-597,257,231
386090,399,478,5622,328,-198,105,231
386095,-341,-1695,-690,734,463,18,231
386100,156,1994,4839,772,-1542,20,231
386105,387,-264,6340,-313,-1000,-438,231
386110,-138,-1437,1117,-307,-382,-490,231
386115,39,-781,6441,-468,-2279,-279,231
386120,189,124,7411,-275,-1280,-161,231
386125,564,-220,1531,-216,110,-147,231
386130,435,-467,6739,36,-873,-152,231
386135,390,-1127,1233,659,209,-24,231
386140,717,176,5710,255,-617,243,231
386145,280,-529,1548,371,268,317,231
386150,1102,-141,4049,-1810,-606,788,231
386155,1484,1372,7782,-1831,-1142,960,231
386160,1319,2339,4560,-167,-53,386,231
386165,591,1231,3088,200,98,-299,231
386170,1161,1235,4480,559,-256,-794,231
386175,1042,-1126,5404,-704,160,-1152,231
386180,-393,-1525,-1462,-577,1014,-1027,231
386185,376,553,4909,-1389,-1264,-646,231
386190,1188,-525,8152,-888,-1049,-742,231
386195,-80,273,2758,-14,278,-601,231
386200,583,-544,6936,-140,-923,-514,231
386205,1558,-445,6673,-1128,-60,-333,231
386210,444,162,4603,-157,1097,-362,231
386215,536,1160,4112,963,758,-670,231
386220,448,-3043,3399,1614,1058,-1055,231
386225,962,225,5886,731,964,-593,231
386230,86,-1469,1288,-765,2124,-408,231
386235,232,-1250,1199,279,1303,-271,231
386240,653,-478,3688,584,284,22,231
386245,785,2391,9346,572,-100,158,231
386250,-5,91,361,-728,1565,-79,231
386255,140,-1729,5024,-868,-205,-27,231
386260,-86,1188,5649,794,-18,105,231
386265,317,640,4365,910,538,-157,231
386270,714,-1394,4064,470,468,-305,231
386275,1141,-115,5043,263,448,-100,231
386280,519,-217,3787,-223,704,9,231
386285,142,-245,3156,-387,466,-17,231
386290,120,-227,3572,178,70,-92,232
386295,85,-607,1997,1053,159,-33,232
386300,240,-243,409,1453,13,149,232
386305,703,388,5091,652,-695,183,232
386310,642,-185,5847,-469,-103,71,232
386315,161,-960,2721,865,92,123,232
386320,638,1287,8360,520,-750,208,232
386325,463,573,7272,394,860,-35,232
386330,64,-106,2600,619,1469,-194,232
386335,162,-481,3452,941,972,-306,232
386340,630,-503,2320,1139,676,-311,232
386345,562,29,2702,149,488,-141,232
386350,-161,-185,1961,-4,313,-53,232
386355,128,177,3657,-470,-551,107,232
386360,488,326,6803,300,-838,85,232
386365,308,386,1898,391,102,-19,232
386370,334,-714,7144,-351,-893,62,232
386375,114,258,6401,-15,-79,253,232
386380,684,617,4876,-329,667,180,232
386385,498,96,5432,-94,619,-68,232
386390,383,-865,3109,-221,1053,-134,232
386395,62,-349,1613,17,833,-12,232
386400,-83,1110,3037,187,172,36,232
386405,486,-44,3503,56,-108,-174,232
386410,408,-10,3247,-420,-413,-141,232
386415,146,-311,5444,-261,-935,-92,232
386420,-256,732,3795,248,-738,-88,232
386425,513,428,8599,43,-697,-357,232
386430,629,-929,3737,-56,515,-557,232
386435,647,-728,6083,-200,-1,-348,232
386440,622,-29,3455,285,403,-278,232
386445,623,-384,3423,-181,-61,-224,232
386450,721,-769,4644,-398,-493,-61,232
386455,395,547,2510,-193,-385,236,232
386460,-67,332,1075,160,-776,165,232
386465,152,-513,1364,-421,-1492,139,232
386470,299,-265,4083,-930,-2116,307,232
386475,1383,1225,9431,-1067,-1644,469,232
386480,392,1351,4935,122,-492,2,232
386485,1276,-424,11457,163,-1478,-649,232
386490,342,-1184,4261,747,1293,-741,232
386495,589,-1018,4050,-162,1057,-335,232
386500,517,-718,4260,-307,780,65,232
386505,-521,-537,2478,187,924,194,232
386510,138,1025,3238,-159,217,366,232
386515,290,-151,-151,-647,135,214,232
386520,945,-1201,6154,-373,-1531,130,232
386525,115,2,1546,1313,-626,149,232
386530,501,823,7867,1093,-1709,112,232
386535,1577,-568,9798,-773,-788,103,233
386540,819,-509,6173,-795,1054,209,233
386545,604,226,7217,-661,1098,296,233
386550,589,-486,2460,-581,1940,289,233
386555,602,212,1404,-756,1235,369,233
386560,313,112,1404,-783,438,366,233
386565,-113,902,2580,3,-244,188,233
386570,-26,-337,890,-41,-593,19,233
386575,494,573,3703,520,-1598,-79,233
386580,35,827,4392,1116,-1074,-488,233
386585,474,-773,7542,-688,-858,-765,233
386590,717,-895,7834,-312,-374,-703,233
386595,674,-133,8332,351,-400,-608,233
386600,606,385,4652,-305,580,-595,233
386605,396,-446,5457,-466,684,-507,233
386610,81,-926,2349,-32,987,-435,233
386615,-40,-887,1612,98,376,-148,233
386620,-152,-183,1692,1115,-177,97,233
386625,457,291,6527,295,-319,138,233
386630,862,-307,1722,-1054,1375,197,233
386635,-156,-1286,2227,-735,482,402,233
386640,135,696,7074,-199,-317,612,233
386645,509,1514,4843,626,449,264,233
386650,528,1325,6167,-247,91,-55,233
386655,413,154,5564,-734,792,-356,233
386660,-194,-226,2015,106,1245,-614,233
386665,94,-485,1748,1107,127,-759,233
386670,924,614,7270,438,-833,-797,233
386675,554,-1683,2663,-914,900,-786,233
386680,266,-1546,1936,-565,70,-412,233
386685,272,593,8138,-105,-1353,-48,233
386690,-179,-228,2160,-28,510,-20,233
386695,-93,315,2858,307,-196,94,233
386700,770,1132,8022,203,-697,93,233
386705,184,-333,3120,-181,1359,-128,233
386710,-21,-1131,4152,-64,739,-193,233
386715,771,-73,5947,353,94,-65,233
386720,514,760,4387,-39,732,-26,233
386725,-24,-405,2229,-120,882,-261,233
386730,563,-664,2549,284,-155,-329,233
386735,534,553,4780,889,-826,-297,233
386740,472,-140,3666,238,-301,-433,233
386745,476,-497,5331,-157,-474,-462,233
386750,597,-641,5968,7,-415,-361,233
386755,-5,22,4456,378,197,-189,233
386760,142,-211,4167,284,399,-130,233
386765,369,541,5597,-155,682,-36,233
386770,89,367,4527,-120,1444,-44,233
386775,125,171,1882,-328,1621,-27,233
386780,424,-233,3992,512,841,-133,233
386785,1052,-420,4369,992,711,-305,233
386790,130,108,4606,780,844,-163,233
386795,45,-553,5205,-607,637,-63,233
386800,361,-1627,3863,-102,558,-71,233
386805,128,-481,3998,66,-88,265,233
386810,-284,608,4280,209,-153,284,234
386815,-48,-295,1994,345,-3,47,234
386820,384,65,4710,194,-753,70,234
386825,151,525,3782,367,-191,-59,234
386830,-104,617,1249,887,-240,-341,234
386835,630,-138,7021,1209,-1487,-549,234
386840,585,-473,7578,515,-364,-509,234
386845,343,-1759,2848,595,325,-425,234
386850,346,-1050,6427,350,-1102,90,234
386855,67,-407,4472,499,-352,428,234
386860,136,-400,1057,465,-139,613,234
386865,390,346,5156,554,-1380,752,234
386870,670,1320,5115,-210,-784,658,234
386875,-50,779,2447,-447,-218,476,234
386880,132,738,6200,-22,-941,188,234
386885,573,597,5715,476,-86,-186,234
386890,508,280,5086,136,371,-411,234
386895,308,7,4955,-228,669,-520,234
386900,230,-1485,3200,-71,846,-615,234
386905,969,-211,6497,311,146,-322,234
386910,254,-484,2193,457,784,-192,234
386915,478,-1238,3739,456,-356,-39,234
386920,534,-759,4730,211,-682,304,234
386925,191,340,3454,-225,-356,627,234
386930,243,729,4940,-284,-705,622,234
386935,81,610,4093,-160,-479,354,234
386940,-58,448,4262,14,-510,78,234
386945,157,869,4143,-402,-446,-101,234
386950,136,-237,4047,-480,-231,-332,234
386955,252,50,3684,405,-343,-434,234
386960,395,-219,4291,414,-498,-381,234
386965,267,-813,3775,741,-225,-323,234
386970,15,-1027,2057,1189,-332,-199,234
386975,557,-637,6838,333,-1216,-1,234
386980,305,-934,3236,-372,-204,227,234
386985,2,29,5950,-724,-802,448,234
386990,-323,1157,3687,-796,-264,421,234
386995,-51,631,4213,-609,-348,216,234
387000,944,737,4430,-500,-492,21,234
387005,453,400,4147,-326,-413,-134,234
387010,146,666,5880,-171,-766,-218,234
387015,-107,843,2680,220,-306,-409,234
387020,835,-1216,3689,-164,-904,-536,234
387025,633,-1011,4933,-347,-1196,-283,234
387030,32,-214,3674,-424,-958,-44,234
387035,233,-624,4288,-124,-1198,-77,234
387040,249,-340,5152,-226,-1143,-8,234
387045,578,-327,5227,-350,-700,58,234
387050,751,74,5425,-437,-354,119,234
387055,387,-147,5821,-146,-43,51,234
387060,294,312,3738,431,517,-43,234
387065,727,671,5213,882,237,-231,234
387070,998,-191,6238,-119,449,-394,234
387075,816,-629,4267,-1245,852,-176,234
387080,924,-196,7579,-1470,524,88,234
387085,1002,576,5498,-1915,1271,307,234
387090,155,227,4885,-1836,1457,236,234
387095,429,1228,2685,-850,1630,-26,234
387100,505,370,1194,-61,953,-384,234
387105,88,116,1435,-387,306,-587,234
387110,25,-10,4000,-565,-96,-729,235
387115,-192,-144,2409,-287,536,-692,235
387120,-431,-594,3716,45,-78,-781,235
387125,-64,-2422,2007,1153,-350,-924,235
387130,-213,-1341,4860,718,-1083,-232,235
387135,-530,-2205,483,949,-925,247,235
387140,-77,-320,3225,1812,-1956,667,235
387145,180,251,5232,2136,-2388,796,235
387150,767,174,9037,754,-2233,710,235
387155,151,-451,2301,317,-660,596,235
387160,562,1172,10197,179,-1639,610,235
387165,887,2050,6205,126,530,315,235
387170,622,1404,5053,-474,1034,-86,235
387175,535,1259,2615,-497,1118,-397,235
387180,180,308,728,-211,411,-784,235
387185,298,-792,2616,146,-746,-940,235
387190,877,421,5672,-98,-919,-730,235
387195,506,-69,4925,-1212,82,-612,235
387200,307,-1700,3018,-894,-129,-586,235
387205,519,-600,7995,-637,-930,-264,235
387210,383,-436,6549,127,493,-123,235
387215,413,-451,3428,661,773,-77,235
387220,948,351,6796,351,-48,-76,235
387225,299,-471,2010,484,1106,-190,235
387230,302,-1615,1533,180,465,-172,235
387235,505,79,5792,-53,-457,89,235
387240,143,-152,4617,-645,306,177,235
387245,-73,525,4121,-1221,479,238,235
387250,-39,1273,4853,-865,223,104,235
387255,307,2022,4676,268,350,-423,235
387260,382,201,3100,837,664,-967,235
387265,450,-611,4179,616,214,-926,235
387270,20,-872,5618,485,336,-727,235
387275,36,-1384,2385,-88,963,-434,235
387280,285,-1267,3062,-323,271,-10,235
387285,664,-341,5204,-1101,-84,399,235
387290,218,546,4959,-914,414,541,235
387295,352,1023,4976,-300,80,330,235
387300,247,1247,5489,-163,268,-45,235
387305,244,660,4316,246,888,-539,235
387310,-104,-1156,2108,973,1010,-946,235
387315,741,-1205,4704,187,10,-792,235
387320,498,-326,4813,-316,361,-419,235
387325,113,-257,2832,-52,627,-294,235
387330,331,-119,4780,-113,-167,-224,235
387335,687,-380,7344,105,-131,-92,235
387340,-23,-124,1487,790,1073,25,235
387345,-123,131,3742,569,136,152,235
387350,442,-248,5950,158,248,134,235
387355,392,-80,3463,-67,1263,104,235
387360,115,-175,3572,-289,809,130,235
387365,148,345,5007,19,517,58,235
387370,198,799,2904,483,944,-54,235
387375,207,582,3413,401,371,-234,235
387380,150,-44,2057,-51,35,-441,235
387385,330,-528,4495,-484,-535,-444,235
387390,359,-157,7124,-363,-497,-414,235
387395,292,366,4431,-42,156,-456,235
387400,612,-175,5803,-37,-335,-555,235
387405,601,-679,4769,261,107,-588,235
387410,365,-797,4009,584,384,-452,235
387415,-33,-1814,1489,670,378,-276,235
387420,174,-1991,610,653,-764,184,235
387425,660,396,5891,-193,-1599,759,235
387430,3,49,3451,-524,-180,856,235
387435,32,303,3956,-984,-380,959,236
387440,474,1969,8638,821,-1739,731,236
387445,183,1551,7554,274,-485,284,236
387450,-39,138,3848,106,667,-163,236
387455,317,-487,5868,497,119,-355,236
387460,314,-329,3569,442,648,-355,236
387465,265,-188,3027,359,720,-417,236
387470,626,-1178,3385,804,579,-595,236
387475,755,-355,4391,1324,583,-784,236
387480,527,-751,3570,952,881,-758,236
387485,677,-984,6692,935,209,-447,236
387490,458,-35,4902,1243,820,-114,236
387495,652,-590,6411,911,968,82,236
387500,404,-298,5192,594,1615,381,236
387505,280,717,2719,4,1593,631,236
387510,487,543,5206,-325,777,604,236
387515,205,696,234,508,1398,445,236
387520,-262,982,-130,628,283,178,236
387525,7,1013,1538,153,-1060,-172,236
387530,36,1260,2792,-1017,-1662,-351,236
387535,71,-296,4944,-1946,-1593,-547,236
387540,-842,549,4299,-1421,-1069,-581,236
387545,1061,-56,11905,-630,-1979,-732,236
387550,1065,-2332,7608,106,-203,-733,236
387555,489,-164,5648,384,159,-269,236
387560,687,-1882,7710,-76,-115,41,236
387565,260,-1466,2271,423,1082,331,236
387570,-335,-1368,824,668,563,483,236
387575,-61,-267,1923,938,-658,600,236
387580,563,1383,4359,36,-792,581,236
387585,154,-147,2138,-1703,313,537,236
387590,308,1468,3415,-1376,206,528,236
387595,72,713,814,771,-703,151,236
387600,893,2489,9740,699,-1991,-169,236
387605,773,830,8577,-297,14,-611,236
387610,175,-949,6398,-221,800,-959,236
387615,548,-1863,4408,53,498,-895,236
387620,290,-319,4166,355,498,-482,236
387625,-160,-1034,461,116,755,-276,236
387630,449,-468,3198,-295,-528,67,236
387635,135,94,3110,23,-324,300,236
387640,-70,396,1046,-63,-268,318,236
387645,-34,1175,4914,-403,-1287,212,236
387650,-36,-158,5750,-202,-829,-78,236
387655,508,246,4153,-149,-772,-152,236
387660,506,-914,7204,-382,-1196,-177,236
387665,437,-715,5583,-11,-328,21,236
387670,214,-264,4646,-75,-105,290,236
387675,305,-102,4044,20,-84,368,236
387680,164,422,3029,-71,37,338,236
387685,323,527,5086,-124,-192,101,236
387690,674,735,3282,-353,127,-242,236
387695,661,-772,3388,-419,-266,-528,236
387700,321,158,5257,235,-788,-534,236
387705,64,467,4841,762,-554,-588,236
387710,503,177,5394,311,-518,-647,236
387715,261,-810,5430,66,94,-690,236
387720,424,-1570,4102,211,575,-537,236
387725,503,-970,5859,-289,221,-123,236
387730,929,-570,5600,-474,512,215,236
387735,272,-480,2891,-687,828,530,237
387740,286,603,4521,-78,157,668,237
387745,485,1275,4326,168,261,553,237
387750,97,856,2011,28,440,309,237
387755,-232,75,2681,178,38,68,237
387760,-225,-503,1376,209,-184,-100,237
387765,-280,-385,4361,279,-738,-114,237
387770,247,-55,3860,-919,-231,-88,237
387775,521,-187,3600,-225,-250,-320,237
387780,944,462,9507,345,-1045,-625,237
387785,881,-412,8673,-168,298,-686,237
387790,114,-1093,3716,-58,1366,-553,237
387795,784,-1414,2944,466,449,-277,237
387800,394,-50,4128,967,-6,96,237
387805,111,238,1637,124,285,276,237
387810,190,345,3172,-348,-471,226,237
387815,214,506,4629,-563,-546,84,237
387820,62,589,3069,-675,-79,-183,237
387825,18,643,3690,-181,-346,-610,237
387830,-2,605,4535,361,-550,-975,237
387835,441,157,7384,-965,-405,-1012,237
387840,559,-1751,6072,-623,502,-852,237
387845,441,-779,3856,-777,518,-272,237
387850,376,30,6840,-233,21,104,237
387855,320,-206,4621,-53,763,189,237
387860,31,-530,2724,-163,946,317,237
387865,10,10,4378,145,581,404,237
387870,533,1664,3888,-595,1033,239,237
387875,364,-662,3780,-387,1387,-340,237
387880,352,-470,679,551,1051,-660,237
387885,649,302,5238,113,-20,-727,237
387890,290,-556,5553,-526,339,-710,237
387895,505,-1041,5217,33,454,-604,237
387900,374,-1078,4157,-331,462,-202,237
387905,81,154,6047,203,175,115,237
387910,-51,132,3449,467,916,97,237
387915,152,353,2644,473,736,66,237
387920,346,147,4270,445,469,-123,237
387925,-178,-569,75,492,874,-352,237
387930,333,-683,3212,-152,-467,-289,237
387935,247,-161,4499,-235,-764,-71,237
387940,154,993,5357,-621,-825,48,237
387945,69,1016,5600,178,-511,-208,237
387950,284,1069,5140,590,-308,-588,237
387955,358,-341,3739,8,-140,-840,237
387960,529,-2583,7598,617,-459,-863,237
387965,385,-592,5881,845,427,-421,237
387970,402,-1184,5401,-267,556,-28,237
387975,436,-809,6050,-276,853,299,237
387980,279,-219,2188,-305,1584,520,237
387985,403,720,5852,486,665,479,237
387990,445,536,1644,1393,1343,137,237
387995,397,214,3793,956,588,25,237
388000,-109,-766,2729,1246,592,-129,237
388005,238,-604,3928,959,48,-183,237
388010,350,296,6400,361,-82,-110,237
388015,242,206,5336,-423,712,-76,237
388020,235,-255,5918,-947,910,26,237
388025,100,87,5618,-725,1164,204,237
388030,61,202,1903,-304,1460,227,237
388035,484,748,3485,-277,536,289,237
388040,102,671,123,395,399,209,237
388045,26,375,1834,91,-691,34,237
388050,180,502,4832,108,-1344,-243,237
388055,124,-113,3886,749,-1268,-656,237
388060,272,-658,5842,1016,-1638,-800,237
388065,-223,-400,5939,238,-926,-502,238
388070,92,-1374,7695,-288,-306,-382,238
388075,368,-393,7097,455,597,-190,238
388080,613,-671,4411,352,1285,-27,238
388085,495,-531,4101,372,995,190,238
388090,364,-44,3055,1014,1009,364,238
388095,185,42,2636,1172,757,417,238
388100,86,-243,2612,1031,571,381,238
388105,38,-45,979,972,350,381,238
388110,-103,609,2787,450,-358,374,238
388115,349,346,6813,-554,-486,218,238
388120,-246,504,1038,267,390,46,238
388125,763,1565,10460,175,-1636,-145,238
388130,640,804,9166,200,-12,-464,238
388135,-82,-772,2896,-41,1410,-586,238
388140,633,-981,3510,-162,642,-376,238
388145,474,-542,3218,-178,548,-88,238
388150,-217,-108,1660,83,459,31,238
388155,-43,-330,1137,73,-430,62,238
388160,89,1,2274,19,-1260,174,238
388165,-112,-52,2147,-74,-1312,241,238
388170,4,953,8619,-916,-1730,207,238
388175,-380,-317,823,-486,-148,-22,238
388180,408,-179,8895,-697,-1515,-35,238
388185,795,-230,8378,-775,-25,68,238
388190,616,-339,6185,-432,742,138,238
388195,536,157,3449,-271,684,261,238
388200,432,436,2775,53,602,197,238
388205,43,121,1432,203,458,11,238
388210,-11,38,2395,284,-344,-140,238
388215,-54,-142,2784,523,-685,-307,238
388220,74,-20,1241,711,-710,-404,238
388225,464,-443,6118,56,-1483,-509,238
388230,-3,-939,3812,492,-790,-419,238
388235,185,69,8487,334,-1220,-272,238
388240,544,-385,7986,-612,-7,-231,238
388245,169,-458,5695,-581,891,-59,238
388250,204,814,4429,-277,792,94,238
388255,445,259,4146,-69,773,-22,238
388260,406,-235,888,124,772,-25,238
388265,293,315,2384,-211,-256,86,238
388270,-29,179,1920,-34,-597,-55,238
388275,-161,-321,2640,86,-1051,-147,238
388280,-113,417,3160,126,-1341,-171,238
388285,154,72,5664,-654,-1440,-329,238
388290,-317,-671,2808,-15,-915,-454,238
388295,-59,-1106,6455,150,-1637,-326,238
388300,384,-178,8526,-158,-1137,1,238
388305,426,535,4528,406,-298,94,238
388310,522,-493,5832,167,-489,-36,238
388315,508,-505,5934,601,390,-77,238
388320,419,-166,3711,231,1020,17,238
388325,639,-1127,173,-339,945,40,238
388330,508,76,3001,225,-328,212,238
388335,370,811,3382,-25,-640,175,238
388340,409,135,2328,-301,-931,6,238
388345,207,398,5090,-275,-1647,-91,238
388350,40,898,3794,134,-1230,-258,238
388355,138,1028,6697,-352,-1365,-526,238
388360,328,-85,6439,-536,-538,-789,238
388365,213,-706,2266,-292,261,-804,238
388370,620,-1036,5361,110,-858,-647,238
388375,524,-796,5099,239,-753,-381,238
388380,355,-768,4857,-181,-457,76,238
388385,405,-85,5505,-327,-628,474,238
388390,191,389,5288,-126,-283,559,238
388395,125,-43,5314,5,302,460,239
388400,-24,-377,3757,132,903,379,239
388405,12,5,3464,-56,1032,347,239
388410,364,-132,4925,51,1264,192,239
388415,390,68,1993,308,1733,-51,239
388420,928,-222,5679,147,389,-224,239
388425,282,144,2222,-452,678,-93,239
388430,449,-127,3621,265,-657,-189,239
388435,1246,626,8331,485,-1779,-230,239
388440,750,928,2511,-542,-356,-204,239
388445,185,655,4185,-568,-1031,-548,239
388450,465,-143,8912,-1120,-1373,-781,239
388455,275,-355,3559,-1141,490,-820,239
388460,74,-3,4334,-827,343,-824,239
388465,51,488,5295,43,577,-908,239
388470,116,-395,767,524,1339,-1059,239
388475,498,301,2152,653,96,-1130,239
388480,129,4,1806,241,218,-1148,239
388485,-614,-624,-604,660,192,-1036,239
388490,-207,-757,1955,381,-1593,-730,239
388495,419,-1880,6131,226,-2909,-454,239
388500,-39,-288,5034,901,-2069,-206,239
388505,93,-177,6955,-20,-2098,-46,239
388510,5,-1110,6750,-44,-1185,-69,239
388515,-52,-719,7304,83,-530,7,239
388520,382,-110,5938,263,383,128,239
388525,569,203,5130,98,1131,106,239
388530,793,-323,2885,146,1804,80,239
388535,795,1293,2526,-124,1585,182,239
388540,1048,1911,3276,617,990,-104,239
388545,389,-995,887,-338,839,-330,239
388550,449,-1079,3592,-606,-539,34,239
388555,329,738,5202,-369,-639,406,239
388560,79,92,3396,-709,-226,247,239
388565,180,-272,6125,-530,-739,123,239
388570,232,427,5571,-637,-267,71,239
388575,-97,372,4672,-716,396,-177,239
388580,89,-587,4461,-647,378,-436,239
388585,549,188,3955,252,221,-595,239
388590,681,-132,5953,76,192,-746,239
388595,144,-1215,2794,-61,812,-714,239
388600,801,-1089,4058,-624,-87,-335,239
388605,309,302,3486,26,-171,-49,239
388610,-55,29,2572,202,-233,-98,239
388615,329,-177,4474,427,-849,-75,239
388620,7,-33,4006,694,-678,-63,239
388625,-111,58,4285,680,-610,-117,239
388630,87,-220,5779,110,-467,-169,239
388635,257,244,4679,587,151,-259,239
388640,356,-217,6039,267,402,-412,239
388645,240,-650,5351,374,1121,-449,239
388650,223,-356,4864,529,1508,-345,239
388655,424,84,3890,243,1586,-240,239
388660,573,-604,3545,-444,1320,-94,239
388665,493,464,2282,781,689,33,239
388670,273,747,2042,640,-125,33,239
388675,651,113,4366,-492,-972,-2,239
388680,255,-650,4524,-175,-915,-122,239
388685,-43,314,4022,116,-904,-186,239
388690,100,323,5013,173,-1005,-367,239
388695,238,-533,6635,407,-648,-507,239
388700,203,-284,4128,507,317,-489,239
388705,627,-581,6463,-189,426,-435,239
388710,390,-1640,3571,-471,1333,-155,239
388715,298,-359,5481,-86,917,294,239
388720,570,407,4383,213,1181,431,240
388725,551,516,2723,362,1003,453,240
388730,-44,516,2799,703,485,343,240
388735,140,-276,3011,643,116,78,240
388740,642,-634,4340,17,-328,8,240
388745,428,-242,4556,440,-426,-78,240
388750,55,-174,4378,544,-383,-216,240
388755,117,-85,5853,443,-307,-284,240
388760,155,-220,4031,561,236,-341,240
388765,296,-310,4560,600,72,-346,240
388770,101,65,4041,413,184,-164,240
388775,-1,-292,4697,559,117,-34,240
388780,-276,-146,2813,1156,385,25,240
388785,295,33,5572,261,-1,135,240
388790,370,-1202,4307,-753,577,320,240
388795,539,-1316,4158,-1328,267,831,240
388800,537,-2,4340,-195,-282,1066,240
388805,672,919,4236,524,-539,911,240
388810,660,811,4222,-23,-564,819,240
388815,303,180,5111,-620,-469,755,240
388820,-13,678,2904,-493,-234,660,240
388825,421,107,4919,-252,-910,345,240
388830,536,227,4429,345,-628,69,240
388835,329,-251,6297,375,-525,-89,240
388840,464,-472,6314,27,147,-68,240
388845,605,-454,5663,59,601,-62,240
388850,278,-622,5726,210,895,-110,240
388855,183,-502,3804,940,1605,-176,240
388860,227,-596,2580,1162,1822,-221,240
388865,229,-63,3964,1218,1468,-168,240
388870,498,329,3293,-190,1741,-100,240
388875,-138,45,-366,220,1583,-210,240
388880,256,363,4521,238,-537,-220,240
388885,515,1623,3793,-92,-375,-110,240
388890,-115,178,3623,-543,-511,-199,240
388895,118,714,4678,-378,-1230,-262,240
388900,577,-379,7704,-414,-1299,-360,240
388905,194,27,5695,-229,-290,-310,240
388910,55,-28,7022,-253,-109,-298,240
388915,106,-959,4200,105,812,-385,240
388920,598,-1637,3764,-410,731,-137,240
388925,476,19,4701,-57,566,296,240
388930,-6,829,1542,-284,941,392,240
388935,-46,435,3704,-185,-45,198,240
388940,-27,61,2948,-65,-149,71,240
388945,135,148,3793,-561,-507,55,240
388950,278,-39,5237,-654,-720,69,240
388955,70,-237,3962,-537,-526,-30,240
388960,362,293,4838,-91,-702,-83,240
388965,427,9,5697,-166,-457,-186,240
388970,318,-427,4684,5,197,-306,240
388975,456,-606,5239,263,247,-332,240
388980,526,-512,4951,155,550,-250,240
388985,301,-640,2769,114,971,-182,240
388990,288,-66,2572,397,276,-104,240
388995,223,-47,4106,661,-201,-138,240
389000,441,700,5382,839,-89,-144,240
389005,229,145,2298,238,159,-221,240
389010,621,-428,6900,-161,-844,-192,240
389015,20,256,6493,270,197,-99,240
389020,-12,22,3860,254,638,-90,241
389025,322,-414,3343,302,336,-93,241
389030,413,-260,2956,-395,339,27,241
389035,191,-349,6556,-322,141,220,241
389040,49,283,2830,-117,583,332,241
389045,399,465,5039,-110,-202,292,241
389050,307,298,5051,480,310,112,241
389055,62,-597,2790,220,763,86,241
389060,72,-758,4759,-616,168,189,241
389065,58,-619,3558,-829,314,383,241
389070,53,218,4392,-286,-89,508,241
389075,259,1097,3885,-165,-168,351,241
389080,380,410,5384,-305,-264,75,241
389085,257,359,4439,-691,184,-93,241
389090,529,322,4175,-132,226,-336,241
389095,628,-51,4448,337,-214,-651,241
389100,476,-349,5997,401,-318,-819,241
389105,287,-450,4351,481,274,-917,241
389110,576,-775,4158,19,98,-844,241
389115,498,-830,5594,-41,-229,-605,241
389120,253,-692,3813,306,414,-396,241
389125,23,-283,3597,374,581,-154,241
389130,-169,153,4048,135,364,127,241
389135,172,430,3985,-284,424,220,241
389140,185,408,2962,-683,654,152,241
389145,65,-419,6444,-979,112,227,241
389150,-308,609,2503,-735,795,314,241
389155,62,1372,3705,-68,47,103,241
389160,560,1229,4255,23,-67,-293,241
389165,-117,-876,2677,-142,329,-622,241
389170,402,-999,4224,-127,-288,-601,241
389175,419,7,4250,-47,-534,-479,241
389180,426,-1168,7371,-276,-744,-572,241
389185,83,-1693,3609,-170,208,-412,241
389190,212,-655,5692,-811,-316,54,241
389195,268,197,4998,-633,156,253,241
389200,298,496,3023,191,401,173,241
389205,171,697,3345,567,-17,72,241
389210,178,620,4070,622,-137,-63,241
389215,440,638,4499,-56,153,-325,241
389220,58,-531,1732,-279,281,-461,241
389225,113,-204,5235,-631,-863,-356,241
389230,45,-390,5062,-280,-196,-311,241
389235,-14,-223,4739,42,104,-167,241
389240,506,489,6280,-358,77,-18,241
389245,406,-566,3216,-741,803,-56,241
389250,491,-163,4385,-522,182,18,241
389255,448,212,5670,-107,164,-47,241
389260,204,262,2916,227,674,-189,241
389265,186,227,3950,299,98,-344,241
389270,106,-483,3720,515,95,-570,241
389275,388,-501,3963,198,-38,-582,241
389280,291,-612,4513,298,-256,-483,241
389285,44,-1159,4686,743,-108,-427,241
389290,149,-885,3674,1280,79,-268,241
389295,530,-186,6270,858,-236,-50,241
389300,420,61,5781,415,477,77,241
389305,71,21,3778,421,905,146,241
389310,216,155,4897,745,575,128,241
389315,297,-47,2787,595,867,150,241
389320,162,307,3378,131,424,232,241
389325,-161,247,1495,68,200,230,241
389330,228,-93,4171,-216,-581,207,241
389335,24,167,3034,40,-371,126,241
389340,646,562,6491,1047,-1004,-208,241
389345,471,-346,5248,814,-605,-400,241
389350,-37,-1701,3613,556,-197,-328,242
389355,-112,-773,4397,197,-443,-35,242
389360,55,-387,4253,-525,-532,190,242
389365,-163,143,4654,-510,-575,286,242
389370,-88,-277,5255,-359,-381,318,242
389375,202,758,3371,-199,-65,401,242
389380,563,1190,4955,69,-450,220,242
389385,375,1002,4889,145,-119,-61,242
389390,313,365,5269,783,149,-409,242
389395,298,126,2760,845,521,-563,242
389400,268,-353,2939,598,69,-682,242
389405,419,-901,5434,142,-113,-668,242
389410,181,-625,3061,-35,497,-454,242
389415,172,-513,4343,233,-227,-289,242
389420,184,-190,3461,296,-390,-164,242
389425,238,-672,4362,-185,-493,-11,242
389430,200,-647,2946,-107,-393,228,242
389435,81,226,4267,96,-834,386,242
389440,286,1151,5536,764,-1042,226,242
389445,174,1087,5652,750,-794,-119,242
389450,685,-668,6653,-152,-484,-401,242
389455,362,-766,4978,-223,205,-346,242
389460,379,-967,3191,-199,38,-113,242
389465,256,-368,4547,-247,-498,201,242
389470,113,167,3462,6,-157,394,242
389475,124,-46,1710,222,-163,413,242
389480,633,55,5605,-377,-748,480,242
389485,234,-181,3880,-114,294,558,242
389490,586,978,6090,142,57,481,242
389495,478,250,7336,311,231,205,242
389500,594,-333,4713,560,1024,43,242
389505,264,-290,3912,821,990,-40,242
389510,-93,-633,2839,162,948,-16,242
389515,-29,-1052,1247,-219,614,101,242
389520,-44,-10,3581,-201,-389,301,242
389525,-173,847,2360,-138,-406,254,242
389530,-35,1123,4095,11,-802,15,242
389535,-12,339,3059,-446,-777,-161,242
389540,61,499,5533,-765,-1169,-196,242
389545,-45,-166,5721,-739,-731,-238,242
389550,13,339,4051,68,-566,-227,242
389555,672,274,4155,148,-977,-282,242
389560,828,-341,7396,-518,-932,-289,242
389565,306,-150,2613,-1252,367,-148,242
389570,188,-224,4135,-693,-352,-251,242
389575,149,28,4206,-94,-331,-324,242
389580,147,-371,1331,158,4,-410,242
389585,393,-999,4112,514,-785,-436,242
389590,456,-975,5057,-223,-626,-212,242
389595,12,-958,3195,-506,-135,76,242
389600,21,-71,4368,-153,-613,242,242
389605,523,372,6102,-10,-792,297,242
389610,222,1043,5579,542,-397,174,242
389615,127,645,4536,-170,84,21,242
389620,180,177,4086,-193,279,-164,242
389625,236,-68,2371,210,71,-327,242
389630,439,221,2837,451,-438,-392,242
389635,587,-387,4767,595,-626,-560,242
389640,115,-884,2171,925,-308,-666,242
389645,765,-907,5808,162,-1166,-512,242
389650,617,-764,5080,-352,-799,-232,242
389655,-41,-384,5784,-245,-692,-33,242
389660,167,351,4201,312,-441,35,242
389665,598,820,7427,-16,-584,4,242
389670,579,98,5481,-431,715,-35,242
389675,-5,444,1751,-617,1226,85,243
389680,353,324,5063,54,269,24,243
389685,368,-558,3018,728,820,-246,243
389690,271,12,3405,610,491,-274,243
389695,437,-20,7769,-606,25,-201,243
389700,-131,-600,1389,-667,1351,-238,243
389705,17,-994,4587,41,93,-158,243
389710,369,-1004,3144,247,268,153,243
389715,-8,-544,2007,-58,32,517,243
389720,392,300,6042,-29,-972,678,243
389725,285,791,4261,-768,-423,676,243
389730,-112,1033,3930,-646,-614,469,243
389735,-12,1067,4758,-820,-643,107,243
389740,-288,580,2676,-372,-90,-308,243
389745,502,330,6859,-708,-518,-595,243
389750,985,-1392,3613,-866,491,-730,243
389755,743,-890,7452,-345,-158,-536,243
389760,698,189,5794,482,506,-456,243
389765,817,102,7092,409,616,-498,243
389770,584,-1790,4167,455,1331,-503,243
389775,635,-2070,3477,507,1105,-163,243
389780,521,-743,4498,806,737,254,243
389785,130,-164,3092,665,987,455,243
389790,196,-95,3131,830,571,432,243
389795,285,650,2702,885,347,323,243
389800,249,184,3008,118,173,175,243
389805,-88,687,2905,-309,-85,100,243
389810,-372,893,3057,-665,-478,13,243
389815,53,1210,4735,-385,-771,-177,243
389820,-114,596,4357,-504,-639,-392,243
389825,590,1271,5420,-547,-914,-527,243
389830,423,-274,5361,-1149,-427,-593,243
389835,284,107,5306,-846,-551,-536,243
389840,396,-693,5187,-432,-284,-527,243
389845,-76,-288,3316,-40,161,-409,243
389850,-76,-2275,3138,-27,54,-314,243
389855,117,-1911,2592,311,-208,13,243
389860,409,9,4439,423,-389,340,243
389865,726,-439,5682,-537,30,415,243
389870,173,147,1008,26,638,383,243
389875,544,377,8601,814,-1114,103,243
389880,839,-182,6033,136,91,-17,243
389885,-11,-44,4068,-247,563,43,243
389890,427,725,5240,112,-38,-3,243
389895,21,419,2811,592,406,-249,243
389900,223,111,1902,271,-40,-371,243
389905,647,221,4097,-239,-578,-333,243
389910,-10,-107,3637,-572,-61,-267,243
389915,156,155,5143,-34,-532,-292,243
389920,395,796,3711,258,-461,-435,243
389925,132,456,4170,-195,-214,-555,243
389930,72,-781,5370,-22,401,-566,243
389935,739,-9,4297,-19,576,-474,243
389940,654,-276,6457,-36,-208,-463,243
389945,121,141,3145,84,509,-386,243
389950,-175,-14,2921,1429,134,-567,243
389955,1029,-490,6459,199,-708,-640,243
389960,652,-1650,2916,-638,360,-425,243
389965,179,-514,6686,107,-590,-240,243
389970,469,415,5035,-191,158,-221,243
389975,598,25,4071,94,479,-309,243
389980,493,148,5182,84,285,-268,244
389985,155,36,3281,292,779,-300,244
389990,25,-392,3041,456,609,-288,244
389995,-262,-70,1627,1027,273,-199,244
390000,86,-393,3980,830,-434,-103,244
390005,152,-444,2281,667,-385,24,244
390010,111,-41,2698,742,-971,76,244
390015,771,-315,14965,-86,-2192,210,244
390020,391,-216,1156,-793,1069,467,244
390025,75,415,6333,-620,-450,499,244
390030,1018,904,9603,-280,-342,344,244
390035,299,568,2746,-16,1883,91,244
390040,245,840,3383,338,1077,-168,244
390045,457,-375,1851,889,638,-471,244
390050,457,-177,880,1169,292,-518,244
390055,91,-1077,896,1200,-104,-532,244
390060,57,-1532,1251,1159,-871,-259,244
390065,-248,-1707,1395,881,-1258,166,244
390070,676,322,9393,-596,-2036,624,244
390075,78,-1097,4230,-624,-368,876,244
390080,-5,1404,8673,-161,-1439,1056,244
390085,782,1928,7956,543,-480,632,244
390090,573,1029,5163,307,320,183,244
390095,441,791,3601,-527,602,-19,244
390100,4,427,637,22,470,-336,244
390105,969,437,5469,-97,-1230,-601,244
390110,765,252,3788,-202,-747,-676,244
390115,382,-421,5236,-779,-894,-656,244
390120,466,-448,6981,-74,-913,-669,244
390125,264,-1120,5175,755,-198,-687,244
390130,419,-1291,6604,571,-40,-475,244
390135,195,-1369,2788,77,958,-96,244
390140,-14,-739,3005,-460,718,277,244
390145,50,-85,3724,-180,571,470,244
390150,500,916,3825,451,635,504,244
390155,287,436,3727,435,719,372,244
390160,307,231,3742,510,483,272,244
390165,362,507,3154,912,483,182,244
390170,411,-615,2022,1106,-37,44,244
390175,572,-659,4836,947,-1091,89,244
390180,764,161,8074,-13,-1272,299,244
390185,282,300,5784,-865,-483,404,244
390190,-117,599,4825,-1171,-338,306,244
390195,-53,603,5002,-823,-166,63,244
390200,-90,389,2198,-349,476,-179,244
390205,272,372,2087,-275,-22,-363,244
390210,710,182,2950,-527,-426,-476,244
390215,28,-56,2177,-611,-202,-503,244
390220,-217,-296,4252,-407,-887,-460,244
390225,298,-138,4394,-850,-1005,-321,244
390230,116,-451,7329,-655,-754,-196,244
390235,201,-1045,4394,-215,-5,-116,244
390240,652,-836,5502,125,-534,76,244
390245,679,333,5827,188,-208,246,244
390250,719,1004,5701,267,35,126,244
390255,882,-606,6167,959,-142,-321,244
390260,499,-594,4442,1123,441,-388,244
390265,327,-1286,2580,1036,534,-390,244
390270,185,-782,3561,700,227,-260,244
390275,73,-542,3212,564,362,-130,244
390280,249,-678,2854,570,195,91,244
390285,378,542,5129,684,-251,306,244
390290,1267,1696,8297,-165,256,256,244
390295,180,-348,3284,-523,1701,83,244
390300,241,-900,4652,-589,343,463,244
390305,523,993,4002,-418,332,758,245
390310,352,324,1589,290,469,405,245
390315,-187,1786,2901,-305,-655,520,245
390320,-149,668,3152,-1473,-977,235,245
390325,-244,440,836,-1157,-1023,-137,245
390330,-69,-541,4731,-589,-1725,-416,245
390335,8,-131,4596,38,-1163,-520,245
390340,1485,-1717,4620,786,-641,-674,245
390345,1383,-2294,12520,640,-403,-797,245
390350,912,-663,8014,1362,2027,-738,245
390355,807,-3498,5132,732,1767,-496,245
390360,1565,-2356,2953,172,1345,573,245
390365,1307,1174,5793,50,785,1351,245
390370,980,373,4437,981,891,1356,245
390375,522,1162,4543,1311,468,1424,245
390380,56,531,2226,1101,832,1127,245
390385,-85,1417,2170,1135,572,797,245
390390,-69,493,2699,927,591,359,245
390395,197,1169,3057,754,601,-64,245
390400,-309,604,2420,365,946,-663,245
390405,-155,395,3870,41,747,-1170,245
390410,-270,88,6429,-244,963,-1490,245
390415,151,551,6909,-1535,1597,-1375,245
390420,408,-2640,3363,-1417,1985,-1086,245
390425,670,1233,8375,-1385,874,-36,245
390430,102,545,3010,-219,1817,-112,245
390435,730,-508,6368,484,259,-218,245
390440,-160,-90,1748,289,785,71,245
390445,-225,-575,169,371,-264,-31,245
390450,799,-882,2349,1056,-1995,-217,245
390455,1049,771,3848,1250,-2135,-459,245
390460,540,435,6983,1157,-1725,-883,245
390465,490,-59,7730,-1018,-743,-831,245
390470,-6,-480,4974,-681,543,-797,245
390475,-289,-1409,7556,-531,128,-645,245
390480,418,-342,3465,50,1342,-169,245
390485,350,-119,4107,91,1170,199,245
390490,-22,631,3435,148,1249,386,245
390495,-67,169,2108,592,1356,269,245
390500,-65,-77,1631,626,616,223,245
390505,782,327,4965,-672,-229,240,245
390510,182,500,1982,-451,314,68,245
390515,69,517,5183,-50,-893,-315,245
390520,-42,418,3538,54,-379,-611,245
390525,-369,-1,3397,70,-382,-795,245
390530,260,-1211,6030,7,-832,-800,245
390535,478,-128,3106,302,-383,-518,245
390540,228,571,4730,158,-730,-443,245
390545,471,-416,7177,774,-702,-516,245
390550,336,-770,4532,1242,381,-463,245
390555,375,-1055,5439,1255,548,-234,245
390560,463,-845,4571,740,1020,89,245
390565,141,-677,2517,486,1412,359,245
390570,87,-223,4049,835,986,545,245
390575,98,40,2965,1060,1115,557,245
390580,172,290,4329,392,976,534,245
390585,151,-68,3515,-769,1237,609,245
390590,-187,628,2689,-1268,910,796,245
390595,-140,1312,4504,-526,76,707,245
390600,657,2116,3655,237,-276,307,245
390605,684,1121,5319,-263,-608,-337,246
390610,132,567,4768,-538,-104,-625,246
390615,-8,628,4303,-417,-352,-846,246
390620,369,-396,5135,185,-669,-1219,246
390625,360,-468,3789,575,-166,-1283,246
390630,-85,-1268,3477,973,-109,-1206,246
390635,44,-2431,3510,1390,-188,-950,246
390640,513,-505,7697,1076,-643,-560,246
390645,415,-1285,3054,475,750,-217,246
390650,106,-531,7248,553,426,163,246
390655,280,-357,4449,694,924,264,246
390660,645,-9,5160,938,616,390,246
390665,125,672,2468,862,1160,520,246
390670,-332,420,1024,582,807,484,246
390675,-276,895,3147,281,-141,398,246
390680,186,530,1962,-493,-220,258,246
390685,-73,64,3711,-291,-582,95,246
390690,76,-79,4362,133,-767,77,246
390695,1430,2589,8090,440,-1780,-224,246
390700,793,10,9245,108,-1353,-1046,246
390705,163,-1044,4399,207,242,-1131,246
390710,904,197,5385,196,-463,-1018,246
390715,1111,67,5662,1263,-425,-1201,246
390720,437,-1387,2238,1111,224,-1153,246
390725,-138,-1737,1295,680,-366,-774,246
390730,96,-599,2721,1114,-1312,-394,246
390735,269,-656,3272,1498,-1366,-181,246
390740,-97,-141,4688,1180,-1224,109,246
390745,-597,86,3531,875,-778,240,246
390750,-383,635,5950,671,-1003,244,246
390755,42,253,4967,683,-559,140,246
390760,1016,-490,5824,-76,-298,189,246
390765,360,-350,5487,-1327,341,744,246
390770,-39,415,3882,-1464,561,1185,246
390775,97,831,3448,-553,230,944,246
390780,1030,2377,4873,153,-90,496,246
390785,886,1030,4602,67,152,-45,246
390790,376,836,2116,-383,154,-480,246
390795,431,-721,5139,-46,-954,-896,246
390800,380,-113,5297,875,-867,-966,246
390805,415,-839,4796,658,-579,-1040,246
390810,686,-634,7709,110,-584,-819,246
390815,665,-1439,2392,-205,425,-617,246
390820,814,-1589,6992,-686,-417,-135,246
390825,171,427,4059,-151,460,265,246
390830,158,504,3225,-201,422,253,246
390835,6,716,3331,-378,94,332,246
390840,-375,2243,2493,112,17,211,246
390845,-82,552,2460,380,-494,-245,246
390850,92,-260,2735,299,-922,-471,246
390855,243,-1207,1968,137,-775,-402,246
390860,-56,-1474,3935,628,-1230,-52,246
390865,-325,-692,4386,706,-1414,405,246
390870,371,-5,8517,-365,-1717,743,246
390875,599,481,8266,-716,-544,847,246
390880,363,956,8448,-594,272,661,246
390885,219,529,5342,-307,1254,300,246
390890,666,-25,4947,-462,1432,105,246
390895,529,1724,1764,145,1532,4,246
390900,666,1813,1108,996,654,-628,246
390905,669,-181,2836,1277,-471,-1217,246
390910,47,-2270,764,1132,-955,-1071,246
390915,969,774,7559,-374,-2174,-617,246
390920,-4,-871,1301,-435,-1022,-611,246
390925,285,-1331,7353,-596,-2152,-389,246
390930,57,-199,7440,-157,-1281,-82,246
390935,-177,-41,3587,342,-239,-42,247
390940,1107,2042,8664,82,-774,-135,247
390945,216,-1067,5294,-198,1002,-346,247
390950,369,590,3926,-259,1199,-91,247
390955,371,492,4761,-187,1116,-69,247
390960,389,-301,1757,-103,1453,-60,247
390965,304,-376,1553,-164,859,162,247
390970,-152,419,2009,-299,380,429,247
390975,-335,381,1250,-485,-50,382,247
390980,-252,132,2496,112,-885,204,247
390985,267,773,5455,756,-1703,-70,247
390990,832,-419,7535,492,-1504,-480,247
390995,-164,-2275,2336,651,-498,-549,247
391000,512,319,7427,555,-1453,-382,247
391005,1196,517,8007,423,-489,-488,247
391010,821,-420,5903,-131,349,-484,247
391015,371,-1142,3327,-262,596,-350,247
391020,65,301,3317,-43,490,-71,247
391025,-73,365,2706,-53,407,-46,247
391030,402,-407,3812,18,-151,-2,247
391035,239,257,2005,398,-93,266,247
391040,347,497,1282,301,-495,340,247
391045,650,127,4384,625,-1235,219,247
391050,757,1167,6198,-183,-1299,63,247
391055,20,1465,7570,-565,-959,-227,247
391060,-56,331,6066,-784,-489,-500,247
391065,-153,118,3872,-373,108,-658,247
391070,332,-1023,1977,189,-146,-677,247
391075,447,-941,2714,40,-917,-383,247
391080,277,-74,5869,-365,-1170,-63,247
391085,159,-185,5071,-394,-456,91,247
391090,392,615,3207,-985,-393,186,247
391095,763,1041,10189,-561,-921,-31,247
391100,721,818,5484,-552,1129,-314,247
391105,415,635,4808,-188,1300,-648,247
391110,227,-238,3668,257,1488,-986,247
391115,98,-675,1353,987,1497,-1057,247
391120,182,-1888,392,848,511,-791,247
391125,655,-410,5515,159,-740,-249,247
391130,453,-1197,2362,-794,122,225,247
391135,175,971,3205,-827,-427,733,247
391140,421,1974,7943,-125,-1291,502,247
391145,461,1035,3419,-148,40,-35,247
391150,788,1196,6572,35,-409,-460,247
391155,662,550,5950,55,69,-832,247
391160,274,-768,2876,-287,731,-1033,247
391165,701,-1845,3841,469,-9,-927,247
391170,448,-1044,1432,616,-178,-506,247
391175,360,208,5164,256,-1069,-75,247
391180,167,-263,4214,14,-475,126,247
391185,-124,130,3587,207,-245,261,247
391190,-10,762,5455,112,-664,301,247
391195,575,1173,6675,-171,-42,132,247
391200,-223,92,1359,-113,1309,-179,247
391205,566,24,4315,-334,280,-328,247
391210,759,628,6983,143,333,-406,247
391215,518,665,4436,133,1101,-538,247
391220,644,-1157,4929,-60,906,-585,247
391225,978,-2134,5425,251,913,-230,247
391230,50,-430,1947,710,1258,323,247
391235,283,-244,4823,-71,91,610,247
391240,141,-79,4383,60,402,661,247
391245,230,1037,2156,832,650,499,247
391250,474,147,3031,827,-91,110,247
391255,329,609,5859,789,-288,-95,247
391260,91,388,3732,53,627,-239,248
391265,425,454,6215,-338,327,-288,248
391270,433,189,6744,-191,658,-370,248
391275,229,-156,2942,-493,1414,-317,248
391280,217,596,3496,-365,718,-178,248
391285,230,183,3435,903,506,-405,248
391290,576,11,2849,1003,98,-390,248
391295,435,-767,4285,559,-506,-242,248
391300,28,-1003,2079,1030,-315,-122,248
391305,71,-92,5409,868,-1065,36,248
391310,155,316,7144,-572,-338,94,248
391315,-13,672,5108,-393,672,24,248
391320,470,1234,6558,-201,100,-137,248
391325,463,-544,2305,225,987,-441,248
391330,446,543,3312,521,310,-432,248
391335,274,826,4782,177,-30,-463,248
391340,143,-204,1530,17,401,-582,248
391345,404,-1253,2604,-507,-645,-397,248
391350,463,-574,6858,170,-1442,0,248
391355,211,-78,3198,555,-444,184,248
391360,395,-25,6580,274,-1504,222,248
391365,290,164,7361,113,-860,275,248
391370,60,514,5322,208,457,194,248
391375,646,1052,6020,533,535,-120,248
391380,579,-510,4044,753,1074,-510,248
391385,381,-574,1758,601,1233,-429,248
391390,-56,-202,2685,551,769,-233,248
391395,201,287,2636,185,464,-26,248
391400,410,466,3089,-142,227,69,248
391405,391,-1058,6018,-1127,-111,353,248
391410,632,338,6513,-144,46,631,248
391415,176,1465,5487,-229,210,601,248
391420,236,1884,6764,-117,386,217,248
391425,447,-90,2763,127,1364,-315,248
391430,430,-898,3295,413,600,-362,248
391435,224,-569,3164,296,261,-226,248
391440,213,-261,2133,-279,86,35,248
391445,13,452,3754,-184,-732,117,248
391450,-47,316,2655,-82,-957,-63,248
391455,546,288,6631,-468,-1294,-126,248
391460,189,536,4178,-651,-347,-258,248
391465,-58,-791,4166,-685,-447,-378,248
391470,410,-62,5508,-760,-687,-82,248
391475,566,1598,5186,-736,-397,-13,248
391480,410,-763,3532,-519,-123,-196,248
391485,327,199,4098,-491,-459,3,248
391490,-156,247,2823,-580,-203,72,248
391495,-127,-189,3806,-599,-358,-11,248
391500,78,-198,2999,139,-384,-176,248
391505,479,-454,3897,615,-653,-286,248
391510,193,-443,2823,1171,-557,-316,248
391515,382,-964,5284,1394,-1064,-288,248
391520,512,342,7197,316,-835,15,248
391525,768,-380,6694,-495,232,201,248
391530,678,650,5371,-662,190,405,248
391535,686,578,6418,-1070,139,402,248
391540,381,692,4905,-201,836,230,248
391545,558,844,1636,536,630,-69,248
391550,848,-242,3804,153,-313,-194,248
391555,192,-266,2369,444,69,-149,248
391560,-25,-94,2689,717,-367,-118,248
391565,138,-458,2824,536,-758,-85,249
391570,114,198,4479,435,-845,-80,249
391575,232,-3,5197,-202,-488,-102,249
391580,-40,-587,1710,206,-147,-104,249
391585,74,321,7302,480,-1317,-97,249
391590,430,-233,6044,466,-388,-152,249
391595,703,-1139,5448,-382,-284,129,249
391600,228,-234,3844,-513,-179,626,249
391605,432,1256,4510,-558,-513,922,249
391610,575,1494,4281,-290,-112,750,249
391615,311,839,3132,63,417,370,249
391620,268,476,4745,-62,230,83,249
391625,328,424,3840,-415,648,-157,249
391630,443,-83,3904,60,842,-491,249
391635,293,-116,3736,526,977,-840,249
391640,462,-942,4322,1116,657,-1153,249
391645,1604,163,8685,-780,237,-642,249
391650,471,-615,1672,-780,1387,-130,249
391655,218,357,5153,-331,-378,260,249
391660,607,-156,4443,-674,-161,321,249
391665,389,817,4384,-939,-424,433,249
391670,-50,1253,4036,-875,-481,212,249
391675,-117,682,2133,-187,-279,-237,249
391680,361,268,3287,543,-657,-624,249
391685,451,872,4297,1354,-341,-1125,249
391690,212,-920,3050,1084,424,-1300,249
391695,715,-601,9180,-373,244,-978,249
391700,135,-1926,3192,563,1264,-683,249
391705,496,-731,6771,-161,-178,-54,249
391710,-62,-637,3931,-925,697,391,249
391715,-141,433,5101,-664,204,706,249
391720,219,987,3515,-532,356,768,249
391725,-36,1088,3293,-402,571,602,249
391730,71,1009,1512,180,481,140,249
391735,740,57,5234,721,-450,-265,249
391740,488,513,5847,193,-64,-431,249
391745,319,566,2385,-1245,572,-512,249
391750,658,722,8109,-1131,-260,-690,249
391755,681,122,4713,-564,776,-920,249
391760,625,35,4209,-526,695,-849,249
391765,347,383,7354,-92,426,-694,249
391770,-87,-1377,1214,38,1877,-619,249
391775,300,-1679,728,227,538,-282,249
391780,593,-340,3404,716,-755,78,249
391785,173,-668,3069,438,-240,203,249
391790,-404,-755,1678,475,-73,287,249
391795,1,-664,2995,1014,-950,270,249
391800,591,1512,7475,627,-1282,274,249
391805,-59,483,1292,-399,67,26,249
391810,522,2421,9193,-921,-1333,-24,249
391815,453,-370,9534,-419,-215,-273,249
391820,128,894,2371,407,1152,-346,249
391825,491,915,7381,447,-44,-442,249
391830,740,290,5902,-186,1080,-573,249
391835,400,-559,2601,55,1901,-679,249
391840,617,-2471,3116,724,1031,-678,249
391845,538,200,3316,1223,861,-481,249
391850,615,-1725,2559,640,793,-478,249
391855,1112,-924,5219,-364,91,-37,249
391860,330,-15,4523,-420,481,244,249
391865,-52,-422,4726,-258,181,362,250
391870,437,863,5578,819,-19,344,250
391875,193,1395,3620,641,468,183,250
391880,161,479,3978,605,309,-81,250
391885,99,433,5501,522,536,-355,250
391890,-157,-505,847,72,1041,-405,250
391895,-270,-155,3827,-561,-205,-92,250
391900,-120,306,2992,-247,123,55,250
391905,23,45,2428,650,-21,-76,250
391910,379,1078,5443,163,-449,-16,250
391915,-89,539,5183,278,-38,-216,250
391920,104,226,4251,389,172,-429,250
391925,294,-320,3763,782,72,-651,250
391930,804,-1602,4025,415,-249,-581,250
391935,593,789,6058,544,-520,-432,250
391940,504,-250,5464,529,-14,-618,250
391945,133,-743,3905,607,14,-476,250
391950,134,-607,4134,287,-104,-191,250
391955,68,-149,2914,469,-85,58,250
391960,151,-23,1189,1060,-616,142,250
391965,467,579,3118,819,-1538,207,250
391970,564,-1112,3962,-795,-1446,350,250
391975,853,-47,8144,-879,-1403,689,250
391980,641,2363,7631,-904,-907,767,250
391985,104,1329,7202,-89,-428,226,250
391990,267,1056,6058,402,533,-232,250
391995,374,-443,4534,373,1344,-438,250
392000,19,-308,723,765,1529,-455,250
392005,138,-1284,1624,1525,563,-562,250
392010,537,328,3099,1672,-78,-446,250
392015,718,-775,5816,868,9,-445,250
392020,44,-1198,1079,-395,902,-60,250
392025,439,-603,5326,380,-587,299,250
392030,260,514,6827,555,-905,438,250
392035,266,1470,3357,-636,233,472,250
392040,53,1151,3571,-1156,-454,478,250
392045,34,7,2202,-822,-839,551,250
392050,173,2794,3857,-550,-1192,484,250
392055,198,125,5470,-851,-1177,13,250
392060,265,1580,5292,-336,-902,-271,250
392065,180,142,5966,-622,-411,-651,250
392070,220,-2244,2774,-305,56,-790,250
392075,556,-1739,2171,-333,-544,-195,250
392080,-59,-25,1506,57,-951,344,250
392085,350,494,3285,820,-1569,445,250
392090,908,118,7017,14,-2180,421,250
392095,501,95,6033,-68,-1696,381,250
392100,43,260,6428,246,-1323,186,250
392105,209,222,5359,862,-894,-138,250
392110,267,490,4059,1360,-468,-379,250
392115,389,386,4536,1303,-223,-649,250
392120,204,475,5522,702,255,-763,250
392125,-22,-884,2716,751,1036,-823,250
392130,445,-871,5539,1075,583,-638,250
392135,1668,-919,4831,-507,1239,-176,250
392140,646,359,5836,-780,1204,600,250
392145,847,130,2421,-811,915,1003,250
392150,658,673,2819,-112,247,846,250
392155,607,1267,3389,337,-477,618,250
392160,762,882,5321,-97,-871,323,250
392165,247,51,3916,-458,-525,205,251
392170,213,312,5515,58,-759,26,251
392175,134,1160,3336,1190,-442,-423,251
392180,215,-806,3830,1370,-608,-790,251
392185,284,-602,5117,887,-577,-588,251
392190,180,52,5892,-21,-99,-417,251
392195,-93,-1232,2518,-30,457,-337,251
392200,107,-938,4697,-485,-270,58,251
392205,159,285,3062,-483,2,525,251
392210,29,1571,2221,-245,-342,673,251
392215,291,-1394,2920,-308,-919,544,251
392220,354,-170,3979,-56,-1198,968,251
392225,330,-267,2916,301,-1381,1150,251
392230,1218,2858,10817,-385,-2151,1229,251
392235,1219,2434,7674,-419,-86,521,251
392240,316,-382,6273,-396,794,-269,251
392245,694,179,7133,-462,1080,-352,251
392250,155,355,3292,-26,2257,-579,251
392255,225,-404,662,195,1904,-832,251
392260,-172,156,1312,-71,673,-959,251
392265,719,-1106,1444,731,54,-1215,251
392270,1001,-208,4267,507,-745,-832,251
392275,136,-164,550,137,-780,-339,251
392280,17,-1205,5299,181,-1867,-111,251
392285,542,309,8723,28,-1641,262,251
392290,1274,1090,6105,-784,-342,359,251
392295,342,1320,7448,-1165,-89,236,251
392300,-315,855,4471,-431,871,-252,251
392305,703,318,2894,85,760,-766,251
392310,719,-472,3573,521,693,-1021,251
392315,-501,-761,1639,278,841,-774,251
392320,-373,-489,1912,693,-137,-453,251
392325,898,433,4609,762,-906,-343,251
392330,-74,138,3379,250,-377,-199,251
392335,-243,-560,2031,581,-367,-229,251
392340,403,-59,6723,11,-1219,-219,251
392345,637,-763,8129,-83,-509,-169,251
392350,184,757,3984,410,360,-39,251
392355,1350,1021,10252,-625,-533,-26,251
392360,463,-283,5436,-467,1293,14,251
392365,44,150,3354,-140,1728,147,251
392370,399,331,4366,245,1289,221,251
392375,279,615,2350,732,1681,109,251
392380,298,-174,-684,865,1453,-140,251
392385,823,-754,2310,584,164,-154,251
392390,259,-1634,1249,599,137,-11,251
392395,-423,125,1889,787,-677,233,251
392400,374,157,8715,301,-2089,228,251
392405,705,993,7308,-1009,-827,312,251
392410,260,1654,5943,-123,17,103,251
392415,870,1975,9704,354,-302,-381,251
392420,300,365,4312,254,1617,-813,251
392425,162,355,4913,323,1795,-1053,251
392430,323,142,3925,72,2044,-1147,251
392435,659,-1175,1599,-444,2120,-1083,251
392440,701,-57,3459,476,1239,-849,251
392445,312,-639,2279,728,1093,-607,251
392450,-45,-992,1594,584,445,-247,251
392455,81,-968,2474,358,-385,177,251
392460,115,339,2617,717,-930,426,251
392465,565,1351,8150,-180,-1231,362,252
392470,76,1172,4645,-254,-152,54,252
392475,-130,339,6543,-528,-526,-189,252
392480,-154,-251,2524,487,354,-398,252
392485,592,-12,4862,1384,-489,-416,252
392490,790,96,6417,344,-288,-216,252
392495,286,-979,3485,25,914,-152,252
392500,343,-385,3910,830,501,-75,252
392505,345,456,3937,1787,332,-118,252
392510,932,878,6145,218,600,-184,252
392515,365,-745,3508,-760,1633,-156,252
392520,290,26,4490,-424,916,29,252
392525,184,986,4377,-107,932,145,252
392530,176,326,4039,744,864,-35,252
392535,520,-274,1337,922,781,-7,252
392540,434,-65,3088,315,-408,347,252
392545,-100,109,3221,802,-341,531,252
392550,-351,502,779,40,-119,666,252
392555,67,493,3653,240,-1265,428,252
392560,261,1325,7364,773,-1388,129,252
392565,140,-29,5579,22,-343,-163,252
392570,-40,-118,5469,216,-121,-290,252
392575,271,-709,5179,97,7,-269,252
392580,410,241,4311,172,125,-85,252
392585,411,1015,4580,96,277,-170,252
392590,377,668,4438,-235,469,-364,252
392595,21,-357,4344,-326,591,-421,252
392600,275,-163,3112,-333,648,-145,252
392605,782,652,5059,-819,207,79,252
392610,874,1089,4189,2,518,-53,252
392615,523,355,3289,-158,401,-238,252
392620,551,630,5783,-423,-66,-314,252
392625,365,677,3846,-555,380,-447,252
392630,157,369,2857,-172,77,-699,252
392635,449,-110,5325,27,-456,-805,252
392640,240,-495,2405,198,136,-736,252
392645,-171,34,3871,-152,-231,-636,252
392650,445,-589,5706,-1146,-392,-507,252
392655,424,-1793,6962,-930,97,-208,252
392660,-90,369,4380,-34,631,148,252
392665,160,189,4340,-64,418,158,252
392670,718,370,3883,16,64,168,252
392675,353,600,2030,289,-17,111,252
392680,-135,689,702,221,-628,42,252
392685,-126,304,2962,360,-1745,-207,252
392690,164,-70,6071,-344,-1768,-360,252
392695,-162,477,2570,-558,-323,-425,252
392700,766,542,9166,-817,-1196,-607,252
392705,750,369,7474,-306,278,-774,252
392710,303,-439,5184,-344,1302,-778,252
392715,305,-292,3671,222,1305,-648,252
392720,540,-567,3511,342,971,-443,252
392725,334,-328,1966,548,907,-174,252
392730,193,-525,2493,985,419,5,252
392735,402,-905,1418,1163,27,221,252
392740,234,-164,2737,645,-794,520,252
392745,157,455,4319,255,-1068,579,252
392750,627,88,3230,-1072,-913,680,252
392755,906,1174,10623,-580,-1781,606,252
392760,389,923,5531,-528,-45,234,252
392765,630,1253,7880,-34,-403,-189,253
392770,494,1098,6046,314,480,-624,253
392775,253,-44,3649,534,1197,-891,253
392780,359,-559,3368,150,1228,-845,253
392785,310,-1719,563,247,1212,-608,253
392790,254,-901,3450,-3,102,4,253
392795,30,-381,2019,-35,325,525,253
392800,-152,-136,2005,-269,-111,737,253
392805,-273,756,5901,10,-712,880,253
392810,349,2382,4963,-1135,-29,792,253
392815,420,2017,7262,-894,140,193,253
392820,25,682,6524,42,693,-533,253
392825,436,-254,2087,22,1257,-787,253
392830,687,100,5395,-563,157,-648,253
392835,308,-1312,3329,-416,520,-574,253
392840,466,-1572,1719,-719,78,-179,253
392845,402,-46,3185,-455,-1204,327,253
392850,18,567,2903,-114,-1578,405,253
392855,123,568,3193,190,-1794,239,253
392860,284,115,4869,244,-1828,67,253
392865,49,595,6799,250,-1249,-164,253
392870,-46,716,7630,-734,-401,-416,253
392875,498,913,6574,-1049,496,-659,253
392880,1031,935,8199,-672,1337,-903,253
392885,227,457,1617,192,2679,-1060,253
392890,1104,677,6412,274,1201,-1131,253
392895,217,-1037,277,999,1988,-1171,253
392900,2,-1524,-262,430,560,-660,253
392905,-245,-233,1676,680,-958,-58,253
392910,399,48,6335,-520,-1157,126,253
392915,391,-129,4692,-465,75,171,253
392920,293,523,2101,-579,39,157,253
392925,156,408,5876,-120,-1298,-200,253
392930,677,-808,5358,396,-758,-448,253
392935,431,1117,4919,669,-677,-296,253
392940,149,860,5239,-175,-871,-343,253
392945,511,-483,6432,-485,-468,-537,253
392950,91,-104,3599,-247,-19,-298,253
392955,309,169,6455,-787,-448,-97,253
392960,238,31,3296,-539,672,6,253
392965,240,201,3180,50,565,52,253
392970,410,643,3797,650,236,-91,253
392975,319,-519,1798,702,508,-315,253
392980,729,-278,4996,-655,65,-270,253
392985,124,-21,1194,-874,752,-251,253
392990,830,-708,6829,-714,-503,-249,253
392995,672,-391,8267,18,-163,-99,253
393000,222,-134,4322,249,691,119,253
393005,634,697,6093,61,79,249,253
393010,570,901,4898,27,445,158,253
393015,1252,494,6347,-731,977,-7,253
393020,478,336,4225,-835,1788,-43,253
393025,513,-365,5577,-895,1141,-110,253
393030,472,409,3528,-10,1474,-236,253
393035,4,325,908,232,1394,-261,253
393040,381,684,2804,618,87,-308,253
393045,110,867,2235,855,-12,-516,253
393050,143,-314,2903,1207,-489,-751,253
393055,15,-542,7983,-30,-844,-659,253
393060,175,-1330,5302,270,340,-550,253
393065,182,-700,6572,-187,385,-402,254
393070,576,-409,6849,-286,1233,-324,254
393075,436,-939,4693,-583,1625,-113,254
393080,707,306,5098,-634,1463,308,254
393085,-31,995,2533,288,1899,301,254
393090,215,958,3200,458,1243,159,254
393095,224,862,847,723,944,-70,254
393100,269,469,2383,485,-12,-266,254
393105,110,657,3872,902,-664,-475,254
393110,46,223,2510,48,-521,-562,254
393115,79,34,5309,-86,-1248,-571,254
393120,-298,-10,4740,306,-1038,-611,254
393125,-107,-868,3800,560,-1201,-617,254
393130,-95,151,4066,749,-1353,-379,254
393135,-423,514,3299,985,-1068,-336,254
393140,596,-677,6417,1435,-1440,-443,254
393145,682,-2019,4521,1793,-990,-279,254
393150,734,-627,7840,1229,-1372,8,254
393155,905,-1148,6801,-25,-382,314,254
393160,111,-464,3800,70,26,739,254
393165,233,902,5846,-103,-669,1028,254
393170,217,1082,2180,500,20,887,254
393175,472,1507,3714,830,-639,594,254
393180,627,838,5674,65,-428,254,254
393185,345,50,3598,-194,300,71,254
393190,251,-750,4125,-399,-62,70,254
393195,-146,-197,2394,522,-38,235,254
393200,1007,348,8068,35,-624,272,254
393205,496,-12,4956,-388,387,427,254
393210,276,555,4745,-833,22,651,254
393215,405,749,3422,-696,204,619,254
393220,870,1806,6641,242,-693,401,254
393225,152,613,2871,271,181,-24,254
393230,200,391,4306,-487,-213,-211,254
393235,847,587,8054,-1448,-89,-266,254
393240,336,565,5858,-1520,1506,-390,254
393245,663,-610,5025,-1679,1411,-402,254
393250,696,-837,3687,-1194,1501,-258,254
393255,751,1068,4186,-843,1452,-133,254
393260,-127,1514,2517,-567,1735,-330,254
393265,20,-349,-182,-377,1011,-524,254
393270,-9,554,2180,-563,-258,-383,254
393275,-189,-67,3642,-531,-344,-632,254
393280,602,-342,4569,54,80,-816,254
393285,-389,-1182,686,-1072,221,-655,254
393290,280,-1423,6021,-804,-1652,-375,254
393295,626,42,11349,-548,-1272,50,254
393300,-171,305,3138,-406,951,173,254
393305,-97,663,5575,714,-484,-77,254
393310,410,511,6239,1080,-126,-332,254
393315,-255,-34,1548,457,1094,-402,254
393320,-128,-66,1239,420,150,-394,254
393325,479,977,3686,273,-738,-330,254
393330,180,-470,2068,-38,-304,-429,254
393335,85,254,1813,-93,-755,-387,254
393340,425,828,4610,-547,-1534,-435,254
393345,810,518,10526,-956,-1811,-480,254
393350,1334,-1383,3744,134,-682,-443,254
393355,982,-625,6540,-737,-1270,-8,254
393360,773,-235,9791,-151,-869,302,254
393365,97,-678,2688,25,563,397,255
393370,401,370,4142,-717,-371,581,255
393375,88,607,3051,-647,-46,439,255
393380,145,1156,2710,-282,-31,176,255
393385,734,555,4136,-585,-109,-271,255
393390,577,580,2093,-442,360,-655,255
393395,246,648,4121,-554,-240,-842,255
393400,371,316,6032,169,-774,-1109,255
393405,613,-295,3593,281,-480,-1260,255
393410,400,-2251,4889,440,-1130,-1147,255
393415,-283,-984,4174,791,-1036,-514,255
393420,-126,-745,3952,-97,-820,18,255
393425,-102,-139,3480,-509,-344,316,255
393430,-176,-168,2375,-662,-535,519,255
393435,347,1307,7115,-673,-1085,497,255
393440,177,1330,4095,-657,613,196,255
393445,436,759,5161,-635,611,-178,255
393450,574,1115,5268,-336,580,-519,255
393455,442,1256,5693,-384,955,-768,255
393460,444,574,4211,-56,1528,-1036,255
393465,270,-588,3067,284,1515,-1088,255
393470,561,-309,4095,461,962,-947,255
393475,349,-1063,1244,-406,915,-651,255
393480,322,-1113,4366,-203,25,-449,255
393485,512,228,4937,244,-87,-308,255
393490,486,360,5370,373,162,-529,255
393495,249,-1099,5210,1207,548,-910,255
393500,186,405,5420,1588,953,-895,255
393505,-103,71,2939,870,1458,-766,255
393510,349,-1102,4242,123,976,-625,255
393515,65,-573,1809,1248,1273,-491,255
393520,-168,1602,3457,799,596,-308,255
393525,358,-145,3694,-741,285,59,255
393530,125,205,5411,-601,79,234,255
393535,-123,1269,5036,-198,151,233,255
393540,32,1633,4967,-240,104,63,255
393545,-54,456,3903,-165,385,-327,255
393550,27,-95,3042,-22,358,-545,255
393555,509,-684,5019,-465,-86,-557,255
393560,280,-408,3641,-720,516,-353,255
393565,152,-143,2837,-603,202,-268,255
393570,453,78,5632,-904,-732,-187,255
393575,420,148,5087,-547,-507,-124,255
393580,294,137,4017,-287,-307,-170,255
393585,216,-374,4174,183,-537,-236,255
393590,412,-552,3750,-247,-814,-156,255
393595,491,-706,2794,-834,-1077,12,255
393600,155,-29,4233,-392,-1615,116,255
393605,-14,760,4182,539,-1441,77,255
393610,39,883,5379,-71,-1345,-57,255
393615,67,-770,4431,-1284,-999,-56,255
393620,127,645,5639,-1133,-926,204,255
393625,148,-396,3629,-780,-315,148,255
393630,638,537,6088,461,-1036,176,255
393635,905,513,6991,623,-357,66,255
393640,228,-748,3704,-254,798,29,255
393645,389,-449,4194,-137,483,141,255
393650,265,-102,2519,303,512,134,255
393655,538,226,3710,241,86,80,255
393660,149,186,3245,232,209,-76,255
393665,373,215,5480,205,-162,-205,255
393670,529,471,4364,134,264,-243,255
393675,177,386,4694,-20,424,-325,255
393680,124,446,4537,48,634,-400,255
393685,295,-339,4987,191,772,-438,255
393690,283,-372,4538,348,1049,-323,255
393695,127,215,3258,541,1189,-152,256
393700,182,693,4152,984,590,-216,256
393705,213,-168,3375,907,608,-386,256
393710,234,-599,3382,527,242,-302,256
393715,504,-1364,5833,-33,-121,-157,256
393720,-28,-591,2959,-353,446,131,256
393725,139,490,6311,-489,-642,327,256
393730,139,132,4878,-73,-64,270,256
393735,-115,830,1102,394,317,226,256
393740,74,998,3743,693,-664,21,256
393745,436,92,4883,199,-456,-185,256
393750,237,-307,1674,-902,-27,-115,256
393755,198,-92,6730,-142,-1101,-81,256
393760,261,224,4296,379,-463,-128,256
393765,252,111,5273,486,-554,-175,256
393770,208,-944,6121,92,-274,-216,256
393775,412,-582,4523,369,260,-15,256
393780,427,-395,4948,-32,6,209,256
393785,280,-225,4935,578,238,297,256
393790,473,304,2717,645,570,347,256
393795,499,1037,4714,507,88,294,256
393800,95,279,3401,127,388,140,256
393805,258,463,3485,-63,50,86,256
393810,310,555,5196,-124,-306,-37,256
393815,5,144,2158,442,-13,-270,256
393820,398,-664,5462,112,-983,-319,256
393825,226,-318,4515,-43,-596,-40,256
393830,284,213,3850,117,-479,96,256
393835,588,-161,4939,669,-888,15,256
393840,724,-31,6831,413,-766,29,256
393845,186,156,4666,40,20,71,256
393850,82,-25,5003,-452,230,88,256
393855,-59,-129,3801,-304,618,91,256
393860,58,63,3178,-214,430,97,256
393865,327,-278,1797,534,214,146,256
393870,588,182,3318,1021,-507,204,256
393875,9,-230,2507,277,-503,265,256
393880,361,114,3323,-879,-1219,591,256
393885,308,518,6358,-1071,-1479,824,256
393890,67,1825,6424,-533,-1252,745,256
393895,390,1544,6552,-28,-1101,237,256
393900,433,382,5182,-511,-233,-210,256
393905,272,228,4406,-811,205,-435,256
393910,115,-1498,2974,-1084,290,-598,256
393915,359,-631,2214,-365,-27,-421,256
393920,526,-419,3701,247,-438,-315,256
393925,124,-647,3781,422,-53,-220,256
393930,-124,-1051,2176,390,55,35,256
393935,600,-528,6320,262,-753,346,256
393940,298,-288,2285,82,-150,526,256
393945,555,307,7995,347,-1148,621,256
393950,634,801,6488,373,-142,538,256
393955,389,1197,6308,-120,255,408,256
393960,312,678,4935,-313,673,114,256
393965,280,673,1782,56,953,-206,256
393970,475,595,2830,331,135,-505,256
393975,196,23,2889,642,-34,-782,256
393980,-21,143,3002,296,-42,-807,256
393985,263,-863,1272,-591,-241,-692,256
393990,208,-1226,4359,-610,-1163,-333,256
393995,75,416,6391,95,-1245,64,257
394000,372,607,5073,-402,-847,225,257
394005,522,118,8664,-629,-743,196,257
394010,108,361,5165,-503,712,167,257
394015,569,-101,3976,-318,533,76,257
394020,591,24,3417,62,364,20,257
394025,336,614,4549,61,435,-95,257
394030,212,-243,2492,-571,703,-252,257
394035,320,229,3852,-606,292,-257,257
394040,462,332,3724,593,259,-552,257
394045,190,-1146,3164,1002,113,-780,257
394050,70,-1643,4081,1413,-276,-468,257
394055,500,-712,5816,569,-442,-26,257
394060,510,-1804,4199,-248,-261,332,257
394065,77,-250,3963,-314,-637,847,257
394070,493,2160,7953,-452,-991,1077,257
394075,769,2550,6011,-600,260,748,257
394080,95,365,3551,-720,833,188,257
394085,161,668,4860,-281,647,-77,257
394090,117,341,1177,-333,1460,-277,257
394095,261,-283,3357,-352,690,-424,257
394100,381,514,3935,-470,561,-398,257
394105,85,586,1442,-324,789,-508,257
394110,361,215,6740,-290,-446,-543,257
394115,394,231,4661,374,405,-638,257
394120,312,128,1605,599,305,-870,257
394125,517,-1769,5103,474,-952,-1031,257
394130,835,-1149,6023,-422,-560,-704,257
394135,307,-1084,4183,-557,-195,-323,257
394140,72,-197,3598,-635,-710,85,257
394145,247,994,6309,-255,-800,88,257
394150,-12,328,3944,414,91,-163,257
394155,-111,404,3123,1161,6,-368,257
394160,51,415,3552,774,-39,-412,257
394165,169,339,4376,442,95,-472,257
394170,625,-448,4135,-865,618,-516,257
394175,740,-924,5535,-1193,411,-194,257
394180,454,486,7486,-1152,12,179,257
394185,-38,548,2033,-1093,929,217,257
394190,322,1261,5500,-411,-253,95,257
394195,432,857,3146,482,288,-320,257
394200,238,457,3505,-384,312,-458,257
394205,13,-575,3048,-473,341,-667,257
394210,185,-1060,2261,7,79,-827,257
394215,417,-1228,3648,-180,-428,-701,257
394220,215,-861,3155,45,-481,-357,257
394225,-116,-126,2887,246,-579,-98,257
394230,345,510,5954,308,-1002,-34,257
394235,330,-176,4499,-66,-493,-19,257
394240,617,73,6485,-774,-663,156,257
394245,194,529,6052,224,-266,63,257
394250,487,424,5167,-237,-7,-38,257
394255,298,469,5607,-210,389,-180,257
394260,-117,375,3401,112,848,-399,257
394265,251,472,4322,734,488,-598,257
394270,222,-595,3042,975,813,-787,257
394275,584,-1089,2980,897,566,-756,257
394280,414,-1309,1451,1007,213,-547,257
394285,363,-736,3209,332,-542,-214,257
394290,1046,-543,6715,-720,-616,168,257
394295,872,838,6139,-614,-13,431,258
394300,295,1165,8381,-344,-176,383,258
394305,102,148,4940,123,991,98,258
394310,-44,353,2157,633,1384,-25,258
394315,-82,1246,2229,1399,742,-208,258
394320,-116,-393,905,1078,482,-559,258
394325,854,-348,6150,-918,40,-491,258
394330,356,-808,293,-532,1603,-304,258
394335,12,-531,1705,-537,-48,-111,258
394340,906,398,10158,-10,-1981,46,258
394345,366,105,3649,340,191,61,258
394350,377,-38,6631,96,-720,6,258
394355,282,-743,5447,31,-60,3,258
394360,-182,145,4710,-15,126,87,258
394365,104,167,3349,483,48,-30,258
394370,570,-125,5128,337,-152,-196,258
394375,276,824,3870,-76,625,-207,258
394380,-13,-1039,1401,-637,680,-217,258
394385,29,-151,5611,-298,-492,22,258
394390,536,657,6353,342,-126,140,258
394395,858,695,5077,678,277,26,258
394400,720,-376,5404,158,78,-55,258
394405,518,-279,5426,191,104,24,258
394410,-16,-239,764,346,635,28,258
394415,95,155,2642,314,-567,45,258
394420,86,286,4866,515,-786,-77,258
394425,566,18,5435,-246,156,-224,258
394430,312,-167,2767,-841,937,-212,258
394435,552,-410,8417,133,-414,-226,258
394440,73,6,3252,-180,891,10,258
394445,654,36,4041,-384,521,187,258
394450,755,555,6725,261,35,220,258
394455,151,180,2460,17,672,156,258
394460,62,-5,2976,-47,-36,72,258
394465,242,-52,4897,140,-431,56,258
394470,296,212,1992,615,-36,-23,258
394475,352,614,4710,226,-802,-119,258
394480,351,-668,6828,80,-348,-293,258
394485,-10,-567,2566,-24,564,-117,258
394490,105,-591,3445,-45,-365,126,258
394495,301,-979,1471,-537,-339,341,258
394500,208,35,4752,-97,-1032,682,258
394505,329,1285,3784,-56,-947,793,258
394510,136,1016,6247,-414,-1132,603,258
394515,238,893,5029,-680,-743,370,258
394520,110,696,4134,-230,-523,113,258
394525,515,23,5461,-737,-578,-57,258
394530,314,296,4074,-729,-165,-215,258
394535,245,-431,4342,-1033,-389,-373,258
394540,153,-230,5594,-637,-358,-400,258
394545,266,622,3702,277,147,-479,258
394550,585,-209,6392,1001,-124,-751,258
394555,363,-142,5350,571,679,-786,258
394560,200,-1564,2774,141,1170,-755,258
394565,700,-2662,3318,-425,336,-275,258
394570,262,-171,4008,260,-66,412,258
394575,-382,1166,1440,578,7,640,258
394580,366,1433,3270,281,-848,332,258
394585,1114,114,7107,283,-1084,-50,258
394590,225,4,3980,-42,-338,-9,258
394595,226,1119,5739,-92,-860,-90,259
394600,724,958,6477,-593,-520,-438,259
394605,400,309,5230,-857,414,-709,259
394610,29,371,5790,-543,633,-840,259
394615,248,-249,1325,-277,1018,-950,259
394620,654,-381,3488,131,53,-970,259
394625,452,-1521,3359,336,346,-818,259
394630,451,-1769,3731,373,-9,-420,259
394635,342,-937,5620,29,-713,144,259
394640,58,-280,4971,423,-331,503,259
394645,343,827,6369,-150,-142,602,259
394650,498,332,5772,-585,542,449,259
394655,282,671,4395,-442,1061,193,259
394660,505,-101,3288,-536,838,-23,259
394665,226,898,4522,-152,623,-78,259
394670,-196,613,1011,340,1150,-282,259
394675,280,-653,2372,463,-91,-355,259
394680,677,-21,4626,25,-582,-191,259
394685,100,-1182,3705,-411,180,-86,259
394690,-175,-718,2533,-186,190,185,259
394695,1072,361,10834,-465,-931,370,259
394700,310,68,5934,-253,745,361,259
394705,131,43,4450,-330,911,252,259
394710,659,-81,3630,-26,653,181,259
394715,377,176,3161,231,244,136,259
394720,54,446,1097,226,-261,106,259
394725,161,39,2035,301,-1204,-37,259
394730,575,500,5234,-50,-1739,-189,259
394735,456,59,4520,-578,-982,-259,259
394740,-2,775,5573,-30,-1163,-342,259
394745,558,464,6431,-381,-1201,-718,259
394750,827,-128,7993,-424,-530,-1006,259
394755,-42,-901,5600,-172,320,-979,259
394760,109,-1443,3316,-153,374,-689,259
394765,611,-595,5491,315,-88,-249,259
394770,787,-409,4484,-71,589,80,259
394775,382,-1117,3661,-6,846,277,259
394780,58,-934,2723,-112,749,523,259
394785,252,430,3623,65,265,726,259
394790,474,1581,3755,483,50,486,259
394795,192,1155,2681,410,-27,80,259
394800,303,233,4213,-61,-398,-237,259
394805,175,341,2657,225,-326,-493,259
394810,289,-9,7485,-2,-1193,-621,259
394815,79,-146,2809,-231,-113,-579,259
394820,147,584,4939,184,-705,-555,259
394825,355,-126,3796,-316,-196,-572,259
394830,304,57,5028,-662,-57,-513,259
394835,349,-566,6447,-215,-123,-552,259
394840,525,-318,7332,-332,374,-365,259
394845,165,-327,2951,-208,1503,-216,259
394850,893,-368,5408,-107,470,-59,259
394855,521,-123,2692,-97,927,180,259
394860,201,236,3056,134,716,241,259
394865,309,255,1913,534,175,154,259
394870,596,117,3719,826,-660,-44,259
394875,579,-375,4545,-10,-539,-151,259
394880,380,-647,5307,-361,-328,-135,259
394885,-68,88,4660,-142,-232,-123,259
394890,443,-219,7816,-60,-231,-236,259
394895,330,348,4187,523,940,-260,259
394900,266,195,3944,242,963,-255,260
394905,352,-186,3918,659,1006,-302,260
394910,364,-818,2396,785,986,-203,260
394915,-6,-330,1621,929,361,93,260
394920,-47,-345,2621,793,-518,228,260
394925,585,59,5469,-377,-699,365,260
394930,-275,492,45,-133,252,343,260
394935,446,1518,10247,15,-1849,96,260
394940,841,25,8361,-108,-125,-206,260
394945,11,43,2659,435,1103,-330,260
394950,187,88,5011,367,35,-403,260
394955,531,-1770,4321,532,523,-461,260
394960,258,-401,603,783,840,-75,260
394965,229,-208,172,697,-333,81,260
394970,612,-846,2745,537,-1256,140,260
394975,370,-971,5175,267,-1201,470,260
394980,-106,-220,1042,-657,-654,902,260
394985,522,1149,9247,-758,-2184,1089,260
394990,394,882,7306,384,-860,771,260
394995,363,1619,6272,975,-280,349,260
395000,507,381,7960,887,59,-234,260
395005,261,-1009,1573,724,1274,-444,260
395010,327,-338,2130,650,289,-302,260
395015,577,-116,5507,-153,-94,-219,260
395020,-26,-48,701,-658,550,-154,260
395025,487,-571,6998,-253,-870,-109,260
395030,482,313,5241,185,-197,70,260
395035,406,408,4483,207,-102,108,260
395040,493,324,6485,711,-194,15,260
395045,300,434,3377,920,774,-118,260
395050,392,-352,4183,483,427,-272,260
395055,388,-802,3739,179,552,-195,260
395060,168,-946,467,196,438,4,260
395065,1,348,3547,-199,-815,284,260
395070,176,714,4278,-389,-836,205,260
395075,397,-38,2646,-702,-964,128,260
395080,198,757,6956,-758,-1846,275,260
395085,198,1600,4970,442,-1438,-71,260
395090,1072,354,7516,-661,-1818,-372,260
395095,423,-231,8144,-458,-985,-503,260
395100,88,-350,2535,-464,-125,-483,260
395105,102,-856,4301,-251,-793,-347,260
395110,90,-356,1918,522,-333,-182,260
395115,732,-654,4152,425,-753,-72,260
395120,610,-846,2763,586,-43,26,260
395125,6,-741,3081,966,60,97,260
395130,1149,648,9960,-780,-300,243,260
395135,428,-83,1883,-1569,1403,348,260
395140,99,587,8290,-1106,-103,485,260
395145,980,1340,4820,-202,1085,264,260
395150,774,838,4368,402,810,-139,260
395155,522,290,1797,-82,676,-242,260
395160,-76,-586,163,155,155,-312,260
395165,230,528,874,850,-1236,-394,260
395170,494,-333,5091,304,-1918,-529,260
395175,150,-1302,3284,-392,-884,-516,260
395180,415,-516,7084,-1004,-1165,-268,260
395185,614,393,6977,-434,-674,-161,260
395190,479,240,8361,-290,-375,-228,260
395195,210,-644,2688,-10,813,-292,260
395200,525,-246,4830,313,-176,-152,261
395205,407,647,4500,517,-102,22,261
395210,-155,-332,900,1058,302,-37,261
395215,-12,-118,2646,1360,-711,12,261
395220,1083,-259,6865,42,-926,57,261
395225,-160,-326,1052,-180,516,72,261
395230,483,761,8428,-155,-1245,141,261
395235,833,542,7715,-877,-216,16,261
395240,571,1023,7433,-412,641,-178,261
395245,289,607,3961,190,1274,-511,261
395250,695,-358,2536,264,1269,-785,261
395255,296,-714,1798,398,1244,-740,261
395260,182,-685,1504,191,579,-451,261
395265,479,-809,671,-58,-259,-220,261
395270,409,-1015,4237,-362,-1037,65,261
395275,121,-902,2228,-41,-912,499,261
395280,407,714,9431,-252,-1733,818,261
395285,248,1052,6248,-1008,-171,795,261
395290,64,1480,7492,-1187,199,490,261
395295,345,791,7456,-581,1023,-61,261
395300,202,338,356,424,2033,-578,261
395305,1479,684,7159,480,183,-848,261
395310,560,186,4044,-152,1471,-946,261
395315,216,-1563,2745,442,1480,-1079,261
395320,235,-2168,2168,1249,445,-772,261
395325,154,-1844,2250,972,-109,-180,261
395330,143,293,3837,657,-259,261,261
395335,476,554,4314,-617,37,361,261
395340,538,20,1553,-390,45,310,261
395345,805,1914,8890,-46,-1648,206,261
395350,-62,642,2816,-12,0,-88,261
395355,263,1473,5967,-274,-801,-154,261
395360,305,1377,5125,-441,-121,-355,261
395365,189,916,2861,69,394,-781,261
395370,394,-815,4078,29,-80,-1076,261
395375,118,-1476,4480,-68,-63,-870,261
395380,-34,-381,3631,-111,340,-599,261
395385,332,-1172,6426,-782,239,-496,261
395390,316,-2075,3359,-230,1208,-212,261
395395,419,-414,7083,337,491,202,261
395400,638,64,4568,83,1303,401,261
395405,272,72,1434,-460,1265,398,261
395410,593,1724,4897,-204,132,432,261
395415,303,1389,2212,49,347,52,261
395420,463,703,3160,231,-488,-366,261
395425,401,1113,4433,835,-909,-704,261
395430,580,577,5323,159,-718,-934,261
395435,170,55,4795,-204,99,-1129,261
395440,130,-1823,5624,561,72,-1268,261
395445,533,-1777,4688,1291,306,-927,261
395450,598,-1566,3343,654,405,-339,261
395455,592,-1364,4782,85,-47,260,261
395460,451,-551,4223,-295,323,807,261
395465,149,1010,3634,-29,-6,1037,261
395470,375,753,6941,-62,-246,849,262
395475,171,584,4533,437,833,597,262
395480,326,1036,4004,519,855,289,262
395485,277,562,2993,908,1069,-175,262
395490,386,-384,3038,386,853,-439,262
395495,507,-649,3269,28,357,-432,262
395500,837,-227,7908,-228,-402,-308,262
395505,406,998,2664,-231,630,-87,262
395510,141,618,4377,105,-365,-182,262
395515,356,-469,5813,896,-442,-347,262
395520,149,537,5412,1280,58,-253,262
395525,231,-608,3825,519,667,-307,262
395530,692,-576,4776,-409,704,-213,262
395535,260,-660,6432,324,588,-110,262
395540,207,-634,233,286,1128,-7,262
395545,537,315,2254,629,-338,151,262
395550,811,1523,6952,-34,-623,187,262
395555,-185,255,2938,-1042,589,100,262
395560,-65,512,5781,-438,-379,74,262
395565,317,1074,5231,410,-481,-164,262
395570,235,146,3809,520,-157,-452,262
395575,18,-447,2608,599,-305,-504,262
395580,320,-1443,3816,302,-633,-458,262
395585,686,-1343,5185,-456,-585,-146,262
395590,554,-773,6216,321,-267,187,262
395595,256,-685,6898,707,-82,369,262
395600,733,-648,6170,546,706,608,262
395605,491,224,4595,659,1425,853,262
395610,432,648,1034,726,1245,825,262
395615,382,1051,2002,696,229,578,262
395620,141,1037,1426,458,-218,312,262
395625,356,729,3028,-254,-1183,15,262
395630,-226,-39,4437,-642,-1532,-233,262
395635,-202,852,4269,-71,-1426,-281,262
395640,-180,571,6603,365,-1343,-490,262
395645,792,-504,6865,-112,-679,-508,262
395650,291,-150,4325,-6,251,-283,262
395655,302,-1088,4980,-41,83,-84,262
395660,156,-663,2069,-99,218,291,262
395665,19,-190,1846,431,-155,523,262
395670,260,504,4189,293,-954,640,262
395675,1251,246,6169,-724,-738,634,262
395680,100,-138,1951,-490,355,453,262
395685,124,141,6765,-461,-867,343,262
395690,385,982,4237,47,-240,173,262
395695,336,729,2807,161,-596,-208,262
395700,670,649,4750,-279,-1112,-445,262
395705,335,14,6045,-210,-758,-683,262
395710,476,-333,5154,-290,-525,-747,262
395715,577,-920,3795,-131,-294,-614,262
395720,560,247,3324,162,-438,-352,262
395725,650,-63,6088,263,-584,-373,262
395730,606,-725,5312,296,-112,-269,262
395735,-76,-202,2425,553,339,-65,262
395740,543,-576,4476,109,-297,37,262
395745,716,-28,4298,-441,-244,275,262
395750,-81,418,2703,-35,182,361,262
395755,207,297,4170,1,-378,282,262
395760,211,1093,4706,500,-435,123,262
395765,263,282,4568,752,-200,-239,262
395770,448,-1573,3309,851,-125,-428,263
395775,549,-746,3079,-499,-355,-110,263
395780,144,162,5651,-565,-580,39,263
395785,-159,85,2368,-210,-51,61,263
395790,625,792,6909,331,-826,14,263
395795,778,989,5755,256,-234,-122,263
395800,128,-63,2705,285,341,-359,263
395805,195,-215,6369,346,-156,-422,263
395810,569,-352,3069,-57,355,-340,263
395815,911,-985,4832,-960,-135,-95,263
395820,230,296,4713,185,-48,139,263
395825,165,1417,4125,416,-70,92,263
395830,278,25,5062,-219,-77,-128,263
395835,448,-674,3069,-1133,664,-73,263
395840,292,242,1876,-1184,568,120,263
395845,294,308,4094,-639,-261,57,263
395850,473,133,5314,254,-227,-210,263
395855,138,318,3420,310,141,-277,263
395860,397,-257,6352,207,-318,-282,263
395865,510,-171,3485,-879,945,-204,263
395870,255,-584,5718,-456,524,-113,263
395875,408,-296,5320,-208,258,46,263
395880,-120,486,1388,293,613,37,263
395885,564,242,4187,360,-538,-152,263
395890,930,523,5227,-312,-478,-333,263
395895,279,-1250,2023,-56,-247,-544,263
395900,370,4,5660,630,-1635,-525,263
395905,640,349,5963,87,-1003,-600,263
395910,247,-23,4635,-42,-502,-699,263
395915,269,-798,3182,-577,-634,-615,263
395920,625,-235,6207,-206,-697,-345,263
395925,305,710,6031,352,-42,-244,263
395930,385,-467,6170,277,524,-357,263
395935,565,100,4513,581,998,-207,263
395940,431,-79,3478,31,1060,-87,263
395945,92,98,3011,569,871,-83,263
395950,391,-416,1763,-35,372,6,263
395955,983,291,4630,-796,-593,265,263
395960,28,1256,2583,-381,-413,172,263
395965,522,899,7144,-893,-1077,-179,263
395970,253,-233,4553,-562,-146,-404,263
395975,669,335,7103,-470,-235,-445,263
395980,413,-432,3596,-45,774,-609,263
395985,698,-483,6518,479,132,-636,263
395990,186,-13,1769,1269,1376,-586,263
395995,-95,-568,1738,1184,644,-569,263
396000,711,233,4999,302,-400,-357,263
396005,685,-291,2901,-1290,872,-153,263
396010,34,1010,2192,-205,626,-58,263
396015,399,905,7335,-791,-901,-217,263
396020,599,-296,5512,-549,18,-394,263
396025,495,31,3657,163,162,-468,263
396030,463,368,5898,471,-301,-485,263
396035,195,-2510,3123,1283,254,-601,263
396040,1262,-1153,7038,177,-131,-183,263
396045,411,-901,3111,-22,910,213,264
396050,313,-114,4450,435,305,421,264
396055,395,28,4422,327,341,394,264
396060,354,-357,2703,365,813,337,264
396065,-27,1107,4206,555,432,420,264
396070,588,1195,5391,138,570,187,264
396075,241,-136,3002,528,1053,-204,264
396080,364,158,5747,326,283,-131,264
396085,87,604,4973,778,876,-236,264
396090,301,-79,4109,1126,1090,-437,264
396095,1160,-116,4953,1016,457,-409,264
396100,118,-616,3704,31,690,-254,264
396105,130,-647,3590,459,296,-179,264
396110,759,-483,4550,-68,-287,66,264
396115,446,641,3861,232,-298,295,264
396120,-66,1520,3638,-329,-343,258,264
396125,53,251,4727,-207,-447,-99,264
396130,206,-514,5596,42,-261,-184,264
396135,152,-331,2785,-64,191,35,264
396140,670,489,2969,-194,-589,122,264
396145,609,338,6652,119,-949,-56,264
396150,592,-48,5788,-343,-13,-92,264
396155,634,-7,7450,-446,415,24,264
396160,281,-441,5153,-485,1296,96,264
396165,18,380,4111,70,1292,79,264
396170,350,195,2706,430,1215,-135,264
396175,340,-55,1533,218,1062,-218,264
396180,185,622,2011,351,505,-253,264
396185,366,47,2814,-271,187,-401,264
396190,-22,-108,2178,278,66,-481,264
396195,-155,-1229,1219,903,-783,-471,264
396200,923,-1222,9966,72,-1925,-21,264
396205,372,-322,3946,-438,249,595,264
396210,98,631,4769,-447,-620,857,264
396215,378,366,7711,-182,-863,782,264
396220,275,1434,3303,280,319,555,264
396225,399,1366,3458,17,-78,150,264
396230,449,649,4237,-864,-36,-163,264
396235,155,12,1894,-1238,549,-275,264
396240,109,27,2941,-595,-21,-372,264
396245,255,275,4776,46,-598,-476,264
396250,-287,49,2369,49,-220,-440,264
396255,388,-507,3468,-937,-687,-403,264
396260,192,-134,4106,-698,-751,-276,264
396265,389,-1012,5543,223,-749,-250,264
396270,833,-893,6089,450,-1053,-117,264
396275,1149,-128,9959,248,-1053,104,264
396280,592,-196,7134,202,702,207,264
396285,303,-282,3647,283,1046,217,264
396290,57,91,1328,1229,999,104,264
396295,214,305,1763,1348,614,-84,264
396300,234,222,1773,1756,399,-196,264
396305,554,256,3687,510,265,-268,264
396310,834,-746,-563,-1944,1264,-116,264
396315,513,73,3067,-459,-239,233,264
396320,909,622,9544,787,-2057,285,265
396325,925,947,10001,-190,-1269,462,265
396330,345,1043,6721,-318,95,399,265
396335,-24,1292,4082,55,515,104,265
396340,196,207,3817,411,577,-333,265
396345,147,-1283,825,447,649,-676,265
396350,428,-1130,2744,471,-465,-537,265
396355,410,-127,4349,-180,-563,-280,265
396360,107,95,4167,-988,-170,-205,265
396365,260,97,6994,-553,-302,-210,265
396370,364,-30,4668,89,476,-236,265
396375,995,-998,4038,88,373,-103,265
396380,718,-209,8774,307,7,171,265
396385,5,1205,3224,3,1227,324,265
396390,363,278,5127,-600,722,168,265
396395,431,345,2512,-543,1059,53,265
396400,282,694,1488,185,621,-164,265
396405,301,-166,3383,393,48,-469,265
396410,329,-584,3403,385,349,-455,265
396415,423,283,4626,-418,263,-256,265
396420,229,-428,2978,-986,288,-208,265
396425,47,-426,6968,-694,-104,-25,265
396430,579,1048,6448,-359,523,69,265
396435,367,648,4131,155,745,-204,265
396440,808,77,3522,70,468,-402,265
396445,135,-289,2740,825,319,-579,265
396450,193,27,4215,752,-283,-667,265
396455,274,-583,3445,-213,-73,-647,265
396460,20,-1193,2862,-889,-147,-456,265
396465,184,-120,3906,16,-998,-178,265
396470,145,521,3308,26,-952,-11,265
396475,-160,557,4352,411,-987,-28,265
396480,18,-142,6222,-282,-821,-59,265
396485,238,-378,4667,-1211,196,91,265
396490,401,473,2671,-480,405,181,265
396495,666,851,6598,101,-275,-177,265
396500,367,463,5280,307,701,-519,265
396505,-43,-1216,3291,-62,935,-491,265
396510,818,-736,3655,-472,439,-202,265
396515,677,-515,4577,-125,280,46,265
396520,504,-466,3879,-71,79,236,265
396525,180,383,2965,353,-102,275,265
396530,270,729,3660,561,-276,-36,265
396535,575,190,3182,-584,-194,-166,265
396540,127,-175,4036,-454,-300,-205,265
396545,245,411,4476,209,-501,-263,265
396550,102,970,5701,366,-367,-285,265
396555,191,-74,4797,-294,375,-371,265
396560,426,-953,5188,-568,705,-253,265
396565,198,392,4569,450,589,-63,265
396570,320,556,3705,1128,332,-244,265
396575,306,-805,2608,1150,261,-389,265
396580,848,-547,5981,195,-471,-353,265
396585,286,-963,3231,326,122,-244,265
396590,195,179,4011,1068,-733,-169,266
396595,348,186,6851,681,-917,-236,266
396600,39,-563,3500,67,367,-210,266
396605,194,414,4011,-54,59,-10,266
396610,255,590,5348,178,-16,-1,266
396615,215,149,2512,843,541,-182,266
396620,1103,439,5735,153,-85,-179,266
396625,1086,362,6948,-525,292,-18,266
396630,109,685,4163,-650,874,-65,266
396635,179,354,4472,-212,164,-195,266
396640,666,-392,4152,61,103,-238,266
396645,311,-369,3776,392,369,-76,266
396650,316,278,4436,-244,291,73,266
396655,83,-71,3494,189,238,-132,266
396660,601,102,4790,655,-26,-371,266
396665,137,-976,2635,316,402,-439,266
396670,-15,-304,5036,126,-181,-267,266
396675,-24,-371,2609,-119,234,-200,266
396680,352,101,3837,-416,-460,13,266
396685,428,392,5596,-116,-784,107,266
396690,332,-241,5474,-276,-530,146,266
396695,584,464,5092,-304,-329,248,266
396700,243,94,6390,-423,-373,251,266
396705,5,848,3871,562,272,72,266
396710,283,206,2261,826,427,-226,266
396715,290,-505,2855,1402,83,-445,266
396720,581,689,5524,187,-101,-438,266
396725,167,-748,3253,-1100,1120,-505,266
396730,12,-1008,954,-542,994,-297,266
396735,593,-811,3431,-168,-625,-15,266
396740,811,983,6700,463,-1242,191,266
396745,739,1358,5438,35,-886,179,266
396750,264,431,5825,211,-1079,-40,266
396755,-201,-47,2847,401,-565,-132,266
396760,314,-1002,5319,-71,-1065,-162,266
396765,469,-748,4769,-840,-893,217,266
396770,-251,1043,3563,-1404,-350,386,266
396775,118,1407,3980,-768,-450,82,266
396780,512,-104,2748,100,-668,-239,266
396785,589,581,7283,259,-864,-332,266
396790,44,-751,1632,241,659,-441,266
396795,879,-162,6946,-783,-384,-195,266
396800,636,-505,4710,-179,543,-170,266
396805,583,-821,5149,18,239,25,266
396810,193,104,3874,3,366,150,266
396815,801,-315,6228,-270,-92,47,266
396820,500,-265,2513,12,293,63,266
396825,249,-6,2529,63,-440,69,266
396830,211,753,3209,725,-700,-37,266
396835,-79,401,2405,634,-617,-320,266
396840,145,284,3342,400,-1106,-445,266
396845,621,218,6606,-576,-1059,-380,266
396850,42,-372,3179,-798,160,-192,266
396855,0,264,4983,-81,-709,-64,266
396860,184,862,6601,422,-594,-157,266
396865,491,662,4647,774,206,-423,266
396870,599,-540,6556,-416,364,-358,266
396875,166,-606,2416,-74,1146,-193,266
396880,451,246,5674,827,-50,-186,266
396885,910,-206,5831,-295,611,-196,266
396890,272,-836,1268,-430,1545,-190,266
396895,419,548,4182,-620,-22,-124,267
396900,535,697,3699,336,-151,-401,267
396905,236,339,2394,504,79,-618,267
396910,13,-172,1593,143,-595,-576,267
396915,175,-368,4701,-301,-1401,-479,267
396920,68,724,5396,120,-701,-379,267
396925,157,616,4639,-485,-205,-368,267
396930,633,-668,8393,-321,-305,-489,267
396935,316,-1491,4094,-604,1141,-197,267
396940,580,-515,3135,-1064,586,343,267
396945,665,440,7171,-266,-88,491,267
396950,376,901,141,417,878,249,267
396955,983,-243,5815,-696,-660,139,267
396960,130,-616,1936,-1005,433,249,267
396965,276,902,5904,-233,-411,243,267
396970,838,-333,4911,-31,-369,-36,267
396975,123,164,4571,243,-150,-205,267
396980,62,-438,5386,463,102,-446,267
396985,120,-466,4794,244,497,-385,267
396990,340,-857,4549,-134,1003,-264,267
396995,478,-108,5997,-105,932,14,267
397000,205,287,4064,345,1394,89,267
397005,457,195,727,2,1301,141,267
397010,947,92,5904,-191,-156,281,267
397015,422,795,1894,191,-18,386,267
397020,285,1503,3964,-79,-1220,196,267
397025,-317,-1129,2160,557,-1143,-369,267
397030,-210,499,2428,1361,-1627,-622,267
397035,1071,421,9124,6,-1936,-776,267
397040,880,-609,5414,-1511,-145,-676,267
397045,1513,-163,8549,-1389,-321,-473,267
397050,237,1094,6098,-465,586,-382,267
397055,-85,-312,5315,-42,962,-601,267
397060,528,-535,3541,-7,1251,-444,267
397065,256,-158,2052,270,1307,-237,267
397070,-154,-283,123,920,804,-175,267
397075,-288,-1732,1252,1118,-454,-114,267
397080,1073,-186,7542,-680,-819,328,267
397085,-232,-251,440,-1859,1509,656,267
397090,125,2056,1780,-1410,-227,665,267
397095,956,1587,10590,173,-2066,-82,267
397100,586,633,5577,890,-149,-653,267
397105,79,66,6140,697,88,-904,267
397110,214,-1525,3103,778,606,-1030,267
397115,759,-1639,6581,170,99,-683,267
397120,409,-1420,2668,-42,1012,-247,267
397125,435,209,4381,-652,226,272,267
397130,114,923,1799,-151,537,394,267
397135,456,1101,4011,365,-273,241,267
397140,185,1444,5134,205,-210,65,267
397145,-155,-171,1560,357,364,-284,267
397150,56,-138,2606,771,-546,-424,267
397155,316,1110,4849,891,-738,-518,267
397160,520,18,4959,-461,-52,-588,267
397165,531,-561,6237,-10,77,-634,268
397170,149,19,5879,98,-51,-548,268
397175,193,-876,4296,-61,235,-515,268
397180,206,-705,3312,868,282,-370,268
397185,651,39,5331,720,-49,-92,268
397190,103,-878,2716,1131,477,-111,268
397195,368,-919,1950,799,-253,58,268
397200,133,-649,3597,362,-835,342,268
397205,210,984,4046,730,-570,415,268
397210,160,767,2892,444,-687,247,268
397215,445,703,4288,792,-1168,18,268
397220,933,83,6675,508,-1082,-122,268
397225,144,-79,4801,-357,-362,53,268
397230,201,-53,4886,-672,-541,126,268
397235,580,48,6377,-1250,-806,264,268
397240,835,868,6134,-1451,-265,315,268
397245,330,667,4062,-1237,244,145,268
397250,456,963,5282,-551,-258,-43,268
397255,575,636,4237,186,139,-393,268
397260,517,-58,3369,491,199,-636,268
397265,321,-1447,2852,235,123,-725,268
397270,-115,-1579,4121,10,-56,-428,268
397275,822,-1353,4315,181,-497,-23,268
397280,608,-196,5841,640,-575,61,268
397285,333,-633,5043,1631,-329,-76,268
397290,263,-1168,4907,1456,-307,79,268
397295,307,-1172,2642,339,-44,549,268
397300,309,1503,4983,15,-578,830,268
397305,674,1610,6273,-506,-236,580,268
397310,118,657,3468,-212,311,230,268
397315,632,2581,5869,111,-277,-100,268
397320,425,-58,5002,-29,323,-493,268
397325,55,447,4398,369,547,-416,268
397330,-140,-79,-90,651,863,-380,268
397335,240,-5,1018,754,-240,-341,268
397340,922,-440,5717,-206,-960,-357,268
397345,668,-2325,2565,-1860,283,-60,268
397350,259,-603,1939,-892,-1116,445,268
397355,339,1048,8218,-127,-2779,574,268
397360,454,196,5358,-188,-1353,525,268
397365,24,-38,5135,478,-1053,424,268
397370,-311,195,2433,1137,-929,277,268
397375,410,546,4770,763,-1440,-59,268
397380,397,-607,4810,567,-514,-449,268
397385,726,-265,5818,-536,219,-357,268
397390,352,-519,4785,-935,741,-124,268
397395,71,1087,2272,-34,637,-35,268
397400,1118,465,6066,953,-217,-249,268
397405,1172,1320,7352,863,50,-201,268
397410,235,-554,719,525,989,-256,268
397415,323,-216,3540,691,-426,-154,268
397420,434,-434,2624,794,-630,-142,268
397425,548,-733,2738,42,-946,-29,268
397430,237,-650,3044,-323,-1245,83,268
397435,72,-30,5205,278,-1191,244,268
397440,185,940,3034,238,-900,298,268
397445,346,-224,4692,803,-1325,72,268
397450,1077,573,11251,244,-868,107,268
397455,151,288,4026,-722,1563,79,268
397460,-123,-511,2011,-856,992,-3,268
397465,697,-100,5008,-1213,139,195,269
397470,828,1481,4990,262,325,188,269
397475,685,1329,4157,-4,-147,-76,269
397480,666,450,7554,-471,-432,-215,269
397485,-14,590,2650,298,957,-352,269
397490,239,-1224,4563,895,408,-607,269
397495,437,-1381,3104,846,691,-518,269
397500,200,-1362,568,337,683,-268,269
397505,615,1009,7101,-318,-364,7,269
397510,147,1414,3073,-1375,651,-129,269
397515,842,893,8448,-620,-204,-505,269
397520,953,185,6536,-107,500,-721,269
397525,268,-409,4864,90,1035,-740,269
397530,113,-624,1819,863,1166,-697,269
397535,234,-1725,916,939,768,-468,269
397540,657,-535,4914,414,-58,1,269
397545,1301,1140,5522,-2198,555,444,269
397550,475,-618,5642,-1716,1066,767,269
397555,423,1355,4405,-947,899,903,269
397560,538,1012,4176,619,712,276,269
397565,843,683,4719,166,479,-130,269
397570,35,1033,2977,85,789,-384,269
397575,-581,-59,-372,56,269,-903,269
397580,19,-589,1990,745,-1359,-1220,269
397585,376,615,5470,459,-1932,-1262,269
397590,485,-2420,8052,-1253,-825,-1092,269
397595,-104,-2224,3959,-169,187,-487,269
397600,291,-1571,7851,99,-981,197,269
397605,315,1102,5888,141,413,784,269
397610,513,2315,3940,89,1094,618,269
397615,360,394,2178,-369,797,271,269
397620,366,40,4301,-371,125,139,269
397625,499,975,3521,395,95,68,269
397630,660,1340,5076,-664,-324,-141,269
397635,363,289,3677,-562,125,-449,269
397640,437,510,4738,-224,1,-645,269
397645,159,-392,1295,-58,355,-910,269
397650,626,-1587,3600,-95,-917,-784,269
397655,369,-194,6091,476,-893,-503,269
397660,365,-422,1985,113,261,-271,269
397665,672,-39,6355,-1097,-540,60,269
397670,529,35,7213,246,33,-33,269
397675,684,802,6584,853,716,-183,269
397680,352,-15,4343,311,1521,-347,269
397685,295,-273,2686,-534,1745,-372,269
397690,383,-1578,3206,199,1347,-453,269
397695,334,-403,2741,1960,937,-454,269
397700,515,-448,1209,1871,324,-399,269
397705,581,-171,4078,1378,-989,-187,269
397710,859,-764,7487,-242,-677,-200,270
397715,726,-1148,3964,-146,62,150,270
397720,329,1711,8634,-122,-1346,523,270
397725,702,1863,6895,-254,257,244,270
397730,22,45,3362,-621,1037,86,270
397735,244,428,4424,652,370,-74,270
397740,-40,393,1837,1361,807,-222,270
397745,134,-92,1635,1142,394,-283,270
397750,279,-390,3706,618,45,-283,270
397755,830,154,7192,-1116,801,-211,270
397760,-272,-781,217,-1602,2712,-149,270
397765,-250,764,1669,-833,967,-59,270
397770,1230,545,7169,137,-213,-193,270
397775,1145,117,5951,954,269,-205,270
397780,89,-864,2839,206,491,-274,270
397785,53,-944,2823,1158,-460,-390,270
397790,576,-529,4308,963,-1508,-273,270
397795,561,-87,6625,1268,-1364,-200,270
397800,578,426,5479,362,-413,-282,270
397805,501,-1446,5206,-151,-242,-244,270
397810,495,638,6486,-73,-216,287,270
397815,260,2101,1645,71,988,324,270
397820,-235,-123,2777,550,100,21,270
397825,579,378,4611,756,-327,-73,270
397830,60,-79,2939,-395,301,-31,270
397835,-373,-1183,3567,-1096,-61,126,270
397840,133,589,1559,-220,224,220,270
397845,639,1434,10389,592,-195,-222,270
397850,850,-549,4153,270,1597,-308,270
397855,1042,-1572,4590,-512,561,131,270
397860,710,-762,4925,988,-9,406,270
397865,402,-163,1321,1331,71,571,270
397870,220,-264,4075,1041,-948,663,270
397875,-52,317,4165,480,-996,598,270
397880,23,909,4003,377,-908,356,270
397885,213,306,3270,265,-646,118,270
397890,785,-404,5618,-909,-395,48,270
397895,-393,1582,2759,-882,545,152,270
397900,398,689,5434,-206,-488,9,270
397905,898,365,8339,493,-882,-274,270
397910,-186,-13,417,-45,236,-93,270
397915,282,403,6902,-373,-1454,171,270
397920,320,368,3779,25,-236,150,270
397925,678,153,3577,-303,-305,132,270
397930,587,-1513,5649,-244,-761,72,270
397935,441,-455,3776,-120,-177,274,270
397940,309,430,3942,-990,-350,420,270
397945,347,384,5410,-1285,-402,324,270
397950,123,443,2495,-51,158,69,270
397955,435,736,4908,172,-421,-189,270
397960,267,554,4009,316,99,-513,270
397965,101,-454,818,372,135,-702,270
397970,691,17,5928,-199,-1358,-512,270
397975,296,-76,4505,89,-562,-488,270
397980,566,-703,6108,-493,-601,-341,270
397985,1656,-1391,8883,15,-887,-52,270
397990,255,937,4222,103,308,303,270
397995,258,211,3470,33,294,148,270
398000,242,488,2989,697,191,-49,270
398005,314,856,2520,565,196,-163,270
398010,467,1122,6038,-81,153,-366,270
398015,672,-227,3694,-1069,1595,-620,271
398020,95,-1047,-2263,-553,1492,-651,271
398025,1157,-1137,5996,-294,-1493,-323,271
398030,783,280,6878,404,-929,198,271
398035,-132,1314,3331,-225,-452,523,271
398040,340,-84,4993,-695,-1478,375,271
398045,154,172,5173,60,-946,272,271
398050,35,-445,2362,436,-385,39,271
398055,388,569,6329,120,-1419,-57,271
398060,316,322,5480,-1068,-254,-321,271
398065,-97,170,2332,-278,742,-599,271
398070,465,509,4340,-219,-171,-736,271
398075,612,444,6391,358,252,-905,271
398080,678,-1,4313,791,1180,-1137,271
398085,384,-724,5709,179,870,-1027,271
398090,294,-1425,3917,389,1380,-684,271
398095,107,-1757,2733,769,1830,-298,271
398100,619,380,3060,699,1399,117,271
398105,1118,453,2515,-1152,962,391,271
398110,698,-268,3973,-564,346,450,271
398115,319,1313,2351,355,-127,396,271
398120,710,1251,5827,-778,-1091,276,271
398125,532,687,8124,-477,-805,-74,271
398130,-127,-39,3629,-726,791,-207,271
398135,28,296,4143,-1292,497,-85,271
398140,181,901,3788,183,611,-270,271
398145,379,376,2211,807,739,-680,271
398150,776,47,4381,307,-179,-810,271
398155,292,-1453,2359,-358,-229,-701,271
398160,-283,-1177,2192,-88,-800,-408,271
398165,-20,-597,4010,762,-1426,-163,271
398170,96,-300,3376,963,-1537,-64,271
398175,269,-1215,6078,806,-1725,74,271
398180,-362,-104,2218,2262,-1061,-3,271
398185,505,1889,11138,1239,-1934,-37,271
398190,1517,29,5727,-1114,533,-159,271
398195,680,-1156,8011,-1235,778,-43,271
398200,608,632,6938,-618,1279,287,271
398205,79,1362,3313,-93,2054,198,271
398210,695,1360,1462,779,1732,-206,271
398215,595,1037,1667,850,794,-519,271
398220,717,1147,3069,84,589,-658,271
398225,748,-495,996,-612,819,-967,271
398230,502,-580,3795,-173,-337,-1001,271
398235,-10,-226,2847,-54,-523,-743,271
398240,285,-280,3033,-560,-1126,-556,271
398245,206,-1387,7743,-2222,-1626,-211,271
398250,195,376,6213,-909,-239,173,271
398255,111,590,5292,-606,218,132,271
398260,571,734,8496,134,174,-21,271
398265,383,-535,3346,242,1735,-343,271
398270,147,327,1627,685,1300,-405,271
398275,478,-1020,1492,465,423,-453,271
398280,872,71,3961,782,-6,-158,271
398285,215,-1470,624,1247,-149,-220,272
398290,294,31,1224,2299,-1224,-310,272
398295,809,-326,9648,783,-2097,-206,272
398300,712,-692,7092,-914,-722,43,272
398305,213,-333,5486,-888,-374,333,272
398310,297,-138,5597,-959,-207,513,272
398315,-27,1251,2545,-778,415,573,272
398320,297,1940,5669,580,-267,303,272
398325,-108,148,-337,968,729,-125,272
398330,1046,387,7526,37,-508,-178,272
398335,0,-162,2759,-597,1408,-235,272
398340,876,186,7056,254,718,-274,272
398345,554,260,5419,744,1246,-357,272
398350,635,-452,2892,1087,1675,-450,272
398355,-36,-1048,1604,1243,1011,-209,272
398360,656,-64,6670,667,-258,108,272
398365,489,-95,831,-302,791,230,272
398370,680,-200,5537,-197,-484,319,272
398375,323,1018,5787,217,-554,289,272
398380,37,564,2583,387,243,24,272
398385,706,348,5499,811,-661,-207,272
398390,619,268,5401,582,-139,-333,272
398395,152,-37,4471,346,470,-435,272
398400,156,-894,3680,358,333,-411,272
398405,594,-692,4976,-31,21,-87,272
398410,151,126,3599,-16,381,244,272
398415,14,503,1184,-425,462,452,272
398420,-48,606,2620,-105,-269,486,272
398425,135,303,4785,-4,-639,343,272
398430,200,126,4301,25,-216,306,272
398435,298,329,4160,-498,-175,231,272
398440,784,-502,5966,-225,-738,-2,272
398445,390,288,6309,377,-664,12,272
398450,413,465,3078,-79,-423,-4,272
398455,411,-83,5489,-23,-1192,-81,272
398460,464,-30,3568,244,-791,-172,272
398465,586,47,6419,266,-914,-260,272
398470,393,-527,6650,525,-231,-314,272
398475,135,-231,4564,549,699,-291,272
398480,310,584,3832,838,1022,-345,272
398485,419,537,3215,898,1263,-522,272
398490,532,-301,1485,556,1307,-602,272
398495,220,-2012,-218,-244,808,-371,272
398500,286,-433,2749,390,-734,234,272
398505,409,81,4209,-244,-1477,648,272
398510,1022,757,6834,-375,-2329,1022,272
398515,92,1703,4401,-251,-1906,1052,272
398520,810,1658,9836,-395,-2214,657,272
398525,228,352,5651,-148,-442,205,272
398530,154,282,6120,-456,12,-24,272
398535,92,18,2124,13,704,-280,272
398540,122,7,2293,622,149,-497,272
398545,921,1805,8288,-405,-50,-669,272
398550,450,-1456,934,-2683,2206,-865,272
398555,443,-980,4900,-2325,818,-417,272
398560,637,461,4972,265,-405,-251,273
398565,544,195,3767,106,-701,-197,273
398570,817,-395,7995,-1125,-1036,143,273
398575,110,693,2207,-95,322,343,273
398580,409,361,3752,135,-534,129,273
398585,952,-272,6497,998,-588,-146,273
398590,644,555,5701,-78,838,-373,273
398595,430,-240,5825,-514,1551,-711,273
398600,137,-683,2061,-334,1837,-867,273
398605,826,-584,5265,190,807,-888,273
398610,721,-300,3157,803,1355,-732,273
398615,476,-1726,2319,618,898,-412,273
398620,361,237,5476,-223,-128,207,273
398625,-114,-187,1432,-796,413,556,273
398630,44,536,4023,-724,-741,784,273
398635,75,1418,4174,-82,-899,578,273
398640,71,1121,3211,590,-860,-127,273
398645,439,1030,4990,44,-1277,-646,273
398650,302,135,6233,-597,-1102,-921,273
398655,-269,-588,2158,-180,-218,-1037,273
398660,77,-605,6012,314,-1114,-959,273
398665,-7,-896,2033,118,-95,-732,273
398670,746,240,6056,-833,-116,-361,273
398675,833,-1414,4313,-1254,824,-130,273
398680,2191,176,10516,897,-999,138,273
398685,547,973,5408,175,538,372,273
398690,367,540,4666,143,616,498,273
398695,749,695,5705,375,133,370,273
398700,428,569,3945,479,614,72,273
398705,168,-591,1719,-353,571,-206,273
398710,454,-544,2271,-638,-229,-190,273
398715,421,-1023,2799,-1173,-422,24,273
398720,-120,1253,1926,-577,-524,182,273
398725,16,922,3829,-445,-1177,-103,273
398730,772,757,5758,1079,-1483,-590,273
398735,188,-708,3883,936,-690,-847,273
398740,142,112,5863,401,-665,-590,273
398745,386,333,6536,508,-247,-599,273
398750,364,-1025,4746,304,402,-695,273
398755,801,-752,6066,-598,359,-436,273
398760,366,-35,4704,-396,804,-148,273
398765,506,694,4499,-290,744,-4,273
398770,393,372,3322,560,822,-183,273
398775,373,-304,2765,919,390,-248,273
398780,-13,152,2636,1220,-43,-86,273
398785,588,411,5039,-33,-371,28,273
398790,462,420,3547,-574,165,-13,273
398795,470,537,6111,-1153,-171,-61,273
398800,329,261,3730,-708,310,-190,273
398805,531,972,6046,-270,-118,-348,273
398810,204,969,4517,-261,573,-565,273
398815,544,244,3812,3,545,-786,273
398820,537,223,7074,752,245,-941,273
398825,366,-306,4425,-49,1406,-1020,273
398830,273,-2263,3044,-132,1554,-835,273
398835,686,72,4625,-288,453,-335,273
398840,999,-584,4441,177,237,-379,273
398845,-37,-251,3510,311,764,-280,273
398850,-191,-607,-234,118,283,4,273
398855,627,318,4615,169,-1299,151,273
398860,491,462,6075,247,-625,45,274
398865,68,471,1930,-297,-46,55,274
398870,542,909,6708,-254,-1389,-76,274
398875,628,108,6109,-699,-343,-306,274
398880,535,-169,4010,17,-23,-411,274
398885,362,234,5986,155,-526,-421,274
398890,-36,-1745,2676,812,477,-496,274
398895,1019,-844,6826,841,-110,-107,274
398900,722,-288,5873,222,697,221,274
398905,286,-368,1010,147,1455,320,274
398910,787,373,5298,545,-358,339,274
398915,331,319,3448,687,261,252,274
398920,57,-4,3502,-79,382,307,274
398925,253,-51,2142,-709,231,484,274
398930,554,498,7478,-322,-853,497,274
398935,607,1666,4833,482,-152,228,274
398940,472,444,7385,250,16,-110,274
398945,-2,-922,3828,470,1162,-193,274
398950,-228,-156,2253,344,1249,-42,274
398955,228,-740,2374,269,668,-37,274
398960,667,-381,5001,-52,37,155,274
398965,188,-1217,3813,-946,956,389,274
398970,480,139,4453,-540,626,730,274
398975,518,1633,7160,2,-185,686,274
398980,259,958,2918,769,697,209,274
398985,521,66,3383,978,96,-114,274
398990,585,400,4529,380,-66,-298,274
398995,332,-107,5116,-453,293,-378,274
399000,149,-581,3744,-733,128,-315,274
399005,209,300,4185,-338,-278,-208,274
399010,-156,-304,701,385,94,-256,274
399015,198,424,2605,834,-1117,-80,274
399020,150,616,3116,1036,-1306,-68,274
399025,349,125,5009,360,-981,-101,274
399030,292,-728,3785,-126,-364,-89,274
399035,766,-736,7742,28,-1130,141,274
399040,408,573,6635,-147,-373,409,274
399045,673,1180,8403,-521,111,352,274
399050,319,936,5512,-454,975,45,274
399055,369,-353,2900,-726,1022,-229,274
399060,56,531,1297,-483,743,-231,274
399065,645,477,3104,-629,-38,-253,274
399070,913,105,1788,-583,-285,-316,274
399075,216,-432,3969,-733,-811,-408,274
399080,18,-39,4746,375,-896,-375,274
399085,353,-784,4944,-424,-698,-173,274
399090,328,-522,5448,-428,-211,-18,274
399095,640,-1005,3993,-515,-393,189,274
399100,128,-130,3223,-153,-864,451,274
399105,-97,714,4000,59,-1152,490,274
399110,242,769,5944,-447,-1030,439,274
399115,1,430,4636,-393,-229,269,274
399120,110,1183,2698,320,25,-26,274
399125,844,1194,8986,648,-385,-494,274
399130,594,860,4854,436,1540,-935,274
399135,260,-1506,1100,-379,1474,-1099,275
399140,979,-1707,7565,-566,-270,-663,275
399145,815,454,4000,-162,761,-272,275
399150,530,687,4007,-736,135,21,275
399155,638,-310,4212,-835,-102,25,275
399160,-96,-82,1774,93,572,-78,275
399165,122,-170,1314,258,-115,-82,275
399170,545,-592,940,128,-859,-71,275
399175,77,-150,2697,-324,-920,9,275
399180,-353,458,1731,-253,-633,29,275
399185,830,1361,10458,-1175,-1789,-21,275
399190,529,780,6324,-280,-679,-193,275
399195,734,-4,10302,-556,-674,-444,275
399200,475,1217,7724,184,884,-516,275
399205,485,2,5738,561,1493,-819,275
399210,346,-1827,729,242,1741,-870,275
399215,195,-1620,205,208,770,-429,275
399220,445,-243,5178,418,-209,81,275
399225,541,294,2194,-395,457,375,275
399230,282,807,2488,-582,28,464,275
399235,365,842,4116,941,-381,26,275
399240,140,-399,4120,1140,191,-342,275
399245,447,-691,4899,704,109,-343,275
399250,711,-636,7265,-49,96,-209,275
399255,-106,-505,3775,-180,1094,10,275
399260,333,-987,3669,-328,583,225,275
399265,433,545,3803,386,270,530,275
399270,1038,1202,5670,709,-105,479,275
399275,508,1018,5227,53,110,293,275
399280,-214,462,3372,287,614,-94,275
399285,-13,379,3543,718,199,-516,275
399290,805,-62,7160,674,-173,-888,275
399295,817,-410,1490,-112,745,-925,275
399300,411,-889,2824,-602,-586,-665,275
399305,42,111,5188,708,-1064,-477,275
399310,-148,-6,1311,750,-369,-292,275
399315,301,-78,4798,108,-1493,-17,275
399320,305,343,7320,-719,-915,185,275
399325,102,215,2800,-1451,672,228,275
399330,324,552,5162,-19,-210,-12,275
399335,382,268,6360,459,77,-337,275
399340,235,205,3221,-39,938,-426,275
399345,514,-688,4723,-867,280,-315,275
399350,356,-1151,2311,-1081,646,-14,275
399355,668,-199,5963,-253,-427,349,275
399360,646,1427,4746,-376,-45,410,275
399365,603,680,5887,-41,7,-46,275
399370,690,158,4972,74,271,-370,275
399375,303,-363,1160,423,616,-606,275
399380,60,-518,2520,601,-263,-722,275
399385,-169,-778,1410,1504,-385,-784,275
399390,0,-169,4299,1001,-673,-627,275
399395,859,-1002,6058,-664,-182,-333,275
399400,1069,-189,5166,-622,607,143,275
399405,764,173,10389,-685,-6,380,276
399410,202,462,7613,-325,1561,410,276
399415,229,774,4694,4,2210,368,276
399420,366,940,3190,244,2094,186,276
399425,238,670,384,1434,1961,-211,276
399430,544,388,2187,1440,767,-544,276
399435,157,56,-276,1237,606,-709,276
399440,318,-1190,387,1318,-666,-732,276
399445,638,-1252,8433,-181,-2284,-405,276
399450,338,346,2323,-413,-571,-97,276
399455,420,-199,9557,-201,-1717,-135,276
399460,811,685,10539,211,-655,-86,276
399465,311,245,5953,-7,964,-114,276
399470,113,97,4337,-343,1493,-14,276
399475,22,-1378,2671,-649,1820,208,276
399480,238,376,1457,-66,1504,668,276
399485,410,1311,1937,357,1027,533,276
399490,485,817,3996,467,1022,124,276
399495,343,-811,460,322,1621,-60,276
399500,174,-907,2780,-294,912,165,276
399505,616,656,7217,-1191,120,383,276
399510,308,722,3192,-819,403,92,276
399515,207,394,5632,52,-531,-240,276
399520,312,478,6065,696,-256,-494,276
399525,455,-853,4909,473,103,-708,276
399530,410,-1329,1015,213,216,-582,276
399535,323,-1097,3271,609,-932,-364,276
399540,-116,-280,4031,1141,-1031,-188,276
399545,298,200,5645,-497,-721,36,276
399550,-486,322,3059,-428,340,187,276
399555,-167,703,5281,148,-337,152,276
399560,322,-367,2745,-75,-107,51,276
399565,637,119,4839,7,-436,195,276
399570,-85,1037,1153,608,156,195,276
399575,-14,988,3485,-23,-891,110,276
399580,585,791,6257,-530,-1062,-93,276
399585,624,15,4280,-561,-186,-287,276
399590,600,-678,6232,-4,-763,-359,276
399595,659,68,3906,484,-469,-383,276
399600,295,-372,5830,746,-635,-523,276
399605,215,-1046,4344,693,-180,-485,276
399610,316,-320,3794,-195,-50,-220,276
399615,538,-864,2604,-937,167,20,276
399620,986,891,7363,-567,-441,260,276
399625,826,967,6346,-447,470,192,276
399630,211,1327,3271,-85,1110,87,276
399635,406,1004,3614,-74,840,-94,276
399640,651,520,3115,-105,654,-279,276
399645,19,294,2491,101,403,-424,276
399650,0,-63,3136,-428,177,-500,276
399655,208,-1836,5742,-1740,175,-410,276
399660,50,-349,314,-850,397,-158,276
399665,335,379,6120,-304,-1407,-22,276
399670,336,475,6068,601,-818,-96,276
399675,120,-711,3352,1267,-487,-349,276
399680,228,-1019,6335,1253,-1072,-376,276
399685,66,-1060,4870,232,-287,-170,276
399690,166,-258,3336,-577,28,142,276
399695,359,1317,5342,213,-221,205,276
399700,464,468,4460,963,380,-158,276
399705,232,235,3901,776,841,-259,277
399710,401,118,5675,-426,889,-155,277
399715,503,-87,1553,-1394,1134,-3,277
399720,388,264,6430,-818,-290,53,277
399725,642,1946,3977,391,92,-195,277
399730,486,446,4120,-67,-259,-534,277
399735,410,-995,3991,-448,-402,-485,277
399740,614,687,6610,-298,-287,-344,277
399745,317,301,2832,-23,353,-488,277
399750,627,-875,5925,-108,-245,-662,277
399755,484,-721,5758,-222,669,-529,277
399760,42,-319,4300,16,1409,-441,277
399765,-19,-461,1623,730,1659,-527,277
399770,913,-417,4956,615,381,-457,277
399775,399,-326,3103,386,743,-185,277
399780,-201,-636,2043,585,391,-3,277
399785,501,-1176,3799,544,-889,194,277
399790,129,653,5472,243,-1247,526,277
399795,58,1183,5122,-1065,-623,497,277
399800,-136,1415,3996,-1095,-277,227,277
399805,450,1303,6855,-264,-503,-121,277
399810,419,669,4722,626,367,-551,277
399815,148,401,3552,530,708,-674,277
399820,-37,-2236,2729,685,777,-658,277
399825,214,-715,1414,1254,556,-310,277
399830,1004,-1295,5090,181,-450,10,277
399835,1018,-546,7975,-1661,15,473,277
399840,544,475,6424,-1785,1260,880,277
399845,476,33,6579,-1539,720,985,277
399850,882,1410,4770,-574,888,716,277
399855,387,2049,3049,43,1041,200,277
399860,-305,1543,2692,229,786,-536,277
399865,20,-2292,-291,467,485,-1190,277
399870,577,-1258,2676,1099,-1242,-878,277
399875,902,1025,6386,249,-1244,-602,277
399880,-172,-1341,3613,-808,-66,-541,277
399885,253,-608,6165,252,-654,-178,277
399890,-185,329,4485,318,-342,58,277
399895,-185,196,3263,457,-109,-3,277
399900,-49,72,4109,1054,-461,-166,277
399905,491,-428,6620,581,-649,-235,277
399910,249,-868,2362,-389,334,3,277
399915,-105,153,4302,86,-516,244,277
399920,611,1196,6348,573,-733,127,277
399925,398,737,5112,252,149,-28,277
399930,159,45,4485,658,55,-278,277
399935,950,-55,5605,309,-432,-414,277
399940,737,521,5109,-642,-73,-305,277
399945,371,181,4133,-1027,217,-348,277
399950,286,-73,3386,-482,-195,-462,277
399955,721,316,5743,-213,-664,-465,277
399960,179,85,3081,6,205,-465,277
399965,194,-446,3016,-359,104,-424,277
399970,514,-127,4863,-220,-114,-299,277
399975,498,-714,2891,-408,382,-113,277
399980,393,284,6265,-192,-334,86,278
399985,288,-84,5376,-17,177,41,278
399990,233,-25,4128,198,436,-24,278
399995,351,-333,4736,370,150,-147,278
400000,464,-521,4499,687,306,-227,278
400005,368,-1058,4055,621,280,-248,278
400010,126,-284,3150,685,88,-91,278
400015,260,604,4516,701,-347,-110,278
400020,454,322,4181,408,-128,-273,278
400025,-87,-176,3063,828,43,-367,278
400030,149,-174,4372,981,-453,-256,278
400035,111,-601,2891,706,-237,-7,278
400040,583,347,6352,-355,-557,341,278
400045,-40,-105,4795,-1080,425,609,278
400050,149,912,4622,-324,196,515,278
400055,627,383,5669,4,-116,303,278
400060,443,1069,4056,154,362,202,278
400065,349,604,3008,256,145,2,278
400070,399,-57,1048,652,-338,-233,278
400075,832,-23,7073,-373,-1254,-260,278
400080,274,-548,3146,-176,-391,-177,278
400085,304,415,4966,126,-1403,-149,278
400090,193,199,5635,589,-1304,-402,278
400095,299,-743,4983,1098,-647,-518,278
400100,247,-1580,3160,1639,-286,-485,278
400105,135,-1393,5834,1670,-691,-176,278
400110,441,93,8332,190,167,169,278
400115,160,-1591,1562,91,1870,361,278
400120,1015,1759,7935,-327,437,882,278
400125,735,1599,5781,-129,1674,756,278
400130,517,184,1779,-284,1637,535,278
400135,539,-32,1926,721,501,469,278
400140,287,1697,2003,596,-174,646,278
400145,258,1807,2468,-252,-924,371,278
400150,314,1243,5658,-368,-1240,-239,278
400155,9,355,3652,-41,-586,-758,278
400160,-239,-2002,2866,264,-571,-1004,278
400165,75,-2996,4745,372,-1122,-610,278
400170,262,579,4595,278,-1218,107,278
400175,241,-793,5430,-192,-1234,295,278
400180,666,-822,6817,-172,-1326,666,278
400185,475,-28,5849,317,-1062,969,278
400190,256,774,3273,599,-723,1008,278
400195,217,471,2938,892,-833,850,278
400200,178,911,3114,967,-855,629,278
400205,230,57,3793,890,-773,272,278
400210,772,78,6128,-76,-711,123,278
400215,131,697,-453,-464,345,49,278
400220,479,308,6518,427,-1344,-72,278
400225,614,1264,7920,24,-618,-154,278
400230,141,1134,4198,445,667,-425,278
400235,376,-118,3862,-139,522,-541,278
400240,726,-1165,3028,-556,505,-353,278
400245,448,269,2393,-59,-234,-7,278
400250,582,568,4279,-552,-817,89,278
400255,218,223,3019,-239,-549,-40,278
400260,236,898,6602,-85,-947,-168,278
400265,168,-1234,3224,217,17,-394,278
400270,552,-784,4040,1047,-474,-271,278
400275,1136,255,8560,399,-834,-58,278
400280,137,-281,3934,16,521,-46,278
400285,335,-609,5267,-191,-109,69,278
400290,232,-230,2785,-289,-60,308,278
400295,276,543,4816,109,-603,477,278
400300,27,1765,4275,79,-333,447,278
400305,278,766,4896,-520,-343,74,278
400310,260,-201,3246,-510,24,-192,279
400315,459,-500,3935,-756,-337,-125,279
400320,279,664,4527,-609,-490,-11,279
400325,575,239,4795,-188,-607,-185,279
400330,396,801,4545,-195,-438,-365,279
400335,65,-122,4806,-150,-280,-601,279
400340,372,-891,3418,438,-36,-641,279
400345,592,-443,1096,965,-496,-580,279
400350,726,-35,6407,1754,-1676,-603,279
400355,159,-756,5941,1845,-546,-589,279
400360,608,-156,8106,-489,-3,-307,279
400365,762,-565,8037,-153,1081,-140,279
400370,1278,-1534,3416,142,1338,21,279
400375,617,1071,6625,711,270,347,279
400380,592,596,2664,1010,1243,162,279
400385,223,201,1267,933,1117,10,279
400390,-231,728,506,697,626,39,279
400395,945,461,8175,-1853,-117,77,279
400400,94,392,53,-2281,1562,74,279
400405,92,427,6504,-822,-495,-158,279
400410,605,1076,5884,-918,-150,-197,279
400415,793,1481,6849,-1708,351,-380,279
400420,-135,453,5308,-1604,1404,-690,279
400425,-41,250,1356,-1131,1840,-764,279
400430,390,36,3388,102,1052,-957,279
400435,247,-390,1710,274,1177,-1188,279
400440,476,-359,2472,194,428,-1186,279
400445,603,-2052,4681,-572,-223,-896,279
400450,985,-841,5358,-1677,-158,-174,279
400455,-156,211,4157,-494,-459,211,279
400460,604,602,6970,611,-1179,87,279
400465,537,17,5131,561,-294,-121,279
400470,311,138,4711,850,-206,-258,279
400475,264,-75,3460,771,-79,-518,279
400480,279,-1267,4772,802,14,-557,279
400485,197,-443,3590,1147,509,-357,279
400490,-138,-706,2568,1478,390,-241,279
400495,399,826,3135,1583,-7,-45,279
