timestamp_ms,ax,ay,az,gx,gy,gz,wheel_pulse
239330,158,36,4312,31,-15,-40,74
239335,167,35,4331,32,-7,-34,74
239340,162,22,4347,44,-8,-37,74
239345,157,23,4332,38,-12,-32,74
239350,152,32,4331,32,-3,-38,74
239355,155,33,4318,36,-7,-34,74
239360,156,22,4320,44,-11,-37,74
239365,156,24,4319,37,-9,-45,74
239370,156,31,4347,30,-12,-45,74
239375,160,29,4328,32,-14,-43,74
239380,155,65,4396,33,-12,-38,74
239385,-22,197,4635,32,-2,-52,74
239390,-317,399,5000,-2,115,-97,74
239395,-343,699,7127,-52,286,-218,74
239400,-1083,981,5704,-166,1304,-465,74
239405,-2537,-963,3568,-523,1468,-769,74
239410,-2485,-3231,3185,-171,551,-434,74
239415,-1655,-510,5454,276,261,471,75
239420,-1741,-333,1221,276,977,788,75
239425,-1374,575,1519,226,-219,794,75
239430,-913,556,3994,46,-925,647,75
239435,294,660,7325,-305,-610,348,75
239440,-1672,299,2716,-307,907,23,75
239445,-1164,-563,4577,-24,-314,22,75
239450,-482,816,6254,618,-474,87,75
239455,-803,79,2609,564,317,11,75
239460,-941,396,5249,787,-638,-28,75
239465,-623,523,6833,140,-406,-122,75
239470,-1284,422,1587,208,797,-307,75
239475,-950,-105,4589,11,-389,-410,75
239480,-757,145,3271,20,-75,-374,75
239485,-846,227,4203,115,25,-366,75
239490,-791,391,5143,177,-29,-384,75
239495,-706,-198,3725,-252,221,-415,75
239500,-621,222,7130,184,46,-407,75
239505,-953,300,4393,310,941,-438,75
239510,-870,-162,3058,283,1200,-497,75
239515,-530,-365,4279,505,999,-495,75
239520,-422,-815,3569,1083,1253,-503,75
239525,-144,-417,5257,1350,1290,-471,75
239530,-461,-1551,1350,1126,2170,-447,75
239535,121,-3138,3352,49,995,78,75
239540,-459,167,9596,15,439,1238,75
239545,-658,3816,3066,489,2055,1563,75
239550,489,872,5957,-2303,-120,1120,75
239555,147,1723,13540,-834,-719,671,75
239560,-1020,2503,4827,-1406,1277,362,75
239565,-1149,74,953,-843,655,-399,75
239570,-653,-2975,2753,42,-611,-749,75
239575,39,-257,182,1123,-537,-508,75
239580,-198,565,2448,15,-1085,-412,75
239585,438,562,2621,-2047,-1161,-250,75
239590,-556,604,4363,-1068,-231,-402,75
239595,-1266,-436,1565,157,844,-693,75
239600,-864,555,4135,596,-318,-806,75
239605,58,1359,7149,-872,-205,-750,75
239610,161,211,2364,106,815,-790,75
239615,137,533,7681,-374,-355,-824,75
239620,1011,-995,7637,-812,254,-739,75
239625,125,-1080,2801,-130,753,-496,75
239630,324,314,4630,159,-269,-288,75
239635,233,218,3189,-655,73,-255,75
239640,55,-220,3341,-778,-31,-370,75
239645,-41,-47,4067,-295,-330,-370,75
239650,-80,446,1690,763,-251,-450,75
239655,159,38,3787,859,-759,-654,75
239660,295,367,7444,-109,-628,-714,75
239665,-369,-254,3822,-164,845,-657,75
239670,-426,-513,2359,259,480,-487,75
239675,388,-189,7119,184,-832,-304,75
239680,472,-97,6688,-976,59,-129,75
239685,-175,992,3320,-210,1104,-76,76
239690,-82,588,2336,371,146,-359,76
239695,-153,-290,6864,191,-1094,-534,76
239700,-414,-1001,2935,-36,188,-473,76
239705,-414,-400,2369,917,-127,-326,76
239710,5,63,4534,688,-965,-236,76
239715,-284,-170,4270,219,-644,-271,76
239720,-180,269,3966,-648,-346,-178,76
239725,97,340,5183,491,-179,-236,76
239730,297,-10,3096,844,-162,-426,76
239735,1000,-266,7069,-67,-571,-384,76
239740,608,-265,5812,-4,358,-201,76
239745,346,175,4139,681,544,-168,76
239750,923,-339,4990,722,5,-195,76
239755,940,-48,4518,152,138,0,76
239760,346,-530,2780,-75,678,78,76
239765,392,52,2972,580,-206,134,76
239770,957,658,6750,265,-1060,110,76
239775,339,142,3329,-359,138,-29,76
239780,157,567,4679,-213,12,-30,76
239785,627,730,5583,238,-54,-193,76
239790,168,829,5620,622,477,-597,76
239795,258,-145,5119,31,1139,-870,76
239800,395,-1369,4316,-62,1699,-863,76
239805,275,-1333,2699,770,1837,-690,76
239810,235,495,-436,230,454,-323,76
239815,1423,-1272,3761,-2286,-1236,10,76
239820,550,-55,2833,-691,-1256,728,76
239825,138,1953,1686,-1861,-2105,1330,76
239830,-218,1554,5566,-2788,-3861,1173,76
239835,-451,1941,5480,-2215,-3006,450,76
239840,-465,716,5920,-2124,-1973,-207,76
239845,2019,-2318,12071,1641,-1358,-798,76
239850,1505,-1152,11537,2663,586,-822,76
239855,1987,-1308,10858,2277,825,-914,76
239860,-1194,20,2455,746,2881,-496,76
239865,474,-3083,-1720,-373,2378,-212,76
239870,-199,-588,1917,709,868,480,76
239875,485,-1087,3126,1273,309,878,76
239880,246,-1346,261,1166,226,1161,76
239885,230,1132,2229,449,-764,1465,76
239890,385,10,4894,-689,-653,1355,76
239895,157,1860,2447,-569,-19,1177,76
239900,358,1988,5849,201,-966,539,76
239905,339,1230,6557,927,-509,-83,76
239910,220,621,2662,406,402,-219,76
239915,470,647,7292,-523,-191,-179,76
239920,166,165,4246,-188,751,-247,76
239925,-70,129,3512,171,482,-297,76
239930,105,415,4593,291,222,-369,76
239935,215,-275,3030,-137,687,-433,77
239940,452,-782,4824,-1111,458,-265,77
239945,-83,143,3514,-987,831,73,77
239950,-230,909,3352,-361,535,58,77
239955,376,-158,6024,-132,118,-155,77
239960,195,-211,4519,128,711,-223,77
239965,157,-455,3410,-541,700,-207,77
239970,226,186,4169,-235,301,-207,77
239975,481,555,5207,224,-62,-379,77
239980,173,-79,4358,448,167,-531,77
239985,81,-521,4128,484,98,-619,77
239990,64,-1184,3825,-174,-19,-473,77
239995,-87,-208,4147,23,-49,-168,77
240000,-173,244,3877,514,-93,-95,77
240005,144,411,4474,517,-303,-117,77
240010,220,448,3522,381,-23,-185,77
240015,418,617,5532,-487,-147,-238,77
240020,274,-238,4613,-891,273,-233,77
240025,40,777,4114,-496,280,-120,77
240030,409,935,4895,-75,160,-261,77
240035,191,42,2889,29,504,-474,77
240040,543,-433,5372,-590,-57,-433,77
240045,92,-373,3885,-684,311,-296,77
240050,151,93,3488,-501,55,-241,77
240055,563,23,5588,-6,-317,-378,77
240060,376,-262,4302,292,137,-513,77
240065,133,-194,4487,515,139,-543,77
240070,318,-261,5304,35,209,-558,77
240075,107,-641,4255,-153,581,-394,77
240080,-112,-859,4109,-256,479,-162,77
240085,-54,57,4119,-218,683,46,77
240090,106,166,3790,68,679,64,77
240095,161,125,2977,67,487,84,77
240100,197,621,4738,-572,142,152,77
240105,31,475,4135,-623,283,70,77
240110,45,247,5058,-531,-39,-11,77
240115,119,97,5444,-194,14,-101,77
240120,123,274,3002,304,348,-236,77
240125,429,-86,4297,160,-277,-358,77
240130,56,-1061,4288,165,-234,-377,77
240135,-25,-1213,3455,-55,-124,-176,77
240140,205,-205,5476,-245,-529,83,77
240145,-150,104,4308,-142,-58,125,77
240150,-207,-103,4341,-12,96,76,77
240155,115,-35,4684,193,72,131,77
240160,72,15,4145,417,265,208,77
240165,-138,-208,3555,472,411,264,77
240170,-179,-375,3613,443,201,397,77
240175,-238,-501,3279,701,58,492,77
240180,-61,-309,4595,606,-264,622,77
240185,888,491,11782,-2359,-114,899,77
240190,961,27,4063,-2881,2487,984,77
240195,831,3273,5730,-1800,747,627,77
240200,1227,2029,6332,-1215,387,-402,77
240205,830,1629,3491,-1537,1096,-952,77
240210,340,773,1737,-1886,420,-1366,77
240215,132,-1653,2149,-1081,-664,-1748,77
240220,-215,-1519,7006,99,-1350,-1601,77
240225,-896,740,1474,1838,906,-1451,77
240230,521,-3794,10622,847,-375,-1308,77
240235,133,-1768,5826,1197,1710,-778,77
240240,356,-1710,2456,981,1991,-445,77
240245,574,-495,6324,1212,949,-207,77
240250,497,60,4235,881,1880,-113,77
240255,209,55,3079,871,1751,-34,77
240260,168,1045,4681,1160,1007,1,77
240265,248,583,3881,1249,1091,-170,77
240270,342,200,3099,932,1088,-222,77
240275,233,-217,2477,658,850,-144,77
240280,-80,-147,3480,536,164,-28,77
240285,-65,-31,3853,-102,-59,96,77
240290,-217,242,3013,-228,-66,161,78
240295,-292,631,5668,-353,-470,142,78
240300,-145,427,5051,-296,86,17,78
240305,-147,-16,4008,-75,271,-121,78
240310,80,-300,4751,104,2,-160,78
240315,-41,-605,4079,12,261,-41,78
240320,-224,-808,2776,29,265,183,78
240325,82,-233,5099,-45,-331,366,78
240330,83,-219,4121,-13,-73,422,78
240335,11,224,4451,-96,-323,408,78
240340,50,836,4526,-75,-380,265,78
240345,36,745,5195,126,-261,-36,78
240350,-96,538,4518,238,50,-318,78
240355,-62,259,4118,521,172,-541,78
240360,54,-70,4140,446,208,-630,78
240365,-134,-405,3304,151,323,-582,78
240370,98,-345,4613,32,-7,-387,78
240375,-7,-248,3866,-7,143,-194,78
240380,99,-14,4618,171,-158,-53,78
240385,87,23,5323,400,-228,26,78
240390,3,-320,4730,293,81,61,78
240395,-117,73,4617,142,156,123,78
240400,-98,108,4148,55,224,62,78
240405,30,87,4745,-99,174,-7,78
240410,-189,254,4289,-97,481,-29,78
240415,60,402,4280,168,470,-121,78
240420,-16,-21,3735,516,411,-243,78
240425,115,-372,3713,364,220,-221,78
240430,-91,-498,3002,357,107,-67,78
240435,17,-81,5584,86,-474,96,78
240440,-127,80,4050,-35,-12,166,78
240445,-41,-554,4638,-90,-247,222,78
240450,-33,129,4484,-164,-181,413,78
240455,-156,530,4575,-51,-201,441,78
240460,109,243,4768,118,-329,275,78
240465,131,127,4539,92,-183,186,78
240470,-74,193,3781,-144,24,141,78
240475,42,116,4245,-199,-121,54,78
240480,38,175,4790,-135,-144,-34,78
240485,-18,-14,3806,-10,86,-92,78
240490,132,-455,3984,-50,-73,-104,78
240495,109,-499,4751,72,-124,-2,78
240500,30,-365,4859,198,-61,117,78
240505,86,-50,4406,340,48,216,78
240510,-151,113,4654,272,148,233,78
240515,-338,35,3508,69,314,198,78
240520,-25,211,4756,129,24,168,78
240525,-33,619,4438,3,222,94,78
240530,-266,-41,3763,8,292,-65,78
240535,9,-139,4106,168,28,-113,78
240540,-51,-132,3648,124,-6,-67,78
240545,57,-52,4356,107,-213,-4,78
240550,48,-19,4642,-57,-155,54,78
240555,-99,-128,4844,-57,-32,97,78
240560,23,189,4886,22,24,140,78
240565,81,103,4548,3,240,111,78
240570,-51,-364,4522,42,399,65,78
240575,-102,-717,3728,169,391,113,78
240580,159,-234,4270,243,94,293,78
240585,47,47,4045,-152,185,414,78
240590,-272,212,5070,-170,216,443,78
240595,-112,982,5218,-66,291,346,78
240600,18,747,4668,2,469,73,78
240605,-88,123,4190,28,556,-177,78
240610,-258,28,3087,206,576,-294,78
240615,-61,-176,3602,489,189,-396,78
240620,-6,-916,4398,438,55,-371,78
240625,11,-977,3914,374,206,-134,78
240630,-290,-655,5474,266,69,147,78
240635,-505,225,3871,347,375,320,78
240640,-171,1124,4742,250,201,255,78
240645,-67,550,5510,258,548,-11,78
240650,-201,752,4876,481,896,-243,78
240655,-70,618,4427,664,908,-515,78
240660,-133,-246,2987,642,1171,-743,78
240665,473,-3336,504,92,544,-607,78
240670,455,-1238,3070,-441,-974,336,78
240675,351,-198,4873,-414,-1449,1081,78
240680,-266,309,5994,-658,-1839,1526,78
240685,-444,833,5451,-664,-1446,1593,78
240690,-318,409,5405,-365,-1075,1391,78
240695,-71,-485,3688,-108,-664,1228,78
240700,275,6,2111,289,-1071,1286,78
240705,582,1412,3754,552,-1634,1148,78
240710,556,284,1426,318,-1081,662,78
240715,236,71,4318,-297,-1615,472,78
240720,516,848,8916,-1192,-2006,413,78
240725,-91,1187,6644,-1164,-718,216,78
240730,-118,690,6019,-909,-414,-176,78
240735,251,1611,7344,-726,-249,-494,78
240740,235,443,4248,-748,623,-894,78
240745,-303,980,965,-864,761,-1069,78
240750,-186,853,2018,-767,-423,-1333,78
240755,3,-546,3421,-761,-912,-1576,79
240760,-46,-946,3376,-917,-669,-1470,79
240765,-80,-478,2483,-920,-417,-1223,79
240770,-75,-215,3029,-863,-671,-1082,79
240775,-12,-388,3939,-1125,-1131,-954,79
240780,163,-672,7222,-1104,-1569,-796,79
240785,509,1115,6200,470,-597,-842,79
240790,807,-462,7830,811,-353,-1105,79
240795,629,-1430,8206,1431,73,-1087,79
240800,181,-728,3672,1294,1357,-817,79
240805,275,-1598,1403,1343,1336,-667,79
240810,253,-1296,2270,1404,829,-343,79
240815,100,-879,2659,1268,618,-27,79
240820,-85,-374,3386,1119,325,260,79
240825,-412,345,3763,862,481,423,79
240830,-300,259,3343,709,598,488,79
240835,-120,664,6535,690,39,550,79
240840,-444,812,3610,642,661,539,79
240845,-127,1000,4038,598,218,393,79
240850,102,336,4498,380,72,229,79
240855,50,141,3416,167,188,187,79
240860,-125,122,3002,141,-143,146,79
240865,-119,2,3648,166,-470,42,79
240870,-279,78,4381,182,-541,-22,79
240875,-150,32,4331,-133,-397,-75,79
240880,-54,30,4809,-206,-299,-105,79
240885,-204,253,4451,-43,-223,-150,79
240890,29,272,4785,107,-292,-247,79
240895,224,212,4752,39,-159,-302,79
240900,-62,43,4380,151,3,-343,79
240905,-90,-328,3822,319,-10,-346,79
240910,-87,-155,3744,374,-167,-276,79
240915,37,58,5017,86,-384,-189,79
240920,-228,-16,4332,-220,-33,-157,79
240925,-289,230,4406,-239,-91,-146,79
240930,-103,522,4256,-172,-183,-199,79
240935,-49,607,4301,20,-207,-349,79
240940,153,-170,4095,46,-182,-496,79
240945,69,-722,3907,79,-165,-439,79
240950,105,-398,4123,256,-385,-252,79
240955,224,-391,5979,15,-516,-138,79
240960,-13,-505,5383,-22,-20,-12,79
240965,-233,-177,4564,-78,162,136,79
240970,-290,285,3829,-81,354,196,79
240975,-142,492,3722,-6,307,128,79
240980,-63,428,3630,23,289,-23,79
240985,164,-118,3511,-32,174,-99,79
240990,3,81,3574,-69,-53,-53,79
240995,-147,271,4310,53,-344,-54,79
241000,112,177,6106,-98,-522,-104,79
241005,-301,-126,4567,-216,36,-124,79
241010,-303,-220,3643,-397,70,-57,79
241015,-131,293,4705,-180,-166,-51,79
241020,186,36,4120,-68,-130,-174,79
241025,149,-413,3664,-162,-169,-201,79
241030,34,-50,4625,185,-355,-136,79
241035,98,-206,4842,350,-299,-147,79
241040,140,-319,5024,187,-127,-108,79
241045,-113,-218,4469,94,173,15,79
241050,-140,542,4551,68,46,57,79
241055,4,589,4553,12,40,-78,79
241060,-39,264,3218,33,240,-241,79
241065,-105,80,2944,62,-87,-265,79
241070,-52,265,3451,-76,-519,-196,79
241075,9,-18,4048,9,-622,-202,79
241080,121,-267,5399,-19,-659,-193,79
241085,-185,-374,5317,-276,-384,-95,79
241090,-155,87,4858,-385,-59,39,79
241095,-115,43,3922,-85,38,-19,79
241100,115,-407,4253,-175,-266,-68,79
241105,3,147,3723,-140,-128,18,79
241110,-1,293,3775,-39,-368,-20,79
241115,41,190,4481,52,-503,-118,79
241120,-172,86,4876,-51,-277,-163,79
241125,-98,62,4712,-41,-72,-182,79
241130,-77,186,3462,-120,-67,-213,79
241135,284,-46,4952,-235,-576,-249,79
241140,81,224,4420,-204,-356,-222,79
241145,104,114,3942,-329,-238,-217,79
241150,185,-236,4774,-223,-364,-214,79
241155,145,-285,5352,68,-194,-171,79
241160,-77,-319,4272,-50,145,-93,79
241165,-190,-269,3557,-98,120,-9,79
241170,-204,214,3171,-96,3,8,79
241175,73,218,3562,-38,-243,-107,79
241180,-213,167,3434,65,-394,-175,79
241185,56,472,5832,79,-755,-225,79
241190,-82,196,4006,70,-114,-334,79
241195,-69,-341,4281,140,-294,-411,79
241200,88,-134,5161,83,-489,-354,79
241205,-5,387,4353,-61,-286,-283,79
241210,16,124,4494,116,-288,-386,79
241215,237,-211,4082,235,-193,-475,79
241220,223,-19,4318,625,-142,-489,79
241225,7,-47,4236,942,30,-554,79
241230,185,-69,5822,767,110,-599,79
241235,-114,-916,2400,420,782,-577,79
241240,251,-1306,2498,-221,-25,-270,79
241245,208,-592,4641,-401,-1000,203,80
241250,-23,5,3601,-432,-876,585,80
241255,-87,731,2992,-448,-1205,847,80
241260,-359,1321,4814,-67,-1889,825,80
241265,-384,877,4284,-69,-1600,630,80
241270,-255,-395,3015,117,-1475,419,80
241275,-62,-784,4545,11,-1938,471,80
241280,876,-577,8908,-1454,-1764,682,80
241285,1019,-846,4839,-1367,133,912,80
241290,654,411,7312,-1599,-214,1165,80
241295,739,1510,7213,-1406,851,963,80
241300,808,2829,3709,-350,1039,390,80
241305,1128,1558,4371,169,469,-553,80
241310,460,-72,3454,45,986,-1278,80
241315,-502,-2706,1241,363,390,-1550,80
241320,-270,-1784,4039,739,-1142,-1108,80
241325,236,-580,3035,470,-978,-603,80
241330,305,-912,3821,441,-1306,-339,80
241335,-82,-513,5650,655,-1341,-126,80
241340,-310,1351,4121,1009,-682,-101,80
241345,-174,1247,4699,614,-833,-401,80
241350,103,1003,4918,405,-589,-777,80
241355,8,734,4653,390,-396,-1071,80
241360,147,107,4256,538,-303,-1252,80
241365,239,-542,3622,740,-424,-1169,80
241370,155,-850,3437,530,-611,-810,80
241375,92,-1329,2665,409,-750,-399,80
241380,205,-894,4825,515,-1242,53,80
241385,157,-405,5832,250,-1043,398,80
241390,-155,-352,4722,261,-583,550,80
241395,105,257,5330,292,-506,540,80
241400,166,920,4393,339,-162,387,80
241405,117,546,3616,177,-147,96,80
241410,361,119,4008,238,-310,-76,80
241415,203,190,3545,412,-302,-92,80
241420,10,63,3185,520,-428,-81,80
241425,317,-114,6033,329,-829,-49,80
241430,48,-483,3585,365,-245,29,80
241435,-35,-631,5127,199,-657,184,80
241440,-1,-139,4332,135,-318,350,80
241445,211,96,5706,352,-499,384,80
241450,163,299,4852,525,-225,335,80
241455,133,-28,4448,605,-89,277,80
241460,9,-224,3371,653,21,275,80
241465,-146,39,3674,734,-240,306,80
241470,-62,26,4057,679,-378,283,80
241475,156,-135,3118,542,-449,249,80
241480,295,207,4307,324,-723,249,80
241485,-5,674,3054,668,-622,197,80
241490,188,826,5574,760,-1211,31,80
241495,168,-161,5047,856,-663,-153,80
241500,-30,-656,3142,821,-348,-86,80
241505,76,-388,3477,1161,-784,90,80
241510,321,-633,3237,1328,-982,225,80
241515,554,-563,4576,818,-1172,458,80
241520,509,498,6003,369,-1021,672,80
241525,66,239,5174,231,-649,652,80
241530,34,527,6008,102,-599,608,80
241535,239,1019,5656,-93,-19,501,80
241540,257,740,5501,-9,321,278,80
241545,227,233,3066,119,650,90,80
241550,356,-215,2460,119,296,57,80
241555,504,-291,3165,329,-234,152,80
241560,428,-173,3791,163,-415,276,80
241565,19,-280,4091,157,-332,350,80
241570,128,-174,5432,-26,-451,428,80
241575,-181,-51,4611,210,-180,458,80
241580,-28,-34,4696,443,-232,466,80
241585,255,-364,3699,135,-4,507,80
241590,334,267,4661,299,-450,570,80
241595,92,859,4340,272,-627,473,80
241600,14,939,4722,99,-619,216,80
241605,254,1115,4219,101,-504,-24,80
241610,134,709,3875,149,-232,-306,80
241615,349,-154,3501,396,-196,-505,80
241620,439,-368,4048,509,-578,-497,80
241625,303,-649,4631,414,-740,-336,80
241630,90,-772,4615,134,-700,-58,80
241635,-82,-628,3740,67,-567,222,80
241640,304,261,7912,-322,-776,470,80
241645,72,614,3281,-292,463,507,80
241650,213,867,5513,-15,80,402,80
241655,448,134,3643,4,591,185,80
241660,584,3,3638,-140,400,126,80
241665,384,94,4530,20,140,184,80
241670,46,524,4393,-105,131,239,80
241675,246,637,5661,-715,94,182,80
241680,162,502,4463,-387,425,2,81
241685,180,330,5024,43,348,-189,81
241690,230,-607,3395,-51,545,-325,81
241695,225,-922,2527,41,161,-197,81
241700,-23,-20,4661,-37,-403,48,81
241705,-59,12,3969,-464,-66,93,81
241710,92,242,5223,-160,-267,111,81
241715,-134,1000,3060,392,65,-20,81
241720,353,767,5211,721,-141,-334,81
241725,91,417,3576,963,347,-601,81
241730,33,695,6044,702,177,-817,81
241735,-91,-293,3359,72,1110,-1110,81
241740,560,-3259,1716,26,630,-1019,81
241745,1414,-817,3383,-286,-671,14,81
241750,273,1015,4534,-41,-1052,695,81
241755,112,-102,4746,500,-1158,618,81
241760,77,764,4744,207,-1167,633,81
241765,-292,1339,4088,-836,-716,532,81
241770,-320,792,3876,-618,-567,151,81
241775,57,521,3616,-449,-590,-169,81
241780,349,90,3131,-118,-700,-381,81
241785,456,373,4408,-124,-864,-395,81
241790,100,-109,4000,-544,-391,-331,81
241795,105,-203,4534,-1331,-303,-175,81
241800,194,-216,5945,-1126,-413,-44,81
241805,-37,275,3326,-1058,52,61,81
241810,171,1006,4651,-965,-246,12,81
241815,220,814,3706,-216,-69,-359,81
241820,954,340,7371,-237,-454,-707,81
241825,565,-744,5965,86,272,-921,81
241830,483,-762,6330,658,296,-850,81
241835,543,-901,4950,929,869,-731,81
241840,626,-1601,3668,957,961,-534,81
241845,624,-956,4286,601,614,-77,81
241850,467,-388,3746,383,910,278,81
241855,357,-77,3482,278,1054,475,81
241860,118,1180,4457,471,632,584,81
241865,243,1343,4971,408,670,327,81
241870,342,375,4004,547,888,-65,81
241875,194,605,3840,575,729,-172,81
241880,-98,922,3425,604,714,-283,81
241885,-1,641,4124,-65,498,-500,81
241890,104,-331,4222,-137,555,-648,81
241895,7,-77,3431,111,275,-567,81
241900,213,49,3815,31,-129,-488,81
241905,189,-391,4247,175,-145,-439,81
241910,23,147,4438,254,-129,-307,81
241915,89,86,4291,-157,-16,-263,81
241920,217,-473,5575,-238,233,-223,81
241925,-16,197,4721,85,599,-133,81
241930,217,468,4340,301,606,-212,81
241935,296,304,5292,369,769,-402,81
241940,372,-338,3455,-16,1197,-450,81
241945,387,-574,3947,-397,838,-286,81
241950,-40,326,3719,46,599,-175,81
241955,526,259,3783,36,188,-135,81
241960,475,211,5302,-130,-120,-99,81
241965,139,1062,3529,-88,447,-91,81
241970,24,865,3480,125,61,-334,81
241975,161,291,5775,12,-460,-616,81
241980,-70,-325,3962,146,312,-714,81
241985,-44,-569,3135,186,141,-612,81
241990,181,-165,4777,256,-238,-465,81
241995,4,-503,3696,90,132,-327,81
242000,416,-146,5445,-346,-142,-103,81
242005,32,316,2759,-221,291,-21,81
242010,70,337,5466,-141,-336,-76,81
242015,580,110,3938,272,92,-210,81
242020,538,214,4001,614,-185,-295,81
242025,336,616,5171,-21,-404,-301,81
242030,203,132,4465,-208,-37,-398,81
242035,130,-290,3980,-193,-244,-443,82
242040,27,566,4041,-24,-496,-357,82
242045,-19,370,4214,259,-366,-466,82
242050,128,150,3707,353,-272,-480,82
242055,61,-276,4187,-141,-400,-363,82
242060,210,-566,3991,-208,-246,-217,82
242065,16,198,4863,-26,-452,-14,82
242070,389,427,4792,76,-400,-3,82
242075,191,-18,4047,396,-193,-98,82
242080,97,869,5120,449,-355,-109,82
242085,248,-187,3881,-107,32,-267,82
242090,236,-361,4098,103,43,-330,82
242095,185,-255,3728,516,-123,-342,82
242100,346,-112,4360,283,-341,-285,82
242105,304,-457,4190,776,-265,-254,82
242110,283,-261,2927,815,-328,-70,82
242115,173,217,5406,884,-810,-24,82
242120,8,-843,2793,685,-195,-14,82
242125,269,-515,3690,429,-673,271,82
242130,121,272,4899,976,-943,443,82
242135,8,740,3244,1409,-721,440,82
242140,315,-406,3985,1306,-1201,361,82
242145,85,-278,3587,1693,-1377,375,82
242150,-106,-426,2324,1776,-1615,499,82
242155,175,-436,3819,1929,-2402,634,82
242160,272,134,5658,2076,-2352,724,82
242165,432,827,7541,847,-1650,740,82
242170,574,114,9799,-460,-393,677,82
242175,1851,2035,7003,-2230,1196,960,82
242180,928,852,8266,-2359,1634,1243,82
242185,1000,1290,6111,-2029,2440,1221,82
242190,-8,1966,4102,-1261,2728,777,82
242195,-43,2199,388,-1055,2421,-77,82
242200,649,814,3316,-1583,1618,-825,82
242205,-453,-977,-1801,-1484,1742,-1118,82
242210,709,-143,264,-1340,-412,-1121,82
242215,725,914,3055,-1148,-1648,-1067,82
242220,78,107,3676,-1491,-1491,-1070,82
242225,-285,-1917,7038,-594,-1506,-1002,82
242230,-60,-2221,7621,894,-851,-626,82
242235,333,-279,8427,734,-695,-104,82
242240,864,96,9314,1321,276,-44,82
242245,186,-490,3735,1395,1647,-114,82
242250,652,-490,4297,1180,831,-45,82
242255,432,-326,2478,745,886,58,82
242260,238,-437,1524,614,448,132,82
242265,184,320,3253,638,-446,264,82
242270,321,618,2484,680,-422,314,82
242275,514,990,4731,648,-771,296,82
242280,399,683,4988,163,-620,228,82
242285,205,534,5340,-124,-415,170,82
242290,341,-186,5140,157,-267,58,82
242295,968,-60,6147,67,-548,146,82
242300,634,505,5808,84,-163,225,82
242305,297,218,3813,39,344,156,82
242310,460,-18,4591,-8,81,130,82
242315,183,209,4700,-248,349,155,82
242320,-28,-312,2829,-95,502,127,82
242325,454,-111,2746,154,-263,158,82
242330,661,555,5201,38,-728,205,82
242335,246,302,4120,-10,-262,142,82
242340,321,434,6038,-307,-496,96,82
242345,176,709,5415,-422,-1,-10,82
242350,-41,530,4902,-321,296,-166,82
242355,382,73,4029,-62,331,-339,82
242360,529,-478,3017,-77,228,-356,82
242365,114,246,3511,286,-39,-224,83
242370,-107,-83,3143,469,-76,-187,83
242375,347,-260,6805,12,-571,-84,83
242380,-199,-15,2197,-422,470,122,83
242385,-83,-186,4734,-451,-157,251,83
242390,110,118,4779,-242,-36,321,83
242395,102,1147,5169,-128,-36,319,83
242400,477,789,5566,-655,204,136,83
242405,145,890,4586,-648,640,-55,83
242410,90,873,4044,-191,481,-369,83
242415,494,-156,1845,184,249,-714,83
242420,360,28,2749,340,-536,-760,83
242425,115,-21,4254,601,-970,-843,83
242430,225,-577,5349,-155,-886,-837,83
242435,36,-1063,3716,-461,-399,-633,83
242440,95,-210,5628,-137,-845,-357,83
242445,261,339,4661,209,-467,-217,83
242450,355,657,5083,432,-249,-228,83
242455,370,207,4669,-73,184,-272,83
242460,319,-158,4165,-227,345,-220,83
242465,111,236,4407,-542,210,-107,83
242470,86,-23,3020,-558,325,-76,83
242475,162,239,3446,-275,0,-37,83
242480,412,665,4873,5,-178,-111,83
242485,331,476,4545,-548,180,-171,83
242490,117,40,4673,-547,45,-285,83
242495,142,331,4859,-247,2,-339,83
242500,313,476,5166,-37,345,-442,83
242505,280,722,5301,537,817,-685,83
242510,309,354,4106,275,1208,-917,83
242515,622,26,4978,348,1272,-1075,83
242520,578,-182,5015,462,1630,-1186,83
242525,-22,-556,4105,755,1904,-1215,83
242530,316,-164,4023,1169,1932,-1132,83
242535,455,-459,4770,1522,2107,-1025,83
242540,434,-433,3870,1384,2191,-843,83
242545,447,-2130,2087,549,1525,-528,83
242550,382,-1908,2008,81,391,172,83
242555,179,813,1892,689,-469,927,83
242560,-320,929,2231,-88,-1365,1250,83
242565,100,1928,4482,-2384,-2247,1483,83
242570,138,4007,6953,-3313,-1957,1220,83
242575,-621,1214,4768,-3532,-1282,416,83
242580,28,371,6097,-2368,-1164,-126,83
242585,511,1192,5003,-1315,-178,-483,83
242590,742,692,7778,-1713,220,-553,83
242595,335,148,1666,-1541,1982,-643,83
242600,1167,-976,1217,-503,371,-836,83
242605,1474,-378,6669,-22,-1364,-905,83
242610,715,-2017,4841,318,130,-943,83
242615,-237,-2305,318,271,-10,-657,83
242620,-37,-1368,6600,657,-2000,-300,83
242625,-59,587,5435,536,-531,20,83
242630,-175,-258,3778,324,49,110,83
242635,130,271,4065,679,-263,162,83
242640,610,658,4855,504,-160,137,83
242645,254,784,3297,347,614,-3,83
242650,423,746,4318,-12,264,-128,83
242655,272,1110,4673,492,138,-423,83
242660,269,458,4252,286,335,-737,83
242665,276,-397,3754,383,327,-791,83
242670,181,280,4089,862,15,-624,83
242675,204,-111,3953,904,-5,-596,83
242680,43,-670,3337,689,-5,-459,83
242685,240,-12,4877,799,-353,-293,83
242690,342,-1014,4744,139,-106,-117,83
242695,484,-954,4233,-176,-57,254,83
242700,569,-18,6295,-221,-365,586,83
242705,395,253,5292,-129,97,640,83
242710,418,527,4483,124,150,553,83
242715,306,600,3777,410,274,396,83
242720,2,683,3408,571,363,179,84
242725,141,398,4231,614,161,-46,84
242730,362,37,3264,101,202,-84,84
242735,265,-68,4441,-145,-12,-7,84
242740,117,108,4592,-99,53,66,84
242745,363,231,4697,116,-44,90,84
242750,208,358,4193,340,140,139,84
242755,201,263,4278,439,138,156,84
242760,155,14,4539,392,239,121,84
242765,196,-84,5324,139,384,149,84
242770,204,384,4886,66,418,163,84
242775,204,176,3774,137,558,53,84
242780,313,83,4301,274,318,-41,84
242785,421,-2,4246,14,430,-59,84
242790,-6,-550,4134,3,611,12,84
242795,17,15,4445,184,437,188,84
242800,152,419,4342,323,410,189,84
242805,260,504,3901,418,519,61,84
242810,94,300,4207,385,441,-56,84
242815,273,-18,3561,-178,458,-97,84
242820,197,-71,4598,-192,316,-41,84
242825,395,191,5504,-71,43,58,84
242830,292,-9,3109,219,342,97,84
242835,543,357,3751,598,-267,141,84
242840,318,719,5771,465,-392,92,84
242845,168,184,4016,-153,75,-39,84
242850,-63,116,4154,-191,-111,-78,84
242855,-135,219,5500,-132,-167,-118,84
242860,164,-264,4689,-22,315,-141,84
242865,197,-488,3002,332,422,-31,84
242870,448,-15,4514,178,37,105,84
242875,232,-327,3969,-245,419,200,84
242880,111,-413,4309,-114,154,366,84
242885,133,4,4701,30,118,489,84
242890,46,215,4198,204,393,509,84
242895,168,187,3085,550,300,424,84
242900,372,261,4365,682,-118,290,84
242905,343,352,5587,232,-30,139,84
242910,209,517,4566,100,147,24,84
242915,20,162,3620,77,179,-117,84
242920,98,753,2815,789,-95,-283,84
242925,262,-123,6167,913,-593,-472,84
242930,226,-492,3874,-84,365,-329,84
242935,39,-477,4350,-246,405,-139,84
242940,-131,163,4757,269,200,-47,84
242945,219,360,5477,408,307,-18,84
242950,48,-40,4664,444,1108,-10,84
242955,21,-1506,1562,459,1342,113,84
242960,1567,-745,3304,-332,433,673,84
242965,-94,752,3613,-628,251,1413,84
242970,325,-66,3376,-459,-258,1387,84
242975,-202,1291,3304,-341,-767,1313,84
242980,40,664,3353,-554,-1014,1162,84
242985,233,865,3916,238,-1500,820,84
242990,172,1526,4637,194,-1613,349,84
242995,355,221,5404,-353,-746,-37,84
243000,-26,-480,2462,128,99,-235,84
243005,-231,-140,3174,823,-810,-296,84
243010,-23,-314,5510,747,-877,-379,84
243015,33,-783,2961,-72,-30,-294,84
243020,204,-185,5257,-654,-516,6,84
243025,198,326,4975,-1240,-687,256,84
243030,24,953,3540,-1479,-786,352,84
243035,87,1985,4800,-1288,-1195,294,84
243040,54,1702,4205,-1156,-901,-79,84
243045,304,1472,7536,-664,-950,-497,84
243050,1482,-194,5385,-335,-377,-942,85
243055,1518,-671,7489,326,-889,-1228,85
243060,420,410,6452,1057,215,-1276,85
243065,496,-576,4471,1393,1122,-1328,85
243070,414,-3145,3768,1608,1592,-1273,85
243075,14,-1589,3222,1231,2001,-653,85
243080,-274,-1618,2337,1036,1896,-174,85
243085,-172,-919,1757,852,1393,279,85
243090,287,75,3598,465,902,851,85
243095,166,592,2568,622,1032,1088,85
243100,-397,1322,1816,652,584,944,85
243105,-83,2045,4518,609,-222,575,85
243110,343,923,5295,199,-44,124,85
243115,363,1159,4506,100,52,-47,85
243120,251,1152,6142,308,-204,-396,85
243125,341,562,6347,764,124,-706,85
243130,319,-252,3824,806,509,-873,85
243135,175,-634,4028,396,163,-815,85
243140,188,-1080,5191,410,125,-602,85
243145,29,-340,2893,410,563,-252,85
243150,5,-66,3359,356,109,-37,85
243155,99,292,4483,511,-78,33,85
243160,13,196,3382,316,301,25,85
243165,49,564,3275,659,27,-61,85
243170,504,705,5255,5,-414,-188,85
243175,211,813,6770,81,3,-287,85
243180,112,908,4765,213,526,-402,85
243185,299,533,4856,463,251,-595,85
243190,174,-135,3294,440,358,-714,85
243195,484,-546,3641,307,-162,-656,85
243200,379,1152,5229,6,-388,-524,85
243205,-34,216,3785,102,177,-776,85
243210,549,-1028,4893,227,-352,-809,85
243215,352,-237,5775,610,-262,-563,85
243220,-196,-290,2775,288,353,-366,85
243225,134,-702,5563,22,-262,-174,85
243230,236,214,5697,10,163,161,85
243235,-144,1070,4205,-7,740,287,85
243240,146,469,5212,-125,580,176,85
243245,413,395,3586,-81,847,144,85
243250,187,201,2062,246,622,82,85
243255,168,458,5055,26,-400,77,85
243260,261,255,4123,-330,-154,50,85
243265,190,358,3777,-75,-234,-42,85
243270,506,-173,5888,412,-652,-237,85
243275,378,-636,4001,134,-156,-254,85
243280,50,-196,4197,212,-222,-142,85
243285,307,480,6414,41,-457,-82,85
243290,199,124,3911,-171,240,-77,85
243295,171,819,4345,44,119,-46,85
243300,437,544,3913,352,147,-213,85
243305,456,-375,3536,282,42,-276,85
243310,15,-113,3954,91,-111,-88,85
243315,-29,452,4299,-304,-256,91,85
243320,-1,707,4995,-431,-252,86,85
243325,-117,482,4302,-415,37,-30,85
243330,253,351,4952,-142,-149,-149,85
243335,321,-126,3695,72,-16,-222,85
243340,93,-163,4150,-71,-238,-123,85
243345,34,-200,4355,-328,-269,26,85
243350,0,190,3898,-332,-71,116,85
243355,260,345,4586,-196,-223,59,85
243360,266,415,3744,143,-121,-77,85
243365,49,17,3349,367,-283,-216,85
243370,-20,-168,3517,422,-555,-228,85
243375,-140,-11,3393,624,-726,-155,85
243380,-169,-261,3579,944,-901,-119,85
243385,32,-59,3495,1276,-948,-66,85
243390,52,-516,3407,922,-933,-31,85
243395,218,-656,5033,970,-1083,150,85
243400,203,-563,4240,704,-1031,450,85
243405,-99,185,4129,966,-1291,690,86
243410,218,408,5153,1009,-1422,772,86
243415,435,-168,3781,812,-1197,821,86
243420,432,-47,3929,1267,-1353,964,86
243425,525,2459,12119,-57,-1416,1165,86
243430,-98,586,289,-1872,1480,1076,86
243435,367,2231,3833,-1899,-648,845,86
243440,1270,2868,7226,-621,-1271,62,86
243445,467,2107,3846,-880,197,-656,86
243450,69,-239,2422,-933,-14,-1167,86
243455,-346,1453,2432,-863,-788,-1099,86
243460,316,435,3997,-1303,-1067,-1418,86
243465,926,-675,6630,4,-677,-1667,86
243470,662,438,3371,602,-123,-1616,86
243475,1469,-2058,9047,481,-1150,-1632,86
243480,75,-788,7993,1220,381,-1110,86
243485,745,-2282,8782,951,473,-607,86
243490,325,-954,6041,985,1272,-104,86
243495,765,-549,5644,1503,1725,127,86
243500,39,-1003,3277,1553,2051,338,86
243505,116,244,2995,1381,1442,642,86
243510,-295,780,1968,1268,1077,631,86
243515,-470,1176,858,649,524,601,86
243520,538,1432,3917,229,-282,482,86
243525,202,-42,2443,-355,-3,370,86
243530,132,18,4010,61,-829,434,86
243535,431,1041,5767,204,-1338,493,86
243540,442,608,5539,48,-971,396,86
243545,310,429,5326,51,-691,309,86
243550,416,497,5364,-101,-465,211,86
243555,364,100,4535,-433,-208,175,86
243560,367,415,4150,-350,-139,213,86
243565,379,484,4610,273,-118,117,86
243570,387,115,4158,173,99,12,86
243575,227,-91,4596,109,155,5,86
243580,-191,-59,3038,218,383,29,86
243585,56,693,4910,125,-33,11,86
243590,338,40,3650,50,254,-155,86
243595,367,-86,3807,-50,61,-145,86
243600,243,465,5076,383,-221,-118,86
243605,243,346,3637,344,-53,-152,86
243610,240,112,4696,483,-329,-160,86
243615,201,492,5422,241,-92,-123,86
243620,33,-168,3593,-36,222,-141,86
243625,274,-455,4197,-167,-121,-7,86
243630,276,509,3440,365,-135,155,86
243635,367,406,4229,268,-398,140,86
243640,387,433,5073,-212,-280,176,86
243645,240,944,4653,-184,101,127,86
243650,194,962,5360,-336,77,-65,86
243655,280,235,4879,-56,388,-308,86
243660,288,-387,3056,273,625,-387,86
243665,292,-673,2654,229,203,-225,86
243670,101,-86,4638,365,-319,32,86
243675,73,-179,2958,47,-67,164,86
243680,130,192,4167,37,-515,246,86
243685,299,326,5527,45,-532,212,86
243690,203,776,4446,191,-141,99,86
243695,-59,535,4319,405,-158,-100,86
243700,163,179,5106,352,-164,-204,86
243705,-24,365,3722,493,201,-218,86
243710,165,160,3160,76,-63,-194,86
243715,616,-590,5216,10,-455,-101,86
243720,169,-187,3614,146,82,174,86
243725,44,233,3033,123,-34,388,86
243730,74,170,4007,177,-525,476,86
243735,95,341,4906,167,-485,489,86
243740,72,1412,4323,217,-170,368,86
243745,284,1579,6212,-172,-148,2,86
243750,277,612,5432,-189,573,-450,86
243755,353,-94,3022,44,792,-654,86
243760,179,-75,5324,149,200,-638,87
243765,-156,22,3982,459,648,-552,87
243770,254,367,4170,-163,438,-441,87
243775,401,-355,5499,-115,377,-427,87
243780,-12,282,4679,207,925,-297,87
243785,56,472,3347,470,1080,-316,87
243790,332,420,4242,446,937,-428,87
243795,87,725,4368,766,1292,-588,87
243800,149,320,3278,823,1568,-825,87
243805,456,63,4989,780,1301,-949,87
243810,120,-308,4019,870,1790,-937,87
243815,310,-2487,1364,928,1543,-757,87
243820,1022,-2426,3923,52,27,62,87
243825,289,1070,4719,1309,-641,901,87
243830,918,401,5634,-954,-973,1302,87
243835,420,1099,8852,-1830,-1074,1623,87
243840,-421,3024,7671,-1991,109,1498,87
243845,-379,4061,4035,-1797,922,567,87
243850,653,3065,3288,-501,447,-684,87
243855,1133,1097,3184,-315,339,-1602,87
243860,342,123,136,-216,668,-2124,87
243865,-95,-1741,2150,-1249,-725,-2029,87
243870,-239,-2982,2148,-654,-1430,-1668,87
243875,189,-858,4175,-842,-1739,-953,87
243880,-382,-264,1877,-1302,-1021,-426,87
243885,122,63,5642,-1620,-1892,-188,87
243890,61,251,4123,-1147,-1411,-130,87
243895,277,1863,4029,-1020,-1438,-246,87
243900,436,1495,5271,-1138,-1538,-651,87
243905,68,-115,3700,-2054,-1007,-929,87
243910,557,172,9990,-648,-1413,-896,87
243915,1158,233,2913,606,726,-922,87
243920,-5,172,6709,259,-256,-965,87
243925,783,-667,7091,417,246,-894,87
243930,211,-1296,2603,286,1415,-689,87
243935,509,-875,4362,396,734,-436,87
243940,590,-477,3568,521,870,-211,87
243945,143,-395,2386,321,806,-19,87
243950,155,-114,3836,-15,197,213,87
243955,117,179,3562,374,365,374,87
243960,319,1201,5417,478,62,432,87
243965,246,697,4035,-550,579,347,87
243970,151,356,5054,-334,584,234,87
243975,160,365,4252,-98,629,183,87
243980,245,683,4183,-7,344,147,87
243985,345,976,3547,67,240,23,87
243990,200,674,3591,231,60,-202,87
243995,205,142,3729,-296,-64,-400,87
244000,251,-407,3118,-432,-48,-464,87
244005,201,-161,4263,-386,-567,-340,87
244010,349,122,5694,-46,-559,-276,87
244015,227,147,4110,168,80,-252,87
244020,246,644,5982,41,-218,-175,87
244025,148,118,4796,-222,361,-209,87
244030,-108,-228,3207,-296,655,-187,87
244035,134,19,4172,-338,81,-75,87
244040,88,-33,3830,-131,212,-48,87
244045,241,327,3012,-192,209,0,87
244050,249,416,4093,-326,-172,36,87
244055,201,406,4487,-279,-218,-66,87
244060,111,839,4623,-293,-140,-197,87
244065,-22,422,3882,-509,-93,-358,87
244070,140,424,5456,75,-380,-491,87
244075,226,492,4982,348,58,-625,87
244080,296,-249,4089,-72,315,-581,87
244085,288,-261,3898,-174,261,-436,87
244090,133,-280,4172,24,225,-360,87
244095,135,-105,3571,-238,224,-215,87
244100,256,144,3888,-42,-25,-160,87
244105,230,266,3057,148,5,-222,87
244110,288,763,4475,197,-271,-295,87
244115,283,221,3481,-149,-99,-415,88
244120,245,-102,4618,-456,-446,-374,88
244125,21,678,5173,-553,-577,-283,88
244130,47,725,4999,207,-290,-411,88
244135,83,130,3337,362,-6,-537,88
244140,390,465,5366,123,-396,-521,88
244145,289,-161,2866,-470,124,-465,88
244150,236,-471,3281,-609,-261,-366,88
244155,385,451,4973,-85,-722,-286,88
244160,315,500,4173,117,-381,-335,88
244165,138,313,4122,121,-286,-404,88
244170,358,820,6504,87,-437,-493,88
244175,296,-352,3579,-15,423,-619,88
244180,111,-250,4757,-10,152,-531,88
244185,349,-237,4503,312,250,-468,88
244190,451,-331,4689,558,272,-430,88
244195,194,-251,4377,725,334,-292,88
244200,300,-155,4697,270,379,-162,88
244205,257,165,4271,443,685,-99,88
244210,152,409,4666,593,644,-168,88
244215,-39,311,2459,493,742,-287,88
244220,529,-1047,2129,111,-287,-213,88
244225,444,-68,4959,382,-1482,187,88
244230,-462,960,2910,771,-1119,451,88
244235,-535,602,2149,261,-1591,473,88
244240,-380,-145,2589,320,-2346,492,88
244245,-263,572,5678,728,-2684,549,88
244250,492,631,8344,-1548,-1521,574,88
244255,723,-668,3061,-1078,418,590,88
244260,1896,473,9158,-2057,-1136,953,88
244265,500,918,9068,-1954,708,1014,88
244270,177,922,5014,-1587,2497,798,88
244275,193,1415,4199,-1632,2389,643,88
244280,320,1337,4082,-1434,2466,320,88
244285,523,-589,2453,-1154,2870,72,88
244290,548,454,737,-1104,2583,102,88
244295,332,153,559,-510,1603,-130,88
244300,663,1034,3269,-39,180,-388,88
244305,258,-391,1472,-374,94,-652,88
244310,164,-830,3886,594,-1067,-908,88
244315,160,-1271,6759,929,-1653,-858,88
244320,-498,-604,7239,305,-815,-572,88
244325,-555,-732,6025,-119,166,-378,88
244330,-405,-792,3763,-9,308,-187,88
244335,145,1124,3318,510,48,-3,88
244340,280,806,3795,507,-21,-124,88
244345,245,421,1899,93,56,-143,88
244350,309,529,4035,150,-613,-140,88
244355,189,574,4457,142,-547,-203,88
244360,327,363,4520,-218,-544,-196,88
244365,272,400,5449,-291,-481,-174,88
244370,356,453,3592,-24,-69,-214,88
244375,677,-58,6050,75,-681,-318,88
244380,496,-297,5314,-64,-80,-280,88
244385,203,-839,4359,38,272,-204,88
244390,303,-952,3843,-134,96,12,88
244395,293,191,3565,33,37,240,88
244400,202,859,4567,166,-104,175,88
244405,88,287,3500,352,94,18,88
244410,55,661,4632,279,19,-23,88
244415,-83,-32,2988,347,269,-157,88
244420,208,-610,3316,-36,-237,-76,88
244425,328,-36,4640,-120,-579,153,88
244430,-50,222,3476,20,-385,270,88
244435,253,768,4753,203,-758,271,88
244440,383,565,6131,308,-613,134,88
244445,119,230,4573,-29,146,-5,88
244450,136,-68,4711,-21,111,-73,88
244455,297,-546,4076,-141,29,-54,88
244460,369,700,4126,-86,-122,63,88
244465,213,597,3794,308,-126,-83,88
244470,511,-102,6883,103,-336,-138,89
244475,-45,-341,3411,-29,730,-38,89
244480,-101,332,3536,-170,367,91,89
244485,28,45,4951,-21,174,2,89
244490,248,74,3671,-86,475,4,89
244495,45,821,3110,208,254,-35,89
244500,344,468,5007,-57,-72,-176,89
244505,285,379,4086,-359,390,-196,89
244510,17,338,3467,-270,418,-256,89
244515,344,-65,4659,-140,-64,-318,89
244520,309,8,4508,-222,25,-296,89
244525,63,125,3928,-83,148,-291,89
244530,329,-133,5899,-226,-73,-278,89
244535,281,-272,5138,-252,409,-201,89
244540,343,-73,3791,-437,466,-24,89
244545,328,525,3774,14,84,-67,89
244550,409,728,4129,291,-268,-252,89
244555,160,234,3399,335,-161,-406,89
244560,261,-48,5283,-44,-356,-537,89
244565,140,-604,4234,95,-73,-586,89
244570,89,-624,4194,83,-155,-458,89
244575,59,-321,4163,246,-232,-287,89
244580,254,-254,4076,621,-232,-147,89
244585,377,371,5908,454,-226,39,89
244590,151,487,4294,-34,527,53,89
244595,-113,422,4170,8,620,-28,89
244600,-41,94,3272,62,569,-117,89
244605,193,187,3632,-145,316,-104,89
244610,265,449,4139,427,235,-132,89
244615,166,596,3508,219,366,-224,89
244620,220,147,4743,-167,115,-288,89
244625,170,21,4879,-157,413,-345,89
244630,190,88,5220,12,528,-374,89
244635,94,376,4857,347,865,-435,89
244640,259,-260,3421,665,1140,-608,89
244645,718,-1829,1995,-240,512,-432,89
244650,766,-418,6214,-288,-708,168,89
244655,-21,549,4407,-3,-209,516,89
244660,-215,283,4023,-509,-569,684,89
244665,-189,400,4277,-296,-810,684,89
244670,-278,629,2932,87,-485,583,89
244675,219,677,4512,-701,-799,495,89
244680,317,29,4623,-806,-538,314,89
244685,123,191,3078,-743,-307,284,89
244690,34,536,3797,-860,-614,166,89
244695,189,469,3726,-794,-562,-8,89
244700,272,1007,4069,-742,-672,-178,89
244705,462,41,5271,-1205,-646,-430,89
244710,199,-107,2737,-1478,-283,-435,89
244715,233,-796,6453,-1445,-1277,-299,89
244720,338,450,6186,10,-564,-222,89
244725,1184,579,6755,1004,-299,-479,89
244730,1115,-1196,8456,1387,161,-784,89
244735,138,-1680,2604,1500,1750,-534,89
244740,820,-1588,5017,1141,670,-12,89
244745,785,-1158,4457,936,1131,360,89
244750,47,196,3027,1098,1462,647,89
244755,118,523,3750,892,1082,744,89
244760,348,1031,2579,522,1315,689,89
244765,156,1200,2899,162,1090,497,89
244770,-296,1815,3068,-217,733,337,89
244775,-88,1157,4213,-107,81,30,89
244780,209,989,4809,-35,-7,-248,89
244785,10,1073,5031,153,-51,-477,89
244790,317,714,4775,198,-35,-705,89
244795,306,-377,4286,-347,-56,-759,89
244800,384,-2008,4810,-579,-216,-577,89
244805,221,-758,3719,-276,-218,-92,89
244810,16,306,4170,4,-530,77,89
244815,166,-87,4157,-78,-356,-29,89
244820,381,-300,4784,277,-288,-55,89
244825,478,-85,5079,3,-166,-4,90
244830,198,-14,4674,-190,107,11,90
244835,98,-177,5052,-146,-31,18,90
244840,87,518,3177,170,111,52,90
244845,397,717,4802,219,-244,-71,90
244850,125,-267,3014,386,115,-215,90
244855,-30,-176,4257,313,-260,-128,90
244860,104,-549,3653,32,-328,-51,90
244865,-159,154,3931,-198,-495,159,90
244870,169,1153,5211,-25,-744,126,90
244875,182,467,4108,19,-293,-136,90
244880,131,507,4450,374,-354,-234,90
244885,374,140,4811,232,-346,-318,90
244890,193,-452,3865,-206,-14,-302,90
244895,345,-140,5866,-27,-260,-195,90
244900,227,273,3220,-9,102,-150,90
244905,598,105,5166,300,-315,-201,90
244910,252,299,4680,560,136,-227,90
244915,132,49,3744,433,256,-286,90
244920,386,-725,4076,13,48,-271,90
244925,139,16,5254,278,-171,-100,90
244930,56,656,3544,228,63,-74,90
244935,287,31,3456,339,-275,-179,90
244940,589,-271,5005,231,-610,-75,90
244945,30,259,3418,24,-277,146,90
244950,-57,30,4018,-183,-618,224,90
244955,52,377,4485,71,-742,229,90
244960,20,989,4056,149,-556,132,90
244965,90,381,4524,257,-458,-126,90
244970,439,-154,4951,-6,-353,-258,90
244975,468,-813,3793,-140,-77,-215,90
244980,137,-454,4450,62,-287,-9,90
244985,243,-145,5306,27,-345,168,90
244990,232,18,4582,7,107,266,90
244995,168,325,4404,454,142,270,90
245000,531,348,5259,450,71,186,90
245005,292,-296,3632,118,487,107,90
245010,173,96,3597,48,148,162,90
245015,64,669,4367,100,-203,133,90
245020,269,514,4682,182,-187,1,90
245025,225,584,3946,589,-153,-153,90
245030,169,90,4778,731,-352,-266,90
245035,276,-692,4948,275,-206,-230,90
245040,216,-586,4702,249,-188,-6,90
245045,59,123,4324,514,-509,144,90
245050,237,155,4589,510,-500,167,90
245055,121,-381,2646,873,-25,206,90
245060,42,-386,3355,1235,-628,318,90
245065,132,-221,2552,1055,-864,445,90
245070,222,29,3323,1119,-1184,541,90
245075,161,-13,4049,1117,-1271,566,90
245080,97,-222,4061,999,-1162,610,90
245085,217,68,6882,888,-1184,699,90
245090,1057,-579,8043,-1349,-461,877,90
245095,603,1088,7804,-933,452,1134,90
245100,102,755,4658,-1513,892,1070,90
245105,1204,2215,4880,-739,199,539,90
245110,660,3664,5124,-572,16,-246,90
245115,164,1074,2840,-1598,529,-1004,90
245120,51,554,712,-1587,-138,-1417,90
245125,525,-170,2781,-1219,-1393,-1760,90
245130,587,-396,4366,-321,-1597,-1814,90
245135,802,48,4979,1131,-1061,-1690,90
245140,605,-1792,9687,1294,-1231,-1718,90
245145,849,-3904,7338,1137,-177,-1173,90
245150,501,-1214,8747,1464,513,-229,90
245155,136,-876,3881,1035,1743,291,90
245160,247,-1730,1929,1078,1901,556,90
245165,445,429,3680,1145,1512,982,90
245170,-775,1744,2679,1430,1796,974,90
245175,-18,721,549,373,1425,835,90
245180,230,2189,3273,248,626,714,91
245185,574,458,2431,372,738,307,91
245190,365,1446,4759,300,317,53,91
245195,-12,763,3848,92,542,-125,91
245200,-41,1094,4936,49,-2,-196,91
245205,198,533,5075,-499,202,-315,91
245210,367,34,4491,-486,385,-288,91
245215,276,-296,5064,-305,356,-158,91
245220,90,209,3385,-197,579,-5,91
245225,202,-126,3343,-118,205,2,91
245230,449,128,5671,-200,-94,27,91
245235,346,-78,4127,-754,811,12,91
245240,129,-661,2834,-505,904,18,91
245245,619,665,6509,-119,-50,129,91
245250,57,768,3378,245,662,-62,91
245255,296,54,4777,419,114,-340,91
245260,264,244,5298,488,73,-444,91
245265,31,-239,4811,13,398,-524,91
245270,-156,-1196,2228,-230,546,-435,91
245275,114,172,5064,11,-423,-133,91
245280,120,461,3271,291,57,-84,91
245285,168,263,2770,387,-80,-82,91
245290,306,991,5771,380,-516,-99,91
245295,320,810,4518,-67,182,-268,91
245300,242,221,4141,-151,347,-396,91
245305,473,-253,6052,-276,98,-301,91
245310,120,549,3963,32,643,-196,91
245315,344,624,5461,12,398,-209,91
245320,453,111,4768,-281,652,-236,91
245325,330,134,4593,-380,783,-203,91
245330,148,-99,2756,-246,765,-205,91
245335,305,-266,4895,-264,-2,-206,91
245340,7,391,4780,-66,386,-152,91
245345,46,392,3515,71,625,-224,91
245350,174,362,5318,154,305,-359,91
245355,307,20,4532,-63,651,-431,91
245360,257,-347,3459,-71,682,-382,91
245365,214,-462,4750,176,217,-303,91
245370,142,36,4340,376,327,-121,91
245375,66,126,4210,469,345,-41,91
245380,247,389,4844,14,501,-7,91
245385,102,171,3732,-146,845,-15,91
245390,32,-138,4055,-379,661,61,91
245395,-149,503,4178,0,662,88,91
245400,114,411,4013,21,661,19,91
245405,231,488,4746,136,471,-9,91
245410,259,453,3529,-87,737,-85,91
245415,138,-34,4193,-278,491,-179,91
245420,351,-111,4750,-269,294,-120,91
245425,20,-68,4499,86,496,-141,91
245430,-71,329,3496,171,435,-117,91
245435,136,609,5402,226,15,-193,91
245440,166,442,5050,66,623,-381,91
245445,10,301,4449,48,1017,-489,91
245450,-41,202,4294,212,962,-570,91
245455,163,-172,5076,603,1088,-675,91
245460,47,-92,4328,1060,1642,-673,91
245465,-117,173,3987,1441,1794,-682,91
245470,-75,-1201,1210,1707,1564,-741,91
245475,606,-1825,3518,638,105,-249,91
245480,-13,-1608,1768,970,29,390,91
245485,-417,1354,2351,1013,-875,1006,91
245490,615,-440,7204,-1237,-1648,1209,91
245495,370,1496,8067,-1579,-736,1434,91
245500,-217,2540,7138,-2055,-303,1278,91
245505,512,3459,9302,-1516,-144,736,91
245510,348,1170,5453,-1442,1505,-95,91
245515,282,1723,3421,-922,1910,-603,91
245520,580,966,138,-1046,1740,-968,91
245525,1108,-230,1757,-1066,555,-1289,91
245530,-97,-220,678,-170,-51,-1454,91
245535,-327,-688,2126,-422,-1314,-1581,92
245540,-181,-2347,3388,266,-2151,-1516,92
245545,-588,-2335,3812,-193,-2131,-934,92
245550,-134,-650,5699,-305,-2088,-310,92
245555,375,210,8860,-206,-1440,-63,92
245560,222,857,4775,874,-265,-176,92
245565,1232,-87,6769,1372,-603,-454,92
245570,68,212,5825,1934,623,-521,92
245575,260,-1025,5094,1933,948,-434,92
245580,291,-1821,1803,1514,1182,-163,92
245585,739,201,4179,1316,429,203,92
245590,702,212,4729,827,615,334,92
245595,366,1289,1836,744,1036,377,92
245600,275,1367,3442,554,274,214,92
245605,77,872,4471,429,203,-20,92
245610,-61,771,4294,723,405,-116,92
245615,-207,557,4312,585,275,-190,92
245620,-10,-136,4375,55,272,-188,92
245625,122,-353,4223,-76,256,-8,92
245630,151,53,3865,-5,33,216,92
245635,-46,155,4242,83,-174,272,92
245640,-80,-180,2342,80,-54,299,92
245645,238,-485,3393,-173,-649,438,92
245650,21,110,4152,25,-840,576,92
245655,130,609,4954,-109,-861,496,92
245660,380,208,5788,-340,-773,375,92
245665,-145,417,5452,-227,-248,296,92
245670,-160,564,4479,41,45,168,92
245675,180,345,4531,266,67,45,92
245680,118,-72,3339,416,325,4,92
245685,148,282,3716,296,-39,76,92
245690,394,497,3839,27,-277,71,92
245695,203,155,4031,-214,-268,35,92
245700,-25,517,4158,77,-288,6,92
245705,254,688,5812,131,-464,-92,92
245710,69,77,4008,80,183,-198,92
245715,-99,34,3993,302,153,-220,92
245720,279,-97,4608,63,-20,-192,92
245725,350,83,4439,-177,204,-100,92
245730,28,552,4699,8,108,-38,92
245735,-81,499,4386,118,47,-87,92
245740,56,-66,3830,140,159,-106,92
245745,-23,-171,3624,271,136,-23,92
245750,62,-364,3468,467,-205,65,92
245755,293,47,5883,209,-583,175,92
245760,-15,136,4224,6,40,241,92
245765,-43,64,4329,60,-79,282,92
245770,168,1131,5281,345,-300,255,92
245775,266,739,5825,170,-26,44,92
245780,213,-560,3136,-281,672,-86,92
245785,56,-225,4316,-200,225,82,92
245790,310,769,3722,-68,-135,206,92
245795,415,634,5300,27,-415,71,92
245800,75,327,4512,127,137,-37,92
245805,-139,-82,2984,233,336,-49,92
245810,-147,-165,3290,499,-87,-34,92
245815,26,-412,2874,533,-256,-1,92
245820,223,-597,3826,420,-490,107,92
245825,56,219,5700,314,-550,306,92
245830,-298,719,4318,164,-126,347,92
245835,205,513,6167,155,-260,249,92
245840,230,647,5326,323,242,181,92
245845,41,340,3438,460,441,79,92
245850,131,-62,3128,633,117,-4,92
245855,306,-397,2978,409,-157,45,92
245860,317,266,4072,-71,-380,233,92
245865,-32,107,3851,-81,-105,289,92
245870,82,561,4829,-35,-400,312,92
245875,125,974,4944,278,-319,247,92
245880,58,768,5920,419,29,62,92
245885,17,422,4466,489,658,-136,92
245890,80,514,4614,506,497,-290,92
245895,-54,287,5369,346,676,-441,92
245900,-33,444,3942,384,1021,-545,92
245905,49,383,4944,603,843,-704,92
245910,9,38,3685,772,1181,-852,92
245915,242,-1464,1694,1006,917,-855,92
245920,805,-2066,1933,759,-184,-350,93
245925,319,-1150,3225,705,-1085,461,93
245930,541,410,7138,-528,-1830,1248,93
245935,281,1156,6010,-1226,-1174,1598,93
245940,12,2576,9338,-1189,-1260,1482,93
245945,28,2178,6468,-1608,162,924,93
245950,-15,1935,3382,-681,839,264,93
245955,408,841,4364,-1441,893,-181,93
245960,295,1211,3512,-1930,1514,-320,93
245965,154,839,3518,-2030,1807,-490,93
245970,195,-540,3043,-1633,2080,-691,93
245975,-100,461,1684,-1718,2210,-493,93
245980,-12,909,2899,-1336,1161,-446,93
245985,1006,-787,4526,-245,42,-808,93
245990,-95,-1218,4385,-200,-207,-857,93
245995,-623,-1955,2764,383,-724,-792,93
246000,-482,-7,3355,516,-1672,-584,93
246005,-119,503,5077,630,-2104,-758,93
246010,-139,1435,5862,234,-1617,-987,93
246015,263,-459,4271,638,-859,-1273,93
246020,-7,-673,5015,802,-889,-1084,93
246025,252,149,4366,950,-449,-806,93
246030,266,-394,4844,1071,-177,-618,93
246035,147,470,4561,966,191,-280,93
246040,-4,314,4900,189,278,-217,93
246045,76,95,4223,-166,463,-232,93
246050,227,707,3586,-293,450,-183,93
246055,329,791,3154,-494,136,-192,93
246060,-6,793,3257,-378,-262,-260,93
246065,10,384,4060,-700,-656,-305,93
246070,34,269,4678,-608,-663,-302,93
246075,-41,639,3874,-719,-524,-338,93
246080,94,134,5192,-616,-711,-481,93
246085,264,73,6260,-301,-456,-557,93
246090,-10,-158,5163,-182,83,-529,93
246095,-120,-263,4565,-175,274,-419,93
246100,-238,-647,3687,-257,317,-270,93
246105,-218,-578,4295,-483,205,-52,93
246110,96,38,3578,126,407,77,93
246115,197,405,3996,500,167,27,93
246120,102,511,4190,187,-82,-48,93
246125,-26,15,4223,231,-109,-219,93
246130,-256,69,4876,437,-230,-281,93
246135,-78,173,5472,299,9,-296,93
246140,-89,-278,4263,593,642,-264,93
246145,1,547,4713,306,496,-123,93
246150,10,-113,5257,365,448,-137,93
246155,62,-357,3129,197,727,16,93
246160,81,391,4766,194,299,225,93
246165,96,372,4995,280,499,211,93
246170,266,502,2900,348,909,172,93
246175,162,892,4290,218,187,44,93
246180,178,491,5374,342,6,-201,93
246185,72,227,4204,741,479,-368,93
246190,-209,92,3655,992,381,-493,93
246195,2,-737,4844,747,10,-556,93
246200,234,-534,4416,610,215,-310,93
246205,-153,215,4254,543,269,-80,93
246210,22,-155,4452,74,284,-18,93
246215,292,-41,5692,165,297,94,93
246220,-189,-171,3771,381,794,200,93
246225,215,597,5206,-308,668,380,93
246230,182,654,4990,-327,791,418,93
246235,160,1199,4843,-159,795,306,93
246240,245,723,3900,91,796,87,93
246245,148,742,3312,37,638,-8,93
246250,-164,855,3116,346,469,-143,93
246255,-239,235,1756,775,173,-369,93
246260,34,-991,3073,620,-649,-418,93
246265,-79,-450,2813,1016,-872,-221,93
246270,-571,36,2917,1394,-1082,-103,93
246275,-589,-204,3622,1850,-1247,-210,93
246280,-339,101,3430,1995,-1542,-263,93
246285,208,960,9355,-58,-2002,-150,93
246290,101,340,6144,-377,150,-138,93
246295,106,267,4514,-619,-16,-104,93
246300,891,524,8360,-341,-464,-57,94
246305,321,1354,5485,41,918,-18,94
246310,162,1379,2489,174,1109,-184,94
246315,151,1101,2601,784,726,-438,94
246320,184,347,1948,759,600,-677,94
246325,177,-340,2606,370,100,-796,94
246330,-50,-543,2786,420,60,-739,94
246335,412,-1285,3759,-451,-42,-445,94
246340,701,-1580,2696,-1028,-642,201,94
246345,324,-593,4075,-942,-2135,923,94
246350,-52,680,5401,-324,-2594,1308,94
246355,135,2619,8980,-1200,-2271,1353,94
246360,-26,1023,6818,-1794,-555,962,94
246365,254,797,6974,-1489,-270,666,94
246370,460,280,5562,-1155,96,387,94
246375,501,387,4099,-881,746,247,94
246380,431,224,2853,-867,1075,166,94
246385,238,368,2071,-900,796,117,94
246390,138,1008,2832,-954,451,3,94
246395,67,87,2219,-959,575,-235,94
246400,414,-708,2633,-1194,341,-202,94
246405,-203,-506,1924,-790,-55,-12,94
246410,-176,-112,3754,-601,-1414,158,94
246415,82,421,6226,-1253,-1725,237,94
246420,-109,40,4741,-1042,-982,104,94
246425,-39,733,5470,-1074,-1330,-8,94
246430,-155,1127,4070,-1285,-958,-200,94
246435,-102,1465,4294,-1174,-806,-537,94
246440,-33,1107,4468,-1375,-532,-911,94
246445,63,-415,2314,-1755,-210,-1100,94
246450,326,-940,7536,-1966,-854,-814,94
246455,452,321,6244,-473,580,-486,94
246460,317,-411,3228,904,1055,-712,94
246465,1474,448,12443,107,-748,-527,94
246470,205,-953,3227,-422,2548,-341,94
246475,167,-492,2883,786,1287,-396,94
246480,856,-716,5917,470,230,-398,94
246485,84,-201,1565,385,1501,-345,94
246490,-142,-1217,2083,200,490,-422,94
246495,57,-218,2311,437,-41,-227,94
246500,148,976,3598,767,-68,-114,94
246505,-27,734,3549,580,120,-265,94
246510,-191,657,3312,426,92,-381,94
246515,-9,571,7250,742,-372,-488,94
246520,-33,-256,6649,279,260,-530,94
246525,-237,-1059,3532,-20,822,-216,94
246530,153,-379,4293,171,231,202,94
246535,328,247,3486,-84,249,443,94
246540,99,46,3155,-209,212,457,94
246545,215,490,4628,164,-222,365,94
246550,218,226,4025,109,-72,145,94
246555,73,325,4025,290,-106,-41,94
246560,114,882,4498,439,-306,-218,94
246565,80,468,5254,-23,-293,-438,94
246570,-154,-161,4075,-149,79,-479,94
246575,0,-31,4540,481,-98,-446,94
246580,47,192,4128,408,93,-376,94
246585,324,323,3859,537,-102,-351,94
246590,261,-127,4662,429,-279,-350,94
246595,17,42,3303,571,-70,-310,94
246600,275,340,4542,238,-468,-255,94
246605,-43,-333,4237,104,-321,-254,94
246610,116,228,5979,154,-501,-186,94
246615,244,61,3974,-110,58,-204,94
246620,-128,833,4929,211,-168,-254,94
246625,-25,484,4414,379,3,-414,94
246630,330,277,3689,-107,145,-392,94
246635,266,-53,4095,-56,115,-368,94
246640,51,232,4229,241,186,-371,94
246645,239,779,4954,556,199,-492,94
246650,291,268,4838,476,413,-676,94
246655,179,69,4158,391,692,-707,95
246660,381,260,5132,79,493,-623,95
246665,74,-81,3860,21,853,-560,95
246670,-70,-136,5089,442,709,-478,95
246675,-103,-145,3609,606,891,-422,95
246680,132,204,4098,354,569,-295,95
246685,-218,344,3247,547,561,-293,95
246690,123,287,3978,-240,238,-291,95
246695,195,27,4045,-264,199,-268,95
246700,17,307,3880,-376,148,-248,95
246705,-69,375,4853,-333,-106,-265,95
246710,18,174,4694,-451,52,-251,95
246715,-1,261,4413,115,201,-296,95
246720,123,546,4919,-51,179,-291,95
246725,191,-382,3318,-401,435,-251,95
246730,378,-140,3152,-536,42,-129,95
246735,339,-33,5664,23,-443,-129,95
246740,358,159,4531,188,4,-196,95
246745,104,434,4653,421,-77,-269,95
246750,91,-155,2963,713,-77,-416,95
246755,6,-48,4861,609,-528,-482,95
246760,-213,18,4339,400,-407,-484,95
246765,-94,-510,4004,523,-653,-466,95
246770,128,-1073,3695,566,-865,-311,95
246775,-126,-767,2351,326,-1073,114,95
246780,-194,580,3432,583,-1684,469,95
246785,-331,382,3212,847,-1906,546,95
246790,-292,418,3324,745,-2299,654,95
246795,259,1328,9882,312,-2467,661,95
246800,704,622,5737,-750,17,547,95
246805,1668,199,7638,-1730,-146,673,95
246810,315,1575,10405,-1997,417,773,95
246815,57,815,5036,-1391,2347,487,95
246820,-371,996,4208,-1546,2441,368,95
246825,309,823,1969,-1567,2813,155,95
246830,382,582,1928,-816,2309,-47,95
246835,-79,-283,1598,-903,1701,-105,95
246840,-24,-842,3859,-927,1105,-20,95
246845,158,-961,2864,-1097,1686,227,95
246850,155,-36,2011,-1472,1472,505,95
246855,111,992,2384,-1002,42,449,95
246860,773,1057,6594,-734,-1245,73,95
246865,-543,342,4067,-399,-405,-374,95
246870,-251,-333,7374,464,-1071,-801,95
246875,-303,-1436,5902,1097,-609,-887,95
246880,210,-648,7215,2158,-787,-814,95
246885,501,-1857,6507,1471,149,-701,95
246890,130,-1321,4177,1833,757,-196,95
246895,265,-389,2830,2060,325,163,95
246900,331,34,3657,2085,58,317,95
246905,142,-35,3323,1919,352,411,95
246910,242,-135,3947,1690,450,481,95
246915,-141,672,3418,1830,772,580,95
246920,-53,761,3627,844,704,653,95
246925,140,115,3926,743,525,667,95
246930,137,923,3900,432,448,779,95
246935,182,746,3867,387,202,708,95
246940,319,600,5511,-50,-152,661,95
246945,104,746,3834,-242,170,687,95
246950,-38,1389,5146,-506,-228,602,95
246955,85,905,4263,-560,-17,317,95
246960,148,971,4004,-370,26,42,95
246965,58,606,3831,188,-29,-263,95
246970,-91,-404,2657,244,-109,-467,95
246975,-55,-928,3424,302,-567,-399,95
246980,-204,-1308,6608,-178,-816,-128,95
246985,-525,-1009,3531,-557,-156,277,95
246990,-289,67,5763,-458,-671,617,95
246995,-35,569,4207,-66,-229,653,95
247000,102,180,2934,413,-431,525,95
247005,90,752,4326,351,-895,505,95
247010,-105,986,3574,363,-927,382,96
247015,-35,1074,4251,77,-1277,204,96
247020,155,951,5456,-460,-1199,-1,96
247025,185,686,5812,-294,-924,-210,96
247030,325,532,4542,-169,-737,-396,96
247035,346,-535,4118,-156,-791,-459,96
247040,89,-395,3820,-22,-868,-269,96
247045,-80,-572,3446,-12,-851,-44,96
247050,256,156,5793,-139,-1195,189,96
247055,72,479,3946,-351,-551,241,96
247060,-78,417,5077,-122,-450,144,96
247065,-204,677,4610,115,-77,34,96
247070,-151,-233,3303,159,9,-107,96
247075,123,-707,4307,166,-342,-5,96
247080,-301,166,3058,-25,-264,262,96
247085,178,495,5022,-198,-919,254,96
247090,301,749,4217,-188,-658,154,96
247095,-10,398,4706,161,-600,-11,96
247100,-201,459,4983,523,-571,-220,96
247105,-71,-438,4120,275,-365,-373,96
247110,48,-184,4661,-101,-400,-229,96
247115,64,432,4440,-169,-438,-84,96
247120,142,385,4331,156,-539,-130,96
247125,50,153,3098,398,-544,-181,96
247130,264,-210,3746,338,-923,-101,96
247135,144,301,3739,184,-1025,104,96
247140,-130,211,4150,240,-1134,141,96
247145,86,263,5836,-25,-1104,89,96
247150,-124,227,4569,153,-654,77,96
247155,-99,295,5037,312,-783,50,96
247160,98,-253,3488,379,-451,-73,96
247165,318,-259,4365,362,-755,-55,96
247170,286,203,5672,27,-616,62,96
247175,115,241,3596,-220,42,112,96
247180,135,570,4482,518,-305,95,96
247185,308,533,5919,810,-323,-39,96
247190,114,667,4795,876,348,-231,96
247195,-81,454,5364,893,514,-428,96
247200,59,602,5637,679,1092,-647,96
247205,-14,-1364,1797,920,1705,-876,96
247210,1392,-4930,2903,282,127,-303,96
247215,551,1178,2048,53,-961,1214,96
247220,364,109,4586,420,-2150,1510,96
247225,-84,937,4505,508,-2520,1664,96
247230,-460,1628,3325,760,-2453,1527,96
247235,-57,420,5969,765,-2824,1180,96
247240,571,1592,10057,-263,-2317,1080,96
247245,346,241,4710,-1863,64,758,96
247250,1941,2884,10803,-1618,-224,457,96
247255,675,-254,8038,-2027,1336,-41,96
247260,-120,1818,3356,-1665,2346,-181,96
247265,-125,1099,2381,-1428,2130,-762,96
247270,1352,1107,4073,314,1212,-1219,96
247275,260,878,530,-250,984,-1319,96
247280,1114,-3664,2426,-518,-51,-1775,96
247285,-86,-52,2289,257,-660,-1314,96
247290,296,-954,4527,778,-1920,-1035,96
247295,1,-563,6072,512,-1733,-740,96
247300,-369,-371,6629,-317,-881,-536,96
247305,-767,877,4440,-245,47,-429,96
247310,-48,1125,4335,665,-61,-704,96
247315,582,804,4144,869,32,-1048,96
247320,30,-444,2383,322,82,-1089,96
247325,-143,394,3333,895,-627,-815,96
247330,193,-52,4420,-44,-837,-642,96
247335,315,-111,6567,10,-662,-472,96
247340,115,-14,4420,79,211,-270,96
247345,233,-260,3605,120,134,-166,96
247350,686,261,7090,-248,-255,-52,96
247355,105,791,3478,-425,997,-19,96
247360,168,249,3876,-275,733,-138,96
247365,366,158,5047,-17,377,-243,97
247370,330,-204,3055,364,797,-332,97
247375,102,552,4535,277,236,-271,97
247380,13,217,4869,-474,352,-275,97
247385,17,271,4631,-245,728,-252,97
247390,-266,232,3315,-465,735,-217,97
247395,-228,-753,4144,262,301,-235,97
247400,3,-251,3386,356,232,-13,97
247405,65,114,4514,-43,3,160,97
247410,237,351,4887,-306,168,233,97
247415,133,971,3729,-602,539,229,97
247420,71,397,4930,-416,214,16,97
247425,237,613,5120,-290,230,-64,97
247430,218,1084,5161,-200,558,-176,97
247435,217,439,2381,-620,1016,-352,97
247440,431,271,5377,-667,56,-419,97
247445,145,571,2768,49,501,-559,97
247450,400,303,3689,497,-210,-741,97
247455,254,-433,4752,123,-514,-756,97
247460,234,-230,4775,-141,-225,-688,97
247465,202,-64,5748,-264,-325,-671,97
247470,-46,-812,3682,99,-11,-661,97
247475,-51,-399,4022,392,-251,-463,97
247480,239,146,6233,279,-101,-280,97
247485,262,637,3175,-131,745,-127,97
247490,436,411,4683,-61,358,-171,97
247495,113,35,4235,-7,616,-247,97
247500,-8,124,4521,68,539,-172,97
247505,149,1246,4190,274,498,-175,97
247510,157,748,3285,-339,630,-395,97
247515,134,587,4459,-538,498,-485,97
247520,-15,-254,3394,-315,527,-594,97
247525,116,-305,3844,84,62,-543,97
247530,330,182,4844,423,-246,-400,97
247535,264,258,4858,40,58,-422,97
247540,255,-151,4913,-328,174,-407,97
247545,97,-174,4831,-253,315,-339,97
247550,85,-459,5478,535,364,-346,97
247555,204,-245,5115,381,603,-154,97
247560,9,273,4763,152,861,25,97
247565,261,42,3600,45,1047,36,97
247570,347,290,3235,-57,1043,102,97
247575,45,380,4578,31,962,40,97
247580,-66,523,4519,610,1176,-135,97
247585,109,-167,1456,-64,1201,-253,97
247590,988,-217,4466,-711,-495,-43,97
247595,-131,-895,3520,-1001,-689,314,97
247600,-258,705,3847,-539,-1070,686,97
247605,129,1426,5535,-738,-1722,766,97
247610,-164,760,3832,-690,-1407,567,97
247615,-168,1109,4554,-964,-1459,385,97
247620,-71,557,2953,-757,-1273,144,97
247625,-73,203,3277,-458,-1452,-92,97
247630,-75,395,4068,-477,-1312,-270,97
247635,369,439,5865,-677,-851,-461,97
247640,370,-511,3736,-1031,375,-583,97
247645,767,-130,5169,-1336,-356,-415,97
247650,242,-40,6436,-1268,-711,-355,97
247655,290,30,4038,-991,60,-269,97
247660,418,504,4476,-930,-204,-211,97
247665,372,298,2638,-1279,-302,-312,97
247670,296,441,2155,-1604,-995,-401,98
247675,591,-187,8346,-822,-1886,-588,98
247680,1476,170,6879,2131,-176,-784,98
247685,1375,-1031,13386,1014,-263,-901,98
247690,837,-1544,5970,1565,1172,-778,98
247695,-126,-695,5606,1668,1413,-518,98
247700,579,-770,5569,1966,1604,-328,98
247705,-22,-2105,1171,2183,2660,-72,98
247710,-251,-599,1331,1986,2215,426,98
247715,-722,539,2470,1859,1501,684,98
247720,791,546,1984,727,1059,804,98
247725,73,736,1259,548,948,811,98
247730,-393,1617,2835,802,28,723,98
247735,231,914,3944,292,-565,528,98
247740,145,831,7033,448,-870,328,98
247745,320,1183,6130,349,-243,144,98
247750,455,-14,3884,-354,103,-12,98
247755,303,464,6079,-47,-292,23,98
247760,196,438,4180,255,154,-69,98
247765,261,4,3829,417,-113,-128,98
247770,484,-826,3335,-418,-195,-23,98
247775,309,-118,3179,-557,-293,242,98
247780,133,529,3902,3,-600,289,98
247785,364,605,5036,30,-766,169,98
247790,178,32,5778,76,-400,11,98
247795,23,149,5414,-58,135,-27,98
247800,119,-135,5213,-40,225,-87,98
247805,345,143,4093,-81,332,-72,98
247810,345,375,4027,187,312,-86,98
247815,222,91,3989,88,356,-38,98
247820,-106,-134,2758,446,367,35,98
247825,364,586,5162,229,-282,125,98
247830,374,178,3950,-23,121,62,98
247835,233,205,3476,-34,-45,38,98
247840,-44,653,5462,20,-400,-28,98
247845,-7,13,4468,181,143,-148,98
247850,78,273,5122,185,136,-111,98
247855,103,386,4597,-143,411,-97,98
247860,270,-417,2659,-224,785,-66,98
247865,197,70,3595,111,260,71,98
247870,238,388,3739,51,155,128,98
247875,-41,-303,3228,38,330,171,98
247880,-111,140,4121,258,85,297,98
247885,300,573,5165,-86,14,256,98
247890,308,-341,4210,-100,379,167,98
247895,-3,523,3674,220,159,236,98
247900,233,600,4487,39,-154,122,98
247905,249,-373,4885,-98,107,8,98
247910,70,277,4802,-350,380,148,98
247915,162,561,3886,-213,439,121,98
247920,601,91,4620,42,123,2,98
247925,473,616,5080,89,166,-10,98
247930,239,388,4475,44,314,-106,98
247935,57,-185,4224,157,246,-166,98
247940,61,217,4724,159,227,-121,98
247945,83,197,4640,6,442,-122,98
247950,75,-721,2774,-41,574,-103,98
247955,247,61,4134,100,-91,95,98
247960,114,285,4443,230,-169,195,98
247965,-25,189,4520,300,-135,228,98
247970,-153,320,3960,546,-57,189,98
247975,-110,-23,3258,700,-178,111,98
247980,97,-467,2516,948,-369,83,98
247985,292,-425,3757,999,-822,221,98
247990,-92,236,3566,1067,-838,315,98
247995,-265,-292,4031,1196,-960,309,98
248000,46,166,6913,858,-1046,414,98
248005,733,671,8601,-1829,45,546,98
248010,834,1335,6560,-969,1303,674,98
248015,595,984,8212,-1755,958,770,98
248020,225,1454,6298,-1316,2137,453,98
248025,-83,1404,3712,-1263,2932,-22,99
248030,340,1800,2737,-1362,2675,-376,99
248035,-68,4,1777,-1276,2618,-773,99
248040,549,1481,2355,-1628,2156,-722,99
248045,1023,1236,-501,-587,1720,-1018,99
248050,-588,485,-2012,1467,-409,-1692,99
248055,-304,-1869,5078,1101,-2912,-1879,99
248060,218,-3013,10449,-539,-1943,-1590,99
248065,-281,-1632,1416,-13,-796,-709,99
248070,-368,718,9401,163,-3608,-253,99
248075,-694,973,6493,-351,-1626,-499,99
248080,-749,676,147,-36,-175,-793,99
248085,480,461,3588,-47,-1465,-1007,99
248090,89,-192,2455,-1087,-1106,-926,99
248095,335,984,2388,-1212,-1329,-758,99
248100,314,1211,3179,-1073,-1791,-671,99
248105,230,-192,6010,-1405,-1910,-727,99
248110,1108,1358,10099,1098,-1401,-1087,99
248115,2469,-1138,7551,897,21,-1253,99
248120,1075,-75,9761,473,-40,-965,99
248125,376,-1174,5231,1176,1634,-924,99
248130,-533,-936,2234,1458,1357,-681,99
248135,470,-1969,5020,674,774,-298,99
248140,49,405,2339,644,1543,152,99
248145,46,-387,3549,646,765,116,99
248150,-23,386,2536,627,877,173,99
248155,46,1118,1408,114,826,215,99
248160,-550,1927,2908,61,7,27,99
248165,-4,597,5327,-165,-543,-242,99
248170,242,747,7209,24,-468,-412,99
248175,119,771,4295,232,343,-484,99
248180,378,-442,3413,-334,-32,-463,99
248185,506,-249,6948,-337,-703,-297,99
248190,-142,-550,2424,-181,358,-166,99
248195,-61,-486,4528,-281,-525,-16,99
248200,-39,-880,5608,56,-265,135,99
248205,-156,594,3423,-186,556,312,99
248210,372,327,4844,-123,132,169,99
248215,98,837,4291,-148,256,89,99
248220,-96,372,4761,152,118,-169,99
248225,16,-513,4715,451,162,-288,99
248230,52,-103,4315,684,337,-187,99
248235,137,-151,3645,-30,327,-65,99
248240,362,-38,4092,-120,112,73,99
248245,176,417,4067,142,-8,96,99
248250,-59,810,3389,26,-122,68,99
248255,-35,251,4172,103,-289,-61,99
248260,114,139,5587,-186,-283,-47,99
248265,-17,505,4528,-205,220,0,99
248270,137,482,4151,-210,141,-80,99
248275,353,26,4462,-116,-208,-118,99
248280,228,-6,4858,-299,-293,-34,99
248285,-77,-267,3401,-358,63,44,99
248290,142,-83,3973,-78,-160,129,99
248295,241,64,4427,-134,-247,151,99
248300,218,638,4741,-222,-304,112,99
248305,81,539,4038,48,-90,-110,99
248310,-60,269,3795,79,-161,-289,99
248315,-80,234,5277,147,-346,-383,99
248320,-188,-1,3927,67,199,-429,99
248325,414,-259,5120,-12,28,-422,99
248330,295,-264,3201,-104,219,-264,99
248335,-50,515,4792,-135,-314,-182,99
248340,4,264,3690,-38,-55,-245,99
248345,237,71,5076,63,-145,-242,99
248350,-26,714,4314,-165,249,-163,100
248355,12,711,4853,-196,349,-335,100
248360,177,520,4379,203,627,-591,100
248365,311,672,4301,466,741,-798,100
248370,23,15,3644,405,870,-997,100
248375,-34,209,5258,363,785,-1020,100
248380,-20,-1152,470,366,1118,-994,100
248385,920,-1798,2582,-431,-826,-478,100
248390,231,-565,4966,-537,-1878,263,100
248395,-394,766,4600,-296,-1625,692,100
248400,-1140,1648,2364,-439,-1637,711,100
248405,-777,967,4321,-41,-2915,398,100
248410,-84,29,2587,654,-2722,104,100
248415,39,298,3150,636,-2872,75,100
248420,69,32,4744,703,-2971,-48,100
248425,545,-125,8141,-1309,-2118,-102,100
248430,245,-526,3707,-1699,-328,-33,100
248435,1273,435,9568,-1358,-1268,205,100
248440,630,1129,7390,-722,295,23,100
248445,-48,-185,6888,-624,777,-38,100
248450,609,535,1903,-658,1900,33,100
248455,-6,-355,342,-661,961,1,100
248460,-24,-781,2250,-1186,-593,150,100
248465,459,-176,4615,-1063,-632,374,100
248470,34,-181,3913,-669,489,502,100
248475,-119,289,1649,-1112,356,624,100
248480,82,1367,3792,-751,-786,465,100
248485,886,1239,5241,-75,-1021,-105,100
248490,741,2142,7290,-261,-883,-501,100
248495,731,123,4636,985,-297,-1414,100
248500,-163,-1060,7802,2339,-888,-1942,100
248505,223,-1664,6799,2550,-278,-1743,100
248510,425,-1968,4011,1912,321,-1215,100
248515,422,-1756,3685,968,542,-645,100
248520,-372,-860,779,1277,694,-77,100
248525,-574,444,2434,1009,-279,331,100
248530,-389,361,2010,540,-184,522,100
248535,-101,1151,1631,559,-274,605,100
248540,517,333,4074,592,-606,398,100
248545,71,-356,4840,100,-342,386,100
248550,-16,619,3034,451,-380,472,100
248555,220,1288,5283,264,-1296,432,100
248560,300,910,6065,-96,-947,286,100
248565,-1,459,4046,-64,-405,136,100
248570,145,-676,3454,320,-776,71,100
248575,481,-731,5564,28,-1272,211,100
248580,37,-89,1745,350,-771,324,100
248585,286,-17,6073,577,-1555,320,100
248590,225,-479,6157,1108,-655,240,100
248595,11,-685,4990,1304,-180,304,100
248600,286,-699,3249,986,-33,507,100
248605,940,786,6134,1010,-789,650,100
248610,593,1256,4589,1153,-295,474,100
248615,371,790,4882,1145,-56,180,100
248620,259,557,5989,830,272,31,100
248625,164,-815,4043,347,749,25,100
248630,215,-888,2666,144,405,375,100
248635,386,-97,3399,493,-219,722,100
248640,565,515,5480,675,-330,779,100
248645,317,1886,4617,276,225,707,100
248650,91,811,6316,-302,426,474,100
248655,68,153,4409,-343,1133,379,100
248660,21,-204,-215,449,995,370,100
248665,908,2146,7522,548,-840,285,100
248670,81,416,4239,-567,1088,-79,100
248675,-285,-969,2257,-145,1138,-90,100
248680,-47,340,6091,165,-16,133,101
248685,192,128,3149,317,731,30,101
248690,389,-243,2977,312,365,45,101
248695,206,363,5404,-37,133,182,101
248700,67,758,3996,-402,757,168,101
248705,136,622,5942,-558,332,-39,101
248710,165,495,3085,103,923,-251,101
248715,444,463,3397,96,387,-312,101
248720,497,338,6024,27,-32,-326,101
248725,106,252,3264,-512,901,-272,101
248730,127,334,5758,-644,377,-232,101
248735,169,-35,4480,-395,757,-212,101
248740,227,51,3997,-217,929,-132,101
248745,148,776,4188,-157,848,-59,101
248750,47,205,4732,-87,1104,-159,101
248755,198,-389,3715,-409,1413,-178,101
248760,136,129,5207,-239,1295,-86,101
248765,197,767,3871,42,1626,-127,101
248770,285,626,4202,75,1568,-347,101
248775,335,-174,5597,410,1842,-669,101
248780,748,-1612,1730,94,1981,-564,101
248785,583,-1741,2493,-447,680,130,101
248790,90,1105,4978,-15,-358,658,101
248795,-85,989,3892,-90,-345,557,101
248800,40,1288,6478,49,-597,342,101
248805,-256,860,5608,-377,464,57,101
248810,-294,-334,2919,-726,1129,-116,101
248815,-209,-465,2254,-257,446,43,101
248820,162,348,4439,52,-314,245,101
248825,342,751,4440,-364,329,167,101
248830,204,408,4581,-953,947,81,101
248835,104,-202,2644,-1131,1022,43,101
248840,368,1149,5547,-1137,73,170,101
248845,344,2213,2130,125,185,-214,101
248850,921,623,4461,684,-909,-1017,101
248855,264,-231,4123,467,-936,-1283,101
248860,230,-2952,7458,363,-1556,-1220,101
248865,21,-747,6435,982,-1180,-667,101
248870,1282,-2018,6149,1165,-669,-550,101
248875,336,214,7841,1973,24,-364,101
248880,-162,634,4994,2049,1383,-303,101
248885,733,-261,5042,1535,1897,-311,101
248890,420,-123,2688,1714,2504,-102,101
248895,197,-160,2526,1363,2221,300,101
248900,309,-2,3978,1043,1751,657,101
248905,598,1065,4203,701,1752,823,101
248910,86,1714,2360,75,2063,754,101
248915,172,2678,4392,-409,1718,389,101
248920,195,818,2093,-361,1830,-112,101
248925,23,311,5572,-540,842,-258,101
248930,-118,1145,4392,-271,850,-361,101
248935,152,423,3911,-715,720,-642,101
248940,322,-190,4465,-422,467,-749,101
248945,-148,321,3499,-18,433,-582,101
248950,-183,206,3103,-39,19,-521,101
248955,-114,-307,3830,15,-487,-549,101
248960,-318,-557,2566,585,-413,-559,101
248965,-518,-756,3495,509,-726,-412,101
248970,-502,-760,6078,-198,-688,-116,101
248975,-579,33,3487,-671,309,202,101
248980,122,205,5435,-204,-429,254,101
248985,325,1168,5116,-106,-390,270,101
248990,-24,2318,6028,85,224,19,101
248995,382,124,5224,-290,693,-483,101
249000,561,397,5006,-77,603,-618,101
249005,186,299,3721,-90,772,-703,102
249010,151,88,3451,71,346,-782,102
249015,-54,-95,3412,119,29,-761,102
249020,-80,-134,1899,649,-196,-682,102
249025,585,-203,4282,119,-846,-544,102
249030,322,-507,4459,-119,-798,-330,102
249035,14,775,5396,-283,-1154,-48,102
249040,-194,727,4920,-98,-961,-121,102
249045,-240,410,5007,176,-747,-271,102
249050,81,1037,5897,56,-561,-338,102
249055,232,209,4953,-478,20,-475,102
249060,79,-379,3232,-66,130,-468,102
249065,164,-41,4398,-36,-348,-274,102
249070,-37,25,3132,18,-75,-181,102
249075,27,-442,3155,113,-437,-119,102
249080,423,383,5261,-207,-764,27,102
249085,190,245,3356,-370,-229,-8,102
249090,195,300,5322,-202,-801,-44,102
249095,146,556,4897,-11,-696,-111,102
249100,34,-88,5300,-115,-673,-180,102
249105,-22,-114,4503,302,-469,-144,102
249110,80,29,3844,-86,-502,2,102
249115,-26,10,3792,169,-627,50,102
249120,178,246,3521,-32,-703,162,102
249125,137,425,4428,126,-810,112,102
249130,-17,-74,3044,64,-567,9,102
249135,213,44,5142,-170,-1009,79,102
249140,288,121,4491,-475,-623,139,102
249145,210,452,4790,66,-541,122,102
249150,445,409,6012,79,-682,95,102
249155,177,152,5020,151,-84,73,102
249160,-155,-256,2855,330,271,70,102
249165,174,-206,3634,631,-322,144,102
249170,102,18,2683,678,-371,207,102
249175,66,302,2744,1062,-729,152,102
249180,82,399,5098,1017,-1292,93,102
249185,-245,7,2776,1432,-879,-3,102
249190,-110,682,6849,830,-1463,4,102
249195,663,-918,7201,-1228,-819,82,102
249200,883,823,9061,-1270,-97,511,102
249205,579,1201,6830,-1287,860,675,102
249210,736,1346,7749,-1200,1089,565,102
249215,71,2030,4066,-708,2322,379,102
249220,251,1691,1228,-583,2354,-204,102
249225,231,-163,908,-481,1581,-665,102
249230,212,-75,1395,-762,843,-642,102
249235,45,553,-49,-599,589,-699,102
249240,511,872,1311,244,-449,-1008,102
249245,127,561,1757,46,-1293,-1370,102
249250,-334,-2014,6444,69,-2619,-1566,102
249255,-690,-1887,6539,24,-2168,-996,102
249260,-225,464,7473,-41,-1785,-454,102
249265,-195,445,5203,547,-903,-558,102
249270,196,-68,4291,365,-806,-645,102
249275,73,-674,2469,228,-911,-537,102
249280,234,603,3428,200,-1334,-359,102
249285,128,143,2277,-186,-1205,-377,102
249290,592,-337,7815,-429,-1533,-251,102
249295,1320,-199,5081,1496,79,-133,102
249300,1171,1451,5630,1382,-232,-156,102
249305,1051,-554,10487,1262,-627,-391,102
249310,855,214,7786,1205,1258,-186,102
249315,265,-433,2108,1152,2263,-81,102
249320,780,-245,4569,895,1077,63,102
249325,152,-1055,1439,741,1540,159,102
249330,59,535,2081,438,883,361,102
249335,-145,1100,3438,514,640,198,102
249340,-60,371,2900,225,775,10,102
249345,-44,468,4325,-182,599,21,102
249350,-221,208,3369,160,593,57,102
249355,252,195,5274,-18,-123,197,102
249360,73,927,6219,263,-32,302,103
249365,-105,495,4066,186,304,245,103
249370,-229,469,4108,104,115,250,103
249375,-63,465,5508,160,-18,187,103
249380,-275,-98,3374,-52,685,110,103
249385,-212,37,2809,-122,558,116,103
249390,231,13,4582,77,-89,92,103
249395,-90,465,3407,-271,208,121,103
249400,-69,555,2866,-177,42,24,103
249405,95,815,6531,-85,-650,-74,103
249410,282,693,4959,-140,-76,-183,103
249415,214,354,4186,-227,71,-271,103
249420,14,1128,6383,72,-320,-346,103
249425,9,719,3978,18,303,-513,103
249430,-255,356,2699,27,361,-635,103
249435,88,-282,5387,-71,-150,-646,103
249440,227,-546,4523,-610,504,-464,103
249445,-70,-448,3597,-414,539,-170,103
249450,-80,-270,4521,-491,74,59,103
249455,90,378,4893,-417,183,265,103
249460,-145,757,3855,-9,451,285,103
249465,135,1101,4680,-5,273,92,103
249470,196,-6,4411,-66,327,-211,103
249475,185,-156,4141,-155,87,-256,103
249480,-70,243,4575,302,-158,-294,103
249485,-144,-3,2994,506,-83,-383,103
249490,-212,-246,3649,490,-589,-404,103
249495,33,-742,6172,219,-628,-294,103
249500,-103,-94,3247,139,332,8,103
249505,-100,379,4709,297,-265,173,103
249510,177,1474,5488,235,-196,140,103
249515,148,965,4018,106,298,-132,103
249520,43,848,5923,-223,107,-293,103
249525,217,209,3849,-165,759,-368,103
249530,229,394,3234,-143,411,-299,103
249535,203,615,5027,22,-22,-283,103
249540,96,523,3183,165,441,-337,103
249545,-154,47,3462,223,19,-426,103
249550,-120,-73,6486,134,-219,-450,103
249555,-145,5,5156,-165,882,-421,103
249560,-43,583,4320,339,1110,-475,103
249565,160,440,5448,684,877,-726,103
249570,-7,-189,3386,1022,1491,-912,103
249575,-8,-2950,-398,1036,943,-717,103
249580,1001,-1648,5501,269,-1268,217,103
249585,114,225,5583,714,-555,859,103
249590,-559,851,1824,-4,-363,1238,103
249595,-499,1575,4707,-8,-2043,1209,103
249600,-588,1492,5606,387,-1804,825,103
249605,107,1753,8112,-624,-884,561,103
249610,149,225,1095,-1400,624,317,103
249615,964,1448,8581,-1426,-796,395,103
249620,491,564,4895,-1272,843,219,103
249625,287,932,5679,-894,730,103,103
249630,582,599,3898,-953,1372,-172,103
249635,-10,426,1563,-674,1679,-364,103
249640,8,-787,2298,-857,913,-408,103
249645,-16,181,3745,-605,599,-278,103
249650,-217,-263,2189,-148,1030,-340,103
249655,-12,-1084,4581,-348,789,-133,103
249660,197,624,2210,-1134,1130,215,103
249665,753,1065,6649,464,-353,-138,103
249670,-93,-619,4156,979,-311,-643,103
249675,-441,-246,4727,-104,-1012,-491,103
249680,-580,-103,4823,-560,-1665,-449,103
249685,-359,170,5869,-686,-1715,-449,103
249690,-414,298,3303,685,-695,-626,104
249695,235,558,4602,1907,-1100,-812,104
249700,248,-397,2742,2263,-1073,-875,104
249705,541,-847,5049,2126,-1615,-604,104
249710,601,-24,5970,1260,-526,-179,104
249715,297,-828,3907,636,484,117,104
249720,136,707,5649,1100,-96,367,104
249725,301,848,5392,1087,301,332,104
249730,333,444,2414,1305,550,177,104
249735,885,1017,6450,41,-74,279,104
249740,137,1519,2617,-423,1046,308,104
249745,23,953,4280,-144,206,48,104
249750,248,840,5295,250,-70,-171,104
249755,32,422,3679,209,234,-323,104
249760,176,85,4302,-491,-137,-302,104
249765,71,326,4401,-667,-39,-224,104
249770,18,184,4457,-180,-250,-257,104
249775,128,-730,2976,-233,-446,-252,104
249780,263,-311,4579,0,-972,0,104
249785,-60,-35,2985,131,-800,142,104
249790,-186,150,3338,310,-1176,209,104
249795,18,373,5642,178,-1253,208,104
249800,-185,712,3833,164,-454,127,104
249805,-2,248,3696,533,-611,-105,104
249810,670,65,5610,415,-930,-202,104
249815,405,-299,4923,-87,-233,-89,104
249820,81,185,5188,-11,-39,93,104
249825,399,267,5904,197,-242,236,104
249830,201,548,4122,641,351,271,104
249835,114,217,3812,591,455,238,104
249840,260,-40,4294,287,376,210,104
249845,44,243,3431,-53,466,261,104
249850,18,919,3745,100,200,246,104
249855,21,742,4185,300,24,72,104
249860,137,527,3447,569,12,-99,104
249865,87,-150,4483,314,-351,-105,104
249870,165,200,5443,-135,-209,56,104
249875,-45,-65,4143,-24,79,146,104
249880,183,126,5274,102,-367,235,104
249885,6,618,3691,552,66,211,104
249890,118,249,3407,658,-172,121,104
249895,130,-353,4430,439,-257,68,104
249900,249,456,4588,-228,115,194,104
249905,-169,123,3552,21,171,204,104
249910,-6,581,4395,409,-297,226,104
249915,431,1423,5180,665,-214,117,104
249920,182,437,4870,571,117,-186,104
249925,93,241,4072,91,433,-282,104
249930,-136,393,4697,109,393,-291,104
249935,-79,544,4393,552,442,-348,104
249940,284,456,4344,954,218,-442,104
249945,118,352,4067,961,440,-595,104
249950,-163,-637,3580,1208,663,-719,104
249955,747,-3269,2780,606,197,-484,104
249960,1031,-2272,3871,-286,-774,773,104
249965,143,1065,4100,440,-1834,1673,104
249970,-461,1474,3930,833,-2262,1558,104
249975,-345,1032,5329,758,-2235,1358,104
249980,-64,-58,5066,689,-1773,1118,104
249985,-107,822,3159,673,-1431,1060,104
249990,817,1336,10268,-867,-1158,872,105
249995,428,1904,-143,-732,1596,488,105
250000,1893,2813,9725,-695,-162,-101,105
250005,-651,-264,5784,-1005,2090,-554,105
250010,208,-214,2558,-1119,2097,-532,105
250015,680,1453,6486,-219,1400,-544,105
250020,489,49,3156,-575,2366,-486,105
250025,350,-478,2143,-898,2129,-282,105
250030,-96,-183,1695,-409,1333,-72,105
250035,221,327,2180,249,98,-88,105
250040,-477,118,5114,314,-782,-241,105
250045,-776,-666,3240,152,-720,-333,105
250050,961,1280,5748,698,-1358,-504,105
250055,-386,216,4639,-113,-615,-628,105
250060,-250,329,4127,76,-668,-726,105
250065,169,812,3955,342,-780,-776,105
250070,270,1014,4791,639,-382,-831,105
250075,7,24,3279,-212,190,-883,105
250080,273,-947,4366,-502,-127,-615,105
250085,684,500,5984,-442,-118,-3,105
250090,295,838,3736,-533,546,154,105
250095,216,1071,4454,-184,303,40,105
250100,579,881,6525,-510,314,-109,105
250105,189,547,3568,-473,1061,-270,105
250110,454,279,3953,-232,275,-425,105
250115,403,410,4524,-241,-31,-427,105
250120,113,273,3901,167,153,-497,105
250125,176,363,4778,7,-160,-619,105
250130,-127,-248,3566,-410,61,-719,105
250135,120,-607,3983,-22,-186,-680,105
250140,-8,-15,5271,139,-365,-520,105
250145,119,145,4329,376,63,-453,105
250150,225,285,4487,-88,143,-359,105
250155,212,13,5101,-283,293,-299,105
250160,147,-387,3618,-83,546,-170,105
250165,322,107,4406,10,372,112,105
250170,2,667,2930,148,550,213,105
250175,99,651,3437,295,103,132,105
250180,260,1276,4501,-198,78,52,105
250185,-102,29,3926,-501,363,-101,105
250190,147,371,5513,-65,-110,-106,105
250195,159,857,5441,-181,246,-126,105
250200,55,190,3149,64,538,-276,105
250205,276,439,4620,255,-62,-339,105
250210,192,42,4447,-444,202,-332,105
250215,215,-441,4308,-134,280,-252,105
250220,179,-231,5059,83,41,-89,105
250225,-32,397,4439,20,334,73,105
250230,94,577,4014,80,423,60,105
250235,268,728,4063,-616,389,11,105
250240,225,773,5221,-510,500,-48,105
250245,85,655,4561,-35,763,-241,105
250250,113,819,4401,-94,684,-338,105
250255,324,204,4308,-558,729,-413,105
250260,351,384,4441,-320,684,-474,105
250265,24,383,3640,-468,672,-509,105
250270,-43,-304,3899,-690,297,-522,105
250275,-57,22,4588,-32,136,-458,105
250280,-178,445,2938,294,389,-460,105
250285,-68,678,4164,545,-97,-521,105
250290,-47,438,4025,34,150,-586,105
250295,28,-53,3347,-259,283,-609,105
250300,262,-565,4328,-535,-138,-508,105
250305,79,643,5886,-178,-132,-369,105
250310,83,615,5043,343,259,-486,105
250315,275,376,5229,12,370,-522,105
250320,104,397,3943,-399,795,-474,106
250325,241,305,4605,-160,738,-565,106
250330,58,162,4401,44,933,-663,106
250335,-171,566,2542,375,969,-729,106
250340,351,-822,2233,-294,91,-696,106
250345,789,-300,5321,-797,-1047,-230,106
250350,-450,524,3966,-666,-664,164,106
250355,-345,935,3559,-760,-1114,322,106
250360,-445,614,4274,-728,-1443,221,106
250365,77,495,6115,-473,-1576,125,106
250370,-16,260,3522,-720,-581,118,106
250375,-91,-140,2396,-977,-698,106,106
250380,330,182,4667,-934,-1390,89,106
250385,287,125,5028,-703,-916,16,106
250390,5,748,3848,-519,-420,-41,106
250395,324,893,5368,-88,-663,-322,106
250400,398,293,5408,-561,-178,-600,106
250405,-50,63,988,-445,417,-628,106
250410,532,123,6207,-764,-1157,-566,106
250415,119,504,4514,-452,-390,-550,106
250420,135,198,4587,849,-392,-708,106
250425,443,280,3823,687,-477,-746,106
250430,257,-171,4952,222,-989,-662,106
250435,248,-1019,4754,527,-734,-533,106
250440,193,-138,5312,642,-727,-313,106
250445,-69,-436,5272,782,-426,-188,106
250450,70,161,5494,1758,-8,-166,106
250455,427,540,5106,2498,436,-319,106
250460,893,-640,7259,1584,411,-410,106
250465,1231,-1342,8431,1575,1179,-244,106
250470,467,-1611,4543,1970,2278,212,106
250475,190,-1348,3704,2022,2184,773,106
250480,306,-214,3564,2154,2078,1262,106
250485,261,295,2198,1964,2227,1520,106
250490,271,1483,3260,1628,1814,1579,106
250495,-190,995,1275,1098,1681,1353,106
250500,-206,831,2091,568,977,1160,106
250505,-119,969,2707,158,569,1078,106
250510,-124,608,1881,221,143,981,106
250515,308,1791,4615,-533,-567,961,106
250520,269,1587,5495,-299,-454,700,106
250525,102,978,6789,60,-510,358,106
250530,226,748,6472,194,-35,186,106
250535,-221,330,5570,-207,508,117,106
250540,-466,18,3947,-381,1015,182,106
250545,-226,-422,2546,-150,812,292,106
250550,301,33,3367,-34,-49,449,106
250555,139,952,4128,139,-98,492,106
250560,-44,532,4460,-717,506,374,106
250565,-91,158,2139,-918,853,308,106
250570,-46,560,5828,-562,-35,274,106
250575,183,599,4496,367,223,84,106
250580,274,473,4092,70,58,-55,106
250585,40,92,5539,-171,-109,-159,106
250590,-282,116,3955,295,308,-228,106
250595,-106,251,4028,-79,86,-155,106
250600,-64,716,3964,-111,49,-100,106
250605,-20,645,3482,-113,33,-158,106
250610,167,213,3622,51,-81,-232,106
250615,87,-103,3506,-79,-154,-233,106
250620,-42,22,4441,-73,-301,-78,106
250625,-103,196,3584,117,-203,36,106
250630,57,339,5021,223,-470,77,106
250635,72,688,5821,113,-96,91,106
250640,157,-360,4411,-292,415,48,106
250645,66,-316,4655,-350,221,194,106
250650,-73,765,4364,-216,131,348,106
250655,-47,868,3837,-82,113,263,106
250660,-66,435,3183,-155,62,161,106
250665,232,1081,5856,-59,-141,96,106
250670,68,791,3374,-119,696,-155,106
250675,279,-744,4447,-75,285,-330,107
250680,-57,-290,4428,-12,172,-143,107
250685,-265,249,4758,-124,205,-2,107
250690,-85,91,3578,-187,255,33,107
250695,-213,885,4598,302,-34,55,107
250700,-17,768,5002,-56,303,-55,107
250705,32,-647,2376,-247,692,-112,107
250710,-180,-13,4691,-34,-90,88,107
250715,-227,287,3450,42,156,192,107
250720,-137,437,3666,88,-247,213,107
250725,54,736,4340,6,-483,220,107
250730,119,777,6078,-602,-164,176,107
250735,-384,726,3471,-291,376,28,107
250740,-203,446,5731,-294,-197,-135,107
250745,-56,261,4061,-125,252,-240,107
250750,-26,-267,2248,110,68,-208,107
250755,165,-614,3180,301,-699,-75,107
250760,188,-476,3519,827,-687,170,107
250765,26,-476,3577,775,-545,448,107
250770,-279,-729,4588,176,-773,707,107
250775,-488,79,4985,-81,-644,962,107
250780,136,2248,8819,-783,-724,1023,107
250785,602,2747,6851,-1724,483,550,107
250790,905,2129,7832,-1169,807,-204,107
250795,579,947,7149,-872,1469,-766,107
250800,141,1331,4367,-1211,2043,-964,107
250805,-222,395,634,-931,2103,-1213,107
250810,104,-1055,2428,-941,646,-1221,107
250815,-168,-998,2196,-215,177,-925,107
250820,-235,-805,1696,-169,44,-589,107
250825,-414,777,586,-673,149,-331,107
250830,35,1467,2156,206,-805,-621,107
250835,503,1836,6620,408,-2262,-1179,107
250840,-266,625,4331,354,-1307,-1799,107
250845,-352,-1846,5065,406,-1590,-1948,107
250850,127,-730,7520,759,-1981,-1580,107
250855,-84,125,3477,843,-954,-1361,107
250860,118,296,4672,294,-1205,-1353,107
250865,34,-857,3016,197,-925,-1259,107
250870,122,-173,2541,149,-1135,-854,107
250875,294,717,4587,219,-1467,-600,107
250880,312,754,4357,89,-1157,-603,107
250885,547,684,5346,-108,-883,-640,107
250890,244,546,3926,-1021,-360,-519,107
250895,284,870,4325,-882,-323,-537,107
250900,28,483,4810,-774,-232,-631,107
250905,113,504,6398,-309,-218,-707,107
250910,514,155,8977,807,209,-801,107
250915,324,-373,3329,615,1628,-750,107
250920,468,-1165,6214,859,349,-588,107
250925,199,-1451,5606,1080,1000,-271,107
250930,104,-1130,3510,1544,1514,143,107
250935,-56,-851,2648,1302,1102,544,107
250940,149,-592,2503,885,828,803,107
250945,257,609,3093,414,585,1070,107
250950,-143,1055,3549,97,540,1079,107
250955,-332,2318,3373,707,417,781,107
250960,-118,662,4338,617,4,244,107
250965,-31,827,4836,613,-38,79,107
250970,-440,92,3484,818,252,11,107
250975,-331,351,4610,515,-41,42,107
250980,86,-473,3995,-50,-63,185,107
250985,63,401,4947,-461,-229,437,107
250990,-212,828,3816,-278,-270,490,107
250995,19,890,4796,-203,-765,411,107
251000,-59,1249,3732,-83,-534,310,108
251005,90,1118,3701,-200,-597,76,108
251010,-10,486,4860,-667,-730,-163,108
251015,-6,222,4717,-330,-496,-299,108
251020,2,116,4017,270,-372,-426,108
251025,79,-34,4077,-33,-471,-442,108
251030,219,259,4365,-210,-574,-324,108
251035,-35,-103,4202,-42,-420,-368,108
251040,83,-169,4331,-561,-306,-240,108
251045,-10,371,4869,-36,-301,-124,108
251050,-100,394,4420,355,-82,-258,108
251055,19,-248,4248,257,-135,-286,108
251060,-3,458,3585,453,-153,-171,108
251065,97,19,3758,-304,-408,-140,108
251070,128,322,4882,54,-361,-27,108
251075,7,887,4144,236,-167,-4,108
251080,-96,389,5695,99,-404,-142,108
251085,-7,132,3958,-115,117,-136,108
251090,29,425,4051,-133,2,-100,108
251095,123,224,4759,-717,-215,-108,108
251100,-80,442,3516,-378,-41,-52,108
251105,-76,424,4795,181,-375,-138,108
251110,-28,276,3849,470,-168,-161,108
251115,62,354,4691,376,-179,-194,108
251120,229,-447,5226,-110,-158,-211,108
251125,50,19,4051,370,92,-162,108
251130,-16,371,5791,623,-104,-210,108
251135,-62,413,5405,817,294,-272,108
251140,55,-669,3406,700,653,-362,108
251145,1047,-947,2584,-85,-258,2,108
251150,354,37,4129,-116,-1305,483,108
251155,-455,833,3666,-42,-1241,776,108
251160,-717,867,2912,-398,-1608,894,108
251165,-354,1106,5529,-161,-2356,857,108
251170,-472,685,3494,143,-1743,670,108
251175,-224,477,1987,911,-1660,458,108
251180,226,761,5006,1623,-2084,191,108
251185,1300,1368,9991,-1879,-1163,76,108
251190,294,-2443,573,-2504,1424,207,108
251195,2037,2734,11597,-1866,-784,829,108
251200,1376,1072,10615,-1480,1220,376,108
251205,-423,669,5364,-1319,2415,143,108
251210,338,1639,965,-1047,3025,-305,108
251215,-28,118,2329,-1028,2320,-679,108
251220,-458,-1542,696,-1134,1810,-625,108
251225,-216,-822,1594,-442,1074,-293,108
251230,697,1025,3709,-9,800,-66,108
251235,320,565,1725,-466,1381,-89,108
251240,-745,-1435,2084,-612,1216,-133,108
251245,-704,-1008,4821,-876,714,206,108
251250,-275,-667,5331,-918,204,613,108
251255,-496,1910,5683,-929,251,903,108
251260,-345,3261,4220,-306,564,460,108
251265,257,1457,2398,1768,22,-639,108
251270,-97,554,2734,1668,-892,-1112,108
251275,137,-1535,2831,341,-1368,-1250,108
251280,330,-980,3907,436,-2146,-1049,108
251285,-87,-710,5666,688,-2407,-874,108
251290,34,-189,4359,613,-1636,-781,108
251295,-178,328,5463,665,-1529,-671,108
251300,27,472,6069,42,-910,-660,108
251305,263,-969,3389,469,61,-595,108
251310,567,1212,6342,481,-517,-168,108
251315,171,765,5997,761,441,-372,108
251320,164,393,4039,232,964,-443,108
251325,661,946,4762,-42,399,-371,108
251330,461,1436,4422,-18,899,-547,109
251335,233,336,2627,90,1071,-741,109
251340,324,332,4046,241,108,-722,109
251345,-111,133,4270,444,64,-696,109
251350,-79,370,3437,-122,451,-586,109
251355,-29,147,3915,-212,220,-565,109
251360,-190,186,5195,5,-129,-557,109
251365,-50,-352,4146,348,93,-558,109
251370,-12,-9,4202,353,142,-438,109
251375,32,-540,3548,-295,265,-270,109
251380,36,-258,3464,-522,93,52,109
251385,110,527,4825,-511,-295,272,109
251390,27,151,4862,52,-97,209,109
251395,-25,626,4462,324,161,197,109
251400,243,318,5019,-111,195,122,109
251405,291,614,4639,-278,542,51,109
251410,23,787,2555,-339,717,-45,109
251415,407,389,4734,-433,-73,-157,109
251420,96,160,5266,-233,319,-202,109
251425,163,683,4593,-242,700,-153,109
251430,26,669,4303,-474,846,-254,109
251435,69,212,3304,-867,690,-315,109
251440,270,653,4932,-420,123,-351,109
251445,111,717,4373,580,311,-586,109
251450,302,509,4966,-111,260,-669,109
251455,147,-590,3991,-380,286,-695,109
251460,21,-366,3805,-244,-232,-597,109
251465,-95,-158,4549,357,-368,-537,109
251470,-195,-237,5194,403,-40,-463,109
251475,-224,-408,3614,-365,435,-246,109
251480,-34,154,4473,-250,182,-113,109
251485,351,822,3448,-167,151,-170,109
251490,486,489,3170,-366,75,-282,109
251495,10,430,5070,180,-120,-318,109
251500,-297,894,3511,850,328,-439,109
251505,267,749,5163,-189,258,-516,109
251510,387,507,5552,-243,547,-601,109
251515,153,169,5118,-125,901,-734,109
251520,-74,90,4158,274,1260,-819,109
251525,252,-976,3087,787,801,-833,109
251530,947,-1122,4362,-549,-444,-304,109
251535,426,-168,4437,-714,-919,345,109
251540,-431,1108,3486,-130,-1306,558,109
251545,-252,930,3176,-712,-1848,600,109
251550,-267,931,3863,-774,-2060,424,109
251555,-251,-166,4507,-552,-2004,222,109
251560,-40,266,5157,-954,-1301,358,109
251565,-127,34,3689,-808,-765,423,109
251570,302,290,5432,-436,-1106,412,109
251575,599,583,6164,-530,-341,288,109
251580,405,9,4706,-759,665,99,109
251585,422,-552,5267,-463,710,40,109
251590,941,-443,5026,-745,620,186,109
251595,454,1195,4416,123,696,240,109
251600,95,734,2655,-97,587,-34,109
251605,154,93,4140,113,-33,-316,109
251610,35,-441,4057,225,128,-430,109
251615,119,-323,2968,115,95,-352,109
251620,436,509,6559,-80,-572,-255,109
251625,-242,239,4497,-236,313,-302,109
251630,-363,309,4282,-17,151,-316,109
251635,-369,92,2075,163,95,-351,109
251640,182,382,4692,-482,-619,-252,109
251645,-125,417,4068,-516,-121,-174,109
251650,-138,872,2113,-754,-160,-115,109
251655,177,875,5251,-662,-983,-217,109
251660,-83,726,2395,-666,-314,-348,110
251665,113,217,2895,-951,-965,-407,110
251670,203,158,4009,-1454,-1463,-322,110
251675,-103,587,3319,-1562,-1269,-317,110
251680,38,1096,4090,-1738,-1659,-455,110
251685,45,884,4767,-1728,-1656,-702,110
251690,-84,417,6382,-1189,-1343,-943,110
251695,949,-520,10479,570,-592,-1122,110
251700,548,-1909,4553,348,1251,-1016,110
251705,601,-1874,7967,402,-392,-796,110
251710,368,31,5226,1096,1092,-527,110
251715,595,-1340,5005,1563,1433,-519,110
251720,427,-962,3626,1327,1452,-256,110
251725,168,113,1380,1140,1352,15,110
251730,182,241,2318,510,383,104,110
251735,302,27,3473,268,39,133,110
251740,-7,700,3124,467,103,137,110
251745,-169,1088,4003,229,-291,90,110
251750,-119,1194,4630,184,-578,-7,110
251755,-184,532,4612,-107,-855,-24,110
251760,141,834,6020,-192,-955,54,110
251765,-156,743,4062,239,-307,-25,110
251770,129,294,3996,376,-560,-148,110
251775,627,-832,5761,-233,-639,-184,110
251780,111,-815,3249,-158,142,76,110
251785,35,-195,4648,-637,-499,334,110
251790,137,159,4469,-51,-296,304,110
251795,342,853,4430,205,-112,237,110
251800,157,272,4914,554,101,-59,110
251805,-51,-694,3261,665,483,-177,110
251810,135,-468,3731,631,44,2,110
251815,108,237,4603,50,-241,214,110
251820,2,660,3752,874,14,194,110
251825,147,1112,4480,630,-208,95,110
251830,-283,121,3214,796,83,-152,110
251835,-126,-624,3526,707,-324,-121,110
251840,74,-179,4263,670,-509,106,110
251845,-9,50,3544,736,-505,267,110
251850,-64,887,3422,722,-747,373,110
251855,101,643,5604,661,-969,188,110
251860,22,-244,4421,655,-458,25,110
251865,281,-428,5219,147,-629,141,110
251870,121,-237,4025,-34,-229,299,110
251875,767,349,7923,-119,-654,418,110
251880,470,952,4115,-268,637,412,110
251885,605,812,7135,-254,492,255,110
251890,485,228,4326,-96,1259,99,110
251895,278,231,3497,-41,1147,93,110
251900,58,311,2634,81,1128,91,110
251905,31,872,2196,400,887,11,110
251910,43,-42,3061,350,353,-131,110
251915,-65,423,2641,516,86,-119,110
251920,-98,13,4839,347,-335,-113,110
251925,-498,-622,3244,-59,108,-29,110
251930,-52,97,4150,773,-589,96,110
251935,80,-47,4758,849,-969,89,110
251940,82,-637,3804,857,-439,79,110
251945,-204,-870,3426,1258,-532,217,110
251950,631,336,9820,-441,-985,536,110
251955,1141,1869,4717,-1697,981,642,110
251960,1451,1868,8684,-896,913,456,110
251965,844,-242,7303,-1223,1664,272,110
251970,151,2013,3766,-1044,2650,325,110
251975,385,1262,3047,-1873,2834,-44,110
251980,315,759,2746,-1715,2752,-437,110
251985,262,1105,1820,-1722,2400,-655,111
251990,223,324,1795,-1457,1754,-930,111
251995,166,-372,4058,-965,1238,-958,111
252000,-398,-997,3144,-782,1405,-762,111
252005,-549,-1055,3165,-302,935,-451,111
252010,-486,-1670,4948,-91,251,-66,111
252015,-463,-229,3699,-543,720,391,111
252020,-564,951,3217,-64,642,366,111
252025,240,881,7869,-171,93,24,111
252030,-309,163,3653,-221,1530,-256,111
252035,-101,135,3578,-329,1004,-294,111
252040,152,70,5523,-258,670,-248,111
252045,-138,53,2179,-212,1517,-86,111
252050,-35,673,1842,-50,752,123,111
252055,707,1213,4929,-549,-140,86,111
252060,35,60,392,-643,424,-213,111
252065,52,599,5494,-812,-1353,-274,111
252070,-438,700,5796,-798,-1317,-490,111
252075,-381,-122,3091,-149,-799,-863,111
252080,-100,-86,5645,-601,-1376,-951,111
252085,361,-883,11040,-363,-836,-953,111
252090,372,-1541,4576,1112,872,-799,111
252095,917,-1490,9769,1731,-258,-406,111
252100,431,-940,4765,2105,1378,-57,111
252105,562,-895,4791,2242,1626,145,111
252110,325,-1156,3289,1696,2037,385,111
252115,440,-245,3454,1667,1813,681,111
252120,166,1046,2479,1422,1641,821,111
252125,-612,2391,1997,1047,1088,583,111
252130,-514,2022,3195,835,463,62,111
252135,-366,259,4291,1007,309,-337,111
252140,-164,-236,3700,32,560,-343,111
252145,-111,-817,3172,-274,267,-72,111
252150,47,592,5575,-115,-393,273,111
252155,-182,959,3429,1,335,286,111
252160,-296,227,3472,-44,-175,141,111
252165,-493,1171,4222,84,-387,123,111
252170,-195,-107,4273,-372,-109,-106,111
252175,-147,415,3698,-209,-62,-167,111
252180,23,943,5272,-183,-262,-318,111
252185,-232,187,2832,-139,251,-544,111
252190,-44,75,5011,80,-407,-653,111
252195,148,297,6353,23,-104,-711,111
252200,164,-77,4026,39,805,-738,111
252205,275,39,4454,345,413,-712,111
252210,286,226,6091,435,196,-751,111
252215,-197,-97,3417,436,822,-779,111
252220,27,-139,6239,469,255,-719,111
252225,-127,-208,4711,468,1125,-617,111
252230,-317,-315,2742,203,1221,-425,111
252235,41,-613,3969,53,298,-209,111
252240,180,202,4988,-19,319,54,111
252245,-58,240,2567,-491,590,302,111
252250,-135,231,5005,-964,-321,463,111
252255,-309,1235,5523,-533,-283,466,111
252260,-376,1122,2562,-255,171,277,111
252265,-227,780,2727,-116,-501,-11,111
252270,-542,420,2958,305,-758,-301,111
252275,15,234,3648,145,-862,-501,111
252280,-17,-426,5986,-258,-763,-489,111
252285,123,-1143,4204,-505,-84,-346,111
252290,349,383,6706,148,-637,-148,111
252295,-185,500,5531,122,89,-220,111
252300,6,338,4229,493,608,-377,111
252305,194,-279,5285,-23,619,-439,111
252310,-136,33,4003,452,1076,-396,111
252315,100,-1051,500,277,620,-337,112
252320,708,-1339,3159,-145,-941,110,112
252325,57,372,3756,-197,-1194,660,112
252330,-974,-202,1430,-640,-1474,1093,112
252335,-315,1627,5904,-1033,-2773,1379,112
252340,-230,1485,6795,-651,-2204,1065,112
252345,-504,1543,4204,-356,-1752,675,112
252350,-97,369,3346,-170,-1840,328,112
252355,-77,-370,2809,132,-1820,178,112
252360,128,-239,4611,286,-2154,174,112
252365,75,-214,2702,324,-1574,181,112
252370,259,-796,2999,146,-1642,199,112
252375,261,-890,3023,637,-1812,271,112
252380,-63,-86,4076,1260,-2115,247,112
252385,73,-315,4694,2115,-2051,162,112
252390,166,-931,3829,2351,-2109,246,112
252395,142,-649,3594,2309,-2443,450,112
252400,366,-1083,5136,2084,-2729,724,112
252405,377,335,8074,713,-2704,1116,112
252410,626,1154,8757,-1469,-1788,1335,112
252415,422,1215,9190,-462,-397,1208,112
252420,99,2660,6378,-552,462,1090,112
252425,93,1860,2540,-384,995,540,112
252430,49,1546,3044,389,785,51,112
252435,233,1369,2627,485,532,-213,112
252440,866,726,3510,-584,329,-385,112
252445,493,821,2235,-1167,801,-370,112
252450,-171,-348,-684,-543,373,-498,112
252455,356,413,2396,968,-1755,-718,112
252460,-73,-196,9450,554,-2567,-873,112
252465,-332,-1907,5855,431,-1055,-953,112
252470,-951,-1079,2238,639,-610,-623,112
252475,185,-536,6470,847,-2053,-362,112
252480,50,682,4829,982,-1286,-336,112
252485,226,104,4067,351,-860,-396,112
252490,266,379,3964,521,-839,-352,112
252495,158,689,2806,1091,-689,-465,112
252500,393,-55,5174,785,-990,-602,112
252505,483,-645,4888,258,-350,-370,112
252510,272,42,4294,5,-91,118,112
252515,268,878,5595,524,-614,357,112
252520,528,511,4847,832,-265,181,112
252525,469,-63,3485,515,5,61,112
252530,316,147,5846,283,-330,241,112
252535,31,412,4023,-208,198,391,112
252540,181,461,4870,-274,68,363,112
252545,108,166,3598,325,405,273,112
252550,247,107,3502,629,146,270,112
252555,515,-419,4709,266,-168,292,112
252560,319,-16,3837,-152,88,457,112
252565,149,568,5101,-367,-119,491,112
252570,-75,297,5208,-41,94,365,112
252575,66,-12,4110,533,238,359,112
252580,-5,197,3425,830,124,374,112
252585,76,-605,4952,667,-195,414,112
252590,52,-249,3510,297,198,600,112
252595,-139,175,3216,-53,28,711,112
252600,143,680,3398,549,-549,698,112
252605,134,2271,3475,828,-871,424,112
252610,149,-164,4492,585,-527,-65,112
252615,48,326,2832,326,-22,-53,112
252620,323,559,6545,-10,-641,-19,112
252625,25,796,5246,288,152,-51,112
252630,128,97,4486,609,66,-181,112
252635,659,389,4984,548,-287,-141,112
252640,484,28,6350,307,114,-51,113
252645,161,-343,2425,-476,865,121,113
252650,87,211,4510,-58,53,297,113
252655,138,917,4859,308,-6,266,113
252660,345,593,4042,223,305,91,113
252665,39,103,3755,553,321,-26,113
252670,315,-231,6642,-56,165,20,113
252675,111,-33,1081,-531,983,171,113
252680,-52,42,4879,379,-344,216,113
252685,99,163,3628,742,-294,194,113
252690,111,479,4205,682,-518,251,113
252695,405,486,6592,-187,-239,267,113
252700,-294,-114,1359,-177,891,252,113
252705,-138,1339,6503,189,-443,200,113
252710,64,485,2414,962,256,-117,113
252715,269,622,5678,966,-373,-275,113
252720,289,1333,7266,-73,363,-344,113
252725,-235,523,2462,-94,1852,-602,113
252730,-85,805,5222,264,932,-825,113
252735,171,191,3965,803,1522,-1028,113
252740,71,435,4260,1248,1759,-1078,113
252745,75,263,6414,123,1979,-1080,113
252750,-238,-697,3137,-95,2942,-1051,113
252755,-21,-209,4334,366,2391,-833,113
252760,18,-615,1117,1233,2326,-674,113
252765,1185,-1951,2503,-410,1031,-143,113
252770,363,846,5041,186,14,645,113
252775,-171,1494,3995,-36,-310,890,113
252780,-26,2094,4104,335,-1376,608,113
252785,-226,2418,5053,290,-1484,-9,113
252790,-162,1102,5534,-442,-902,-623,113
252795,-477,-877,3596,-288,-284,-925,113
252800,-322,-325,3286,148,-305,-782,113
252805,7,-609,2788,856,-423,-670,113
252810,384,-43,4177,690,-688,-430,113
252815,292,-864,5533,-570,-108,-200,113
252820,-302,-227,975,-424,880,109,113
252825,-145,866,6219,-309,-697,365,113
252830,719,1160,5988,406,-378,307,113
252835,433,1093,4678,-220,99,209,113
252840,184,568,3579,-846,93,153,113
252845,21,588,3657,-521,-228,102,113
252850,44,1003,2977,-573,-479,-20,113
252855,74,1429,3737,-305,-914,-355,113
252860,39,1045,4298,-1235,-745,-753,113
252865,-102,-496,2973,-1921,-507,-942,113
252870,-248,-750,5928,-1936,-1161,-773,113
252875,54,-307,10190,211,-458,-602,113
252880,612,211,4897,1241,1619,-451,113
252885,762,-43,6287,374,789,-277,113
252890,920,-655,6748,350,1218,-121,113
252895,384,-109,3372,1424,1880,-20,113
252900,-170,250,491,1561,1284,-65,113
252905,-91,1120,2334,709,-190,-53,113
252910,276,-117,4112,-223,-148,-252,113
252915,-246,-220,2687,102,931,-260,113
252920,-346,434,-596,276,407,-153,113
252925,-21,2199,7544,-19,-1879,-230,113
252930,62,637,5269,-395,-222,-602,113
252935,144,-200,5320,-667,-199,-554,113
252940,-270,230,4611,-284,-366,-319,113
252945,123,439,3490,-38,-221,-201,114
252950,505,44,3845,52,-517,-207,114
252955,351,145,3619,-888,-605,-49,114
252960,166,-377,5566,-628,-619,20,114
252965,8,226,4182,-216,-147,101,114
252970,178,1083,5429,4,-387,44,114
252975,29,540,3620,380,170,-259,114
252980,154,193,4410,-678,-147,-378,114
252985,364,-700,4636,-414,-217,-351,114
252990,277,400,4533,37,114,-197,114
252995,174,1142,2975,613,65,-332,114
253000,358,374,4448,-669,-835,-457,114
253005,607,302,6842,-216,-578,-468,114
253010,208,462,2560,-161,555,-503,114
253015,-18,683,3228,33,-377,-607,114
253020,515,415,5806,326,-1098,-747,114
253025,425,-406,3581,-140,-392,-688,114
253030,-3,-253,3332,-140,-680,-341,114
253035,-31,76,3978,-71,-1007,-51,114
253040,168,435,4330,373,-953,59,114
253045,212,532,4444,504,-892,5,114
253050,261,430,4125,40,-701,-103,114
253055,192,403,3597,-173,-700,-175,114
253060,378,636,4804,37,-791,-281,114
253065,89,426,3844,363,-485,-431,114
253070,304,208,5151,621,-726,-476,114
253075,455,259,5539,516,-240,-476,114
253080,210,-164,2439,506,216,-456,114
253085,437,-289,4479,598,-729,-319,114
253090,66,-161,4245,870,-630,-177,114
253095,-45,-37,3679,1470,-635,-70,114
253100,41,-478,1050,1619,-790,-23,114
253105,315,-130,4137,1712,-1867,111,114
253110,679,1023,9435,-641,-1563,285,114
253115,482,-392,4677,-1001,474,442,114
253120,666,1815,7750,-1189,-343,722,114
253125,1364,1527,8771,-537,316,454,114
253130,382,9,5644,-361,1572,157,114
253135,305,1285,1201,79,2120,21,114
253140,251,833,1060,-454,1431,-168,114
253145,54,-35,2447,-502,462,-395,114
253150,440,-213,4171,-527,236,-447,114
253155,635,-369,2895,-332,898,-346,114
253160,103,-175,2869,-461,834,-67,114
253165,-341,125,2410,-234,191,114,114
253170,142,468,5619,-40,-781,220,114
253175,436,61,6122,-85,-169,303,114
253180,195,-133,5947,-412,327,447,114
253185,107,58,5634,-516,766,644,114
253190,155,987,5532,-359,1121,687,114
253195,-43,1294,1223,-5,1573,448,114
253200,422,1998,2727,891,327,3,114
253205,239,1043,3273,247,-79,-578,114
253210,63,-988,1978,-969,-290,-779,114
253215,-348,-379,2348,-656,-1360,-629,114
253220,-309,804,3665,-212,-2055,-603,114
253225,-122,744,4609,-542,-1961,-722,114
253230,-230,-99,4893,-1353,-1401,-739,114
253235,-21,-955,6291,-405,-1208,-570,114
253240,1001,862,8449,658,-948,-329,114
253245,1522,926,7850,1299,90,-454,115
253250,1245,28,9452,1563,740,-606,115
253255,1006,-608,4568,1471,2302,-609,115
253260,811,-959,6094,1697,1974,-389,115
253265,-405,-463,2156,1515,2775,8,115
253270,475,-1204,-1548,1317,2431,215,115
253275,458,-258,2318,1344,803,502,115
253280,319,544,3537,973,537,715,115
253285,345,752,2527,387,845,755,115
253290,-14,1053,3640,137,477,655,115
253295,-288,1346,5063,615,80,515,115
253300,-350,1721,6244,149,-128,319,115
253305,-96,1033,4762,410,601,67,115
253310,130,402,4437,251,643,-16,115
253315,327,10,3000,190,676,50,115
253320,575,-80,4220,-151,200,232,115
253325,-3,176,3130,-84,357,354,115
253330,143,74,4523,-130,-118,409,115
253335,50,200,3210,-20,174,435,115
253340,63,638,5246,217,70,388,115
253345,188,1058,4545,-6,633,234,115
253350,299,-28,3604,7,761,-3,115
