timestamp_ms,ax,ay,az,gx,gy,gz,wheel_pulse
444255,296,52,4318,38,-5,-42,311
444260,295,40,4316,39,-5,-37,311
444265,296,41,4320,35,-9,-42,311
444270,290,39,4341,37,-7,-42,311
444275,295,45,4337,43,-6,-43,311
444280,293,43,4335,41,-5,-46,311
444285,291,38,4327,32,-11,-48,311
444290,296,46,4340,37,-10,-45,311
444295,302,36,4337,32,-6,-46,311
444300,290,37,4327,34,-10,-44,311
444305,265,69,4472,30,-8,-42,311
444310,106,346,4567,20,57,-61,311
444315,-112,605,5007,39,144,-166,311
444320,-300,728,5464,-29,284,-343,311
444325,-983,910,7029,-97,770,-595,311
444330,-3980,-644,4192,-671,1733,-900,311
444335,-3173,-615,4971,-532,1271,-958,311
444340,-2419,-1178,3300,-438,1180,-685,311
444345,-1580,-1004,3353,-169,961,-283,311
444350,-807,-1291,3719,880,815,143,311
444355,546,769,3288,905,795,563,311
444360,-343,1390,5089,214,426,509,311
444365,-1091,-133,3804,-721,948,378,311
444370,-893,447,2468,443,1029,407,311
444375,-1164,-585,1299,-868,-54,368,311
444380,-1146,1000,5632,-644,-1111,292,311
444385,112,-852,6647,-1061,-263,250,311
444390,-1183,-350,3935,-660,406,385,311
444395,-617,574,7164,-407,-326,400,311
444400,-794,580,5132,51,523,184,311
444405,-761,138,3436,724,572,-76,311
444410,-534,-756,2771,887,-90,-221,311
444415,-460,-852,3302,1239,-816,-171,311
444420,-650,-566,2846,1898,-1057,-66,311
444425,-717,632,4127,1734,-1374,43,311
444430,-692,438,3371,-609,-814,49,311
444435,-781,1172,4877,-1062,-733,-83,311
444440,-587,442,5819,-26,-681,-441,311
444445,-399,312,4750,-913,-145,-530,312
444450,-318,1045,4957,-952,-172,-399,312
444455,-77,2930,6486,500,-223,-621,312
444460,46,-80,2327,1261,639,-1241,312
444465,-23,-1088,2601,420,173,-1044,312
444470,-439,-633,4401,-1092,-358,-701,312
444475,-763,-18,5355,84,-552,-628,312
444480,-126,-639,4472,1051,-248,-675,312
444485,-251,-223,5074,662,-158,-489,312
444490,-483,-539,3693,-314,-145,-284,312
444495,-387,-970,4107,231,-430,-89,312
444500,-408,-505,5451,880,-378,115,312
444505,-111,-486,3869,-1479,331,436,312
444510,9,507,5930,-1188,435,666,312
444515,-314,457,2377,639,486,425,312
444520,90,794,2646,432,-235,237,312
444525,1051,706,9765,-989,-966,362,312
444530,-197,-204,5303,892,543,153,312
444535,-415,-820,1152,1543,322,21,312
444540,500,-237,6462,265,-1202,105,312
444545,372,-1008,4285,-247,-233,108,312
444550,-72,-174,-575,-11,-101,285,312
444555,287,461,5432,699,-2136,277,312
444560,138,-91,5712,878,-1252,200,312
444565,-588,306,1865,-33,-318,391,312
444570,-266,-296,3671,-215,-1337,351,312
444575,823,-121,5032,-158,-1556,481,312
444580,195,-10,4213,1265,-871,527,312
444585,131,717,3912,849,-740,470,312
444590,135,117,5973,-497,-830,510,312
444595,1052,-110,6007,-705,-370,509,312
444600,-429,-617,4241,-514,91,432,312
444605,362,-59,3253,938,-207,252,312
444610,1076,-65,5592,625,-752,180,312
444615,616,-259,6785,-144,-417,322,312
444620,-169,-644,2617,395,196,384,312
444625,108,294,1311,396,-790,478,312
444630,473,-782,3557,177,-1607,447,312
444635,368,740,10004,-1714,-1102,633,312
444640,104,1828,1688,-4586,1848,758,312
444645,965,-1333,4868,-4617,940,809,312
444650,1253,4028,12709,-3360,1018,1173,312
444655,294,620,5051,-2802,4220,526,312
444660,755,1079,1084,-580,3637,214,312
444665,-1393,138,-3096,-475,2741,-242,313
444670,-332,-1582,1565,836,152,-551,313
444675,528,-2441,2174,1687,-544,-547,313
444680,-424,961,214,1658,-911,-86,313
444685,-681,-555,-2802,709,-1351,39,313
444690,-1153,78,-1594,2069,-2819,-179,313
444695,-370,1025,116,1557,-4016,-141,313
444700,-403,-863,1546,1508,-4561,-266,313
444705,-779,1691,176,2499,-4550,-220,313
444710,1762,-3340,22501,-2357,-5924,-225,313
444715,2375,236,8250,138,-1013,247,313
444720,-31,-413,11277,1585,-3158,106,313
444725,105,230,7945,1297,-809,292,313
444730,1127,2420,2293,372,634,287,313
444735,1142,2778,3507,-1119,-523,106,313
444740,881,-2526,-1971,-260,-805,-217,313
444745,1919,185,4239,812,-2676,-115,313
444750,4322,1912,4642,1514,-2025,-379,313
444755,1258,381,6017,-61,-1194,-642,313
444760,-49,-1300,4451,164,-292,-665,313
444765,985,-212,8787,171,-721,-475,313
444770,-189,-493,4745,-510,1412,-364,313
444775,-371,843,4613,-117,914,-191,313
444780,-329,551,-117,211,951,-246,313
444785,678,1025,2245,-146,-60,-318,313
444790,1519,1126,7151,-1094,-332,-351,313
444795,-194,176,264,179,938,-598,313
444800,1487,1249,7861,119,-1861,-717,313
444805,515,-821,6234,-1189,-568,-828,313
444810,241,-1687,4093,-155,182,-608,313
444815,107,887,6120,499,87,-262,313
444820,668,-1994,1538,-217,870,-170,313
444825,989,-244,3294,-651,-95,134,313
444830,941,1488,7344,-69,-258,96,313
444835,781,555,3384,-97,473,-185,313
444840,844,-25,3126,-436,-281,-215,313
444845,1106,-246,7035,-211,-891,-305,313
444850,61,-293,686,400,421,-297,313
444855,-53,446,1901,891,-1016,-284,313
444860,1114,754,10173,329,-2030,-449,313
444865,564,-406,1909,0,624,-522,313
444870,420,-2286,-1400,104,-762,-527,313
444875,1646,-2860,3474,-1156,-3813,-19,313
444880,958,2040,6747,-2250,-3922,752,313
444885,-348,1970,2610,-1988,-2635,699,314
444890,-85,1868,5942,-1811,-3706,388,314
444895,249,900,5190,-933,-3076,46,314
444900,577,1876,2625,-405,-2293,-289,314
444905,396,-51,3894,438,-2345,-842,314
444910,523,-1143,6376,1110,-1896,-929,314
444915,1033,-583,3838,1235,-590,-716,314
444920,1789,-1382,7743,210,55,-662,314
444925,2,-1924,3344,42,2000,-117,314
444930,544,-573,2442,341,1499,478,314
444935,2392,531,10486,27,1314,442,314
444940,2242,850,7213,-274,4388,401,314
444945,-202,849,-3259,1027,5506,69,314
444950,-104,1125,2457,2123,1858,-467,314
444955,1373,409,-1419,1020,1813,-573,314
444960,-1385,1759,4385,1344,63,-748,314
444965,932,-1220,5287,1187,-744,-1106,314
444970,465,307,6067,1203,-313,-856,314
444975,642,-1407,5464,793,801,-784,314
444980,327,-1222,5884,401,1603,-423,314
444985,340,135,3067,3,2342,144,314
444990,222,2144,4528,63,1772,328,314
444995,1167,-435,3127,-782,1888,519,314
445000,-301,767,-1841,-403,1740,479,314
445005,1005,166,6276,175,-955,10,314
445010,194,195,2695,227,-613,-230,314
445015,561,1399,5019,-765,-1282,-239,314
445020,200,-488,4691,-318,-986,-551,314
445025,360,-779,4524,650,-865,-556,314
445030,166,-1126,4803,1496,-857,-331,314
445035,1477,-1049,8607,872,-611,-53,314
445040,322,-837,3855,214,1579,151,314
445045,126,-1225,2523,260,1635,430,314
445050,849,-117,6004,1131,428,808,314
445055,711,69,-459,-424,1387,1065,314
445060,510,461,5684,-662,153,1167,314
445065,695,952,5166,-321,274,1027,314
445070,199,514,1740,-576,495,984,314
445075,519,1657,3004,-366,-237,835,314
445080,250,713,1543,601,-483,405,314
445085,752,1396,6887,807,-1084,-70,314
445090,367,-894,1522,-28,310,-618,314
445095,517,-769,4947,801,-890,-591,314
445100,270,-948,5134,915,-812,-520,314
445105,1083,-566,9135,538,-342,-316,314
445110,507,-178,4789,466,1224,-68,314
445115,689,139,7751,846,773,26,314
445120,250,-35,2302,951,2245,3,314
445125,196,5,852,932,1518,101,314
445130,529,161,3318,487,511,232,315
445135,-424,611,882,163,626,325,315
445140,912,1262,4199,-1798,-423,371,315
445145,359,1208,2985,-1577,145,123,315
445150,25,1683,2869,-339,-205,-17,315
445155,757,742,8400,212,-672,-444,315
445160,838,816,5968,56,798,-628,315
445165,570,-466,4282,-620,1339,-811,315
445170,736,-1412,6590,45,1086,-802,315
445175,203,-525,2663,809,1832,-651,315
445180,614,-460,6827,198,1018,-542,315
445185,449,-1920,1509,-131,2036,-353,315
445190,572,-136,3008,94,1008,98,315
445195,299,255,2580,499,717,268,315
445200,435,-524,2219,680,310,323,315
445205,423,940,5283,-194,-360,568,315
445210,51,979,1651,-317,277,394,315
445215,448,1049,6542,210,-1127,-15,315
445220,590,250,6632,-335,-668,-176,315
445225,166,842,3387,-451,224,-220,315
445230,664,-615,7667,-558,-362,-336,315
445235,523,367,7123,-16,839,-122,315
445240,80,734,2511,787,1620,-349,315
445245,1000,53,5273,1711,276,-743,315
445250,1117,-592,5673,126,1049,-729,315
445255,-405,-1956,2528,57,1845,-388,315
445260,-225,-1194,837,250,473,-57,315
445265,1386,236,7785,-102,-1177,295,315
445270,355,1311,3351,-598,711,492,315
445275,-137,1210,3265,-505,730,303,315
445280,574,61,4939,-48,-163,-141,315
445285,543,252,6708,60,201,-204,315
445290,308,628,2708,-630,1108,-122,315
445295,695,1075,5997,-470,296,-221,315
445300,292,114,4020,-2,835,-564,315
445305,278,-1135,3699,62,757,-580,315
445310,398,-755,5318,-978,625,-96,315
445315,49,-17,2605,-494,1200,189,315
445320,741,-318,4858,-79,469,156,315
445325,428,-227,2672,531,472,71,315
445330,503,-321,3882,358,167,68,315
445335,197,520,3436,84,209,157,315
445340,103,-292,2607,-193,114,79,315
445345,343,339,5484,22,-615,87,315
445350,696,2684,6180,396,-271,-109,315
445355,649,-65,5058,-663,416,-563,315
445360,185,516,4460,-354,567,-520,315
445365,202,318,3622,419,580,-720,315
445370,494,372,2394,571,83,-831,315
445375,682,135,3437,344,-498,-834,316
445380,247,-440,3710,583,-398,-916,316
445385,169,-770,1969,-55,-511,-688,316
445390,-110,-405,3411,432,-1418,-491,316
445395,314,-175,4638,865,-1772,-411,316
445400,945,359,9382,-446,-1563,-314,316
445405,371,-598,6026,-324,165,-287,316
445410,-144,-1048,7766,-639,239,-53,316
445415,451,-43,4784,-499,1284,389,316
445420,576,757,4032,-305,1458,482,316
445425,462,-123,3117,647,1608,269,316
445430,-136,-23,-229,631,1513,324,316
445435,295,443,-685,1188,-162,151,316
445440,581,549,3051,1301,-1563,-51,316
445445,1096,1200,6756,81,-1560,-220,316
445450,-541,-1175,1206,-772,60,-475,316
445455,-107,112,4670,412,-1493,-394,316
445460,1142,-766,9129,-150,-1583,-301,316
445465,874,806,7286,-98,525,3,316
445470,156,880,5669,142,861,-35,316
445475,-5,-54,3803,422,1129,-204,316
445480,-122,-415,2387,195,1398,-262,316
445485,723,-199,4459,149,759,-118,316
445490,716,952,1715,289,909,-14,316
445495,453,-665,1725,351,50,-204,316
445500,337,-56,5694,-361,-790,34,316
445505,-30,-307,2255,-871,-62,283,316
445510,434,-18,4866,-1010,-1059,452,316
445515,228,719,6265,-217,-847,437,316
445520,280,1809,6931,768,-316,85,316
445525,308,-1251,3325,1170,609,-475,316
445530,890,225,5076,956,286,-404,316
445535,323,-861,3993,287,1007,-395,316
445540,-195,-1444,1893,48,887,-88,316
445545,30,-507,1139,192,48,303,316
445550,802,843,4762,162,-895,570,316
445555,547,627,4338,-366,-465,474,316
445560,331,591,4983,34,-865,293,316
445565,376,1116,6596,223,-1113,91,316
445570,9,-59,5176,405,-168,-277,316
445575,752,-967,5079,144,-192,-291,316
445580,602,1105,4194,-179,-150,24,316
445585,288,153,3710,117,133,-164,316
445590,105,-850,1479,-2,210,-218,316
445595,-354,-434,2787,-579,-698,115,316
445600,830,798,6971,-873,-1134,486,316
445605,-7,777,2214,-528,233,401,316
445610,533,595,5257,410,-788,141,316
445615,590,-222,6454,1365,-119,-285,316
445620,865,-1047,5650,1211,478,-256,316
445625,94,-1201,3479,-128,645,11,316
445630,43,-611,3087,-494,433,280,316
445635,213,239,2314,-244,-104,384,316
445640,205,736,1944,-151,-708,439,316
445645,72,2289,2878,-71,-1051,380,316
445650,927,1306,3556,-1165,-1206,77,317
445655,39,434,1626,-1364,-1217,-120,317
445660,-81,1634,4234,-1119,-2639,-328,317
445665,600,1152,8650,-1704,-2764,-650,317
445670,1539,1170,9925,-846,-1118,-916,317
445675,662,-873,9157,-506,-60,-1091,317
445680,18,-701,4972,152,1269,-1024,317
445685,269,-2388,2148,935,1660,-928,317
445690,924,-927,5162,422,769,-470,317
445695,670,-957,1791,135,1341,-103,317
445700,-23,-1450,-798,397,889,43,317
445705,436,-385,2663,996,-965,317,317
445710,991,1566,6115,-317,-1329,493,317
445715,572,628,5707,63,-648,296,317
445720,444,1187,5171,55,-728,112,317
445725,537,1391,7199,403,-555,-296,317
445730,263,745,6454,436,726,-718,317
445735,-139,-929,-1069,101,1603,-778,317
445740,874,-235,6076,-64,-345,-548,317
445745,194,1486,1964,324,993,-540,317
445750,-16,-785,2441,-26,322,-662,317
445755,847,-938,6685,-644,-715,-398,317
445760,180,17,2627,-423,340,-4,317
445765,922,352,9105,-153,-615,164,317
445770,291,201,5926,30,938,105,317
445775,-149,-1117,3137,60,1363,79,317
445780,342,783,2548,-777,710,324,317
445785,1126,2204,3832,-319,347,70,317
445790,723,63,5413,-267,298,-476,317
445795,-2,-123,2736,1,399,-659,317
445800,268,-526,3287,77,-554,-744,317
445805,802,-977,6905,-329,-1030,-637,317
445810,-19,-1017,2468,-374,373,-274,317
445815,301,78,6166,105,-427,-77,317
445820,398,506,6175,415,-21,-232,317
445825,607,-461,3931,-106,629,-298,317
445830,801,392,6801,93,652,-101,317
445835,437,656,4627,247,1187,-60,317
445840,612,-23,4384,500,847,-175,317
445845,909,-601,5844,170,822,-124,317
445850,144,9,1862,-267,1693,186,317
445855,-95,429,2270,-514,888,260,317
445860,-107,269,694,281,233,64,317
445865,492,57,4175,308,-712,-13,317
445870,486,207,5431,-336,-262,-9,317
445875,107,185,2452,-1468,389,-353,317
445880,1136,-373,10795,-351,-353,-295,317
445885,41,372,4864,-43,1109,-254,317
445890,362,120,4188,563,778,-304,317
445895,446,77,3982,653,597,-399,317
445900,868,69,2813,375,514,-451,317
445905,501,-598,948,258,83,-527,317
445910,357,-260,5529,520,-1227,-561,317
445915,-243,-322,1730,599,-598,-518,317
445920,177,-112,4909,59,-1415,-348,317
445925,247,454,4680,-139,-800,-208,318
445930,37,277,3991,-102,-162,-168,318
445935,-61,44,4661,174,-162,-227,318
445940,943,229,7343,-601,-117,-196,318
445945,498,515,3912,-1094,1150,-99,318
445950,266,-633,8554,-653,335,-168,318
445955,-133,-229,2948,118,1465,-82,318
445960,699,-231,7451,-152,805,117,318
445965,974,814,1606,-497,2031,297,318
445970,810,856,2872,183,591,27,318
445975,1012,669,3715,230,-52,-286,318
445980,227,-160,1372,636,-25,-535,318
445985,494,-1249,5598,327,-1310,-521,318
445990,331,-379,4010,159,-932,-320,318
445995,-39,-680,4585,378,-914,-249,318
446000,65,-445,7621,427,-616,-162,318
446005,44,160,5801,-2,728,-101,318
446010,294,50,3727,65,1467,-8,318
446015,402,605,3779,492,1254,-4,318
446020,337,727,3783,661,1049,-186,318
446025,198,444,2613,525,791,-351,318
446030,100,-840,1668,671,-50,-341,318
446035,267,-255,4724,804,-998,-32,318
446040,447,13,4743,-129,-754,217,318
446045,807,-1396,5649,-417,-754,313,318
446050,445,412,4934,-296,-878,617,318
446055,322,676,6527,-39,-1041,621,318
446060,173,740,5219,378,-147,425,318
446065,451,182,6209,200,33,241,318
446070,666,46,3427,153,565,211,318
446075,479,387,4051,148,299,129,318
446080,24,19,4418,80,211,8,318
446085,283,216,4218,-616,343,97,318
446090,737,249,4736,-606,476,123,318
446095,467,193,1937,-208,498,93,318
446100,397,-175,5568,260,-575,-12,318
446105,298,-570,3971,631,-137,26,318
446110,93,-617,3702,771,-279,182,318
446115,223,288,4818,346,-515,307,318
446120,241,-211,2251,-127,25,193,318
446125,232,-86,3024,125,-593,134,318
446130,443,549,4039,528,-1316,69,318
446135,697,47,7612,-132,-1520,51,318
446140,537,-294,4891,90,-509,135,318
446145,431,1,6774,988,-933,166,318
446150,294,-272,4349,1064,-256,198,318
446155,273,-669,4180,1080,-158,296,318
446160,319,-625,4306,840,-55,468,318
446165,249,755,3371,391,230,608,318
446170,5,604,2236,418,338,450,318
446175,601,541,1869,191,-179,245,318
446180,179,425,2050,-48,-548,118,318
446185,90,1146,4380,-147,-1174,168,318
446190,556,810,3255,-996,-1515,101,318
446195,439,87,5993,-212,-2167,-49,319
446200,17,767,5133,376,-1745,-147,319
446205,777,826,8222,219,-1815,-247,319
446210,-142,69,2550,317,-318,-508,319
446215,326,-905,5007,188,-940,-666,319
446220,737,-1068,6300,98,-442,-471,319
446225,471,-72,3229,125,299,-74,319
446230,452,-941,4817,810,59,-59,319
446235,105,-1239,2649,1532,395,111,319
446240,819,-402,7786,268,-215,585,319
446245,23,-569,631,-309,1122,950,319
446250,96,349,3262,-104,-591,1117,319
446255,614,3902,5443,160,-938,893,319
446260,866,1627,3674,-376,-385,-40,319
446265,302,-15,1965,-452,-379,-553,319
446270,403,513,6551,-422,-1617,-507,319
446275,142,618,6684,-316,-986,-593,319
446280,425,329,3411,-784,-282,-656,319
446285,506,-108,4825,-207,-188,-634,319
446290,672,-317,3115,446,51,-595,319
446295,751,724,5537,785,-536,-698,319
446300,815,377,4802,-426,3,-860,319
446305,-15,-703,1769,-46,471,-1103,319
446310,421,-1223,5764,116,-806,-939,319
446315,182,-1645,1977,295,-291,-598,319
446320,185,-123,3010,449,-1060,-107,319
446325,675,749,7177,225,-1146,196,319
446330,-17,498,3505,-18,183,211,319
446335,-91,-531,3497,160,59,157,319
446340,1169,1142,8365,214,-245,321,319
446345,478,1184,4974,-260,869,213,319
446350,604,1262,5390,200,752,-162,319
446355,738,-620,4090,-218,1052,-454,319
446360,614,-120,1939,134,808,-382,319
446365,54,-237,3240,184,-169,-236,319
446370,246,26,984,-445,-149,-157,319
446375,533,-335,3988,-541,-701,-156,319
446380,373,-450,3924,-413,-449,-159,319
446385,221,-634,3684,35,-660,-138,319
446390,458,1010,4707,288,-1152,-63,319
446395,782,501,6375,413,-1078,-310,319
446400,501,-10,4790,157,-441,-400,319
446405,552,-415,6246,563,-692,-385,319
446410,609,-113,7075,432,-482,-268,319
446415,329,141,4585,-94,382,-135,319
446420,137,-498,3087,-334,861,-73,319
446425,24,-170,2340,74,637,53,319
446430,528,345,5419,1,27,203,319
446435,991,1952,5105,-761,829,303,319
446440,-299,889,190,-1135,1698,125,319
446445,792,1632,2056,636,-214,-571,319
446450,964,347,7126,21,-1077,-956,319
446455,-340,-1435,2316,59,417,-948,319
446460,-142,-985,690,848,-879,-837,319
446465,1004,-205,10906,898,-2718,-640,319
446470,86,-1495,955,270,169,-515,319
446475,11,-1145,5389,116,-1067,-85,319
446480,1413,48,7947,-737,-646,342,319
446485,884,879,6233,-464,862,433,319
446490,-77,961,3959,97,1037,130,319
446495,742,473,3296,421,678,-161,320
446500,331,617,3193,781,628,-326,320
446505,383,400,4065,102,630,-349,320
446510,663,280,2286,-257,854,-326,320
446515,152,220,1580,84,97,-377,320
446520,622,126,5039,122,-910,-446,320
446525,-91,373,2837,512,-371,-506,320
446530,312,97,4907,211,-1009,-481,320
446535,711,-556,6793,621,-496,-503,320
446540,142,-164,3450,348,55,-281,320
446545,376,-465,5182,86,-18,-160,320
446550,596,-266,7271,-43,746,-17,320
446555,261,662,3495,-257,1731,116,320
446560,344,356,2994,501,1159,-99,320
446565,1079,820,3329,157,471,-230,320
446570,632,292,5825,-263,421,-271,320
446575,-10,-396,537,-23,1044,-242,320
446580,583,281,4552,235,-803,-182,320
446585,1058,280,6390,448,-681,-308,320
446590,631,-947,6041,296,315,-279,320
446595,368,-1019,3949,-12,488,-26,320
446600,109,223,4383,311,270,200,320
446605,261,272,2650,680,189,173,320
446610,393,75,2172,920,-164,200,320
446615,399,1051,5875,-184,-161,328,320
446620,228,54,2456,-1557,1305,449,320
446625,-385,966,2595,-1412,800,478,320
446630,401,430,5880,-482,-160,170,320
446635,745,362,2609,173,155,-129,320
446640,849,488,9470,673,-739,-312,320
446645,356,-2141,4135,686,1079,-462,320
446650,181,-1117,3753,802,384,-189,320
446655,1218,-1561,6590,10,19,32,320
446660,799,-92,4305,383,847,236,320
446665,561,-754,4892,587,634,311,320
446670,781,-376,3598,586,699,549,320
446675,238,1031,2506,468,699,803,320
446680,630,1095,6861,-136,183,791,320
446685,557,1137,2671,52,1274,574,320
446690,276,941,4486,-241,599,360,320
446695,155,985,1803,-441,718,176,320
446700,516,985,3881,37,114,-81,320
446705,357,751,5201,-60,-124,-337,320
446710,234,644,3637,-974,231,-488,320
446715,279,-930,5270,-303,28,-582,320
446720,-16,-213,4174,168,138,-365,320
446725,386,-486,3687,21,128,-240,320
446730,648,-242,6338,-254,-286,-144,320
446735,-8,-150,3245,-363,554,-19,320
446740,65,-133,3867,-155,74,20,320
446745,295,350,4653,209,-119,21,321
446750,509,1001,4365,290,-27,-15,321
446755,434,417,6052,147,232,-178,321
446760,213,172,5616,234,965,-267,321
446765,179,176,2824,166,1219,-343,321
446770,725,-188,3196,300,594,-366,321
446775,865,540,3841,-386,312,-273,321
446780,-96,624,2974,-357,610,-353,321
446785,372,-880,2566,-570,0,-350,321
446790,684,256,6936,-500,-856,-35,321
446795,319,1041,4273,-86,267,77,321
446800,703,401,6209,-280,111,-86,321
446805,514,-503,6286,183,351,-240,321
446810,636,-9,5790,-527,625,-187,321
446815,600,459,5029,-724,833,-204,321
446820,252,195,1395,-425,1103,-354,321
446825,417,439,5283,86,-38,-488,321
446830,-134,24,2633,617,634,-595,321
446835,318,184,4391,567,98,-572,321
446840,615,-363,4415,-149,333,-571,321
446845,176,-48,3532,404,819,-575,321
446850,846,-836,7457,-234,-147,-531,321
446855,535,-1699,7021,-812,292,-84,321
446860,665,172,5357,-1081,745,576,321
446865,119,2150,1908,-346,1051,671,321
446870,599,1684,5120,720,152,170,321
446875,64,1160,1864,1173,791,-373,321
446880,301,-586,3570,1330,-3,-833,321
446885,374,-211,3147,178,-119,-749,321
446890,-158,-173,2298,-560,32,-689,321
446895,-375,344,2076,-382,-379,-584,321
446900,151,-93,4734,-385,-907,-600,321
446905,1344,529,9558,-1050,-648,-417,321
446910,403,128,6249,-240,477,-351,321
446915,201,-1209,4995,-116,179,-162,321
446920,293,-142,3500,237,507,227,321
446925,309,7,3954,-199,530,450,321
446930,276,389,1573,-307,746,545,321
446935,212,513,3494,60,-9,376,321
446940,556,669,3865,-117,-314,159,321
446945,377,-99,2227,42,-306,-196,321
446950,543,-13,6671,-96,-1016,-368,321
446955,206,263,3064,-482,90,-322,321
446960,222,339,4941,-17,-495,-450,321
446965,515,99,4053,182,-636,-489,321
446970,427,143,5772,245,-859,-387,321
446975,79,-59,5162,-85,-162,-314,321
446980,113,-759,4214,-36,117,-126,321
446985,157,258,5109,-282,-91,199,321
446990,128,-158,3317,195,429,144,321
446995,525,244,3956,190,92,147,321
447000,295,238,2974,-108,387,145,321
447005,250,70,2298,-271,176,124,321
447010,371,679,2115,-243,-610,150,321
447015,538,1514,4532,361,-1282,-125,322
447020,799,663,6064,-368,-1320,-503,322
447025,404,-492,6344,-659,-797,-690,322
447030,157,-467,4880,-312,-523,-671,322
447035,332,-839,5252,259,-753,-601,322
447040,546,-338,4259,827,-555,-493,322
447045,102,158,4687,891,-355,-310,322
447050,-162,-536,1938,647,181,-300,322
447055,387,-318,1153,370,-377,-90,322
447060,333,190,3240,373,-929,76,322
447065,219,1252,4605,377,-859,23,322
447070,246,621,4207,-533,-779,-118,322
447075,705,-91,6233,-502,-1388,-213,322
447080,301,108,6827,-571,-1047,-144,322
447085,-269,-198,5061,361,-445,-104,322
447090,296,-130,4753,-202,-115,73,322
447095,496,-178,4128,-325,361,193,322
447100,224,-67,2562,-162,489,217,322
447105,97,269,3031,-13,-4,251,322
447110,278,836,2513,325,-230,152,322
447115,868,-112,5433,234,-579,-62,322
447120,456,397,6528,707,-81,-255,322
447125,883,-790,5105,1078,296,-295,322
447130,956,-425,5523,1247,-31,-174,322
447135,959,-583,5376,412,364,36,322
447140,461,-116,1977,275,829,283,322
447145,316,-15,1354,64,-300,419,322
447150,415,311,2406,366,-1208,505,322
447155,322,697,1861,198,-1450,459,322
447160,711,-8,7691,-680,-2067,420,322
447165,-349,839,1677,-216,-659,369,322
447170,474,1050,8697,10,-2009,172,322
447175,413,1135,4337,499,-570,-164,322
447180,157,-108,4108,744,-408,-460,322
447185,290,-277,7241,681,-434,-438,322
447190,131,-769,3089,54,600,-279,322
447195,750,-1093,4289,-68,13,56,322
447200,472,550,2658,-150,108,368,322
447205,540,427,6781,529,-420,329,322
447210,1102,118,5193,308,164,278,322
447215,1120,-1198,5758,231,102,304,322
447220,360,-391,5003,149,199,619,322
447225,118,247,1582,-1,320,751,322
447230,260,851,5437,527,-569,500,322
447235,614,584,2226,414,216,357,322
447240,1104,112,3800,13,-272,179,322
447245,385,74,3900,214,-291,62,322
447250,21,471,3465,519,-675,-19,322
447255,716,444,8448,286,-1379,-108,322
447260,297,718,4946,-325,204,-119,322
447265,-13,265,2259,-375,523,-247,322
447270,426,-127,2430,-578,-228,-146,322
447275,804,972,5782,582,-412,42,322
447280,1257,522,9865,280,-176,-163,322
447285,321,67,4490,-93,730,-137,322
447290,105,-527,5966,-367,467,-44,323
447295,469,-2,3763,-507,1085,57,323
447300,205,240,4193,-235,905,80,323
447305,351,6,3908,-644,858,163,323
447310,217,1980,3340,-860,930,189,323
447315,277,414,3468,-823,965,-159,323
447320,683,-266,1946,-1310,880,-318,323
447325,554,1372,4576,-916,197,-299,323
447330,-221,1273,4379,-1196,431,-653,323
447335,159,-799,3217,-1119,14,-949,323
447340,72,40,2302,-499,-491,-781,323
447345,197,153,5313,168,-960,-846,323
447350,878,-1294,8107,-120,-547,-787,323
447355,882,-1168,5313,219,673,-550,323
447360,740,-1551,7820,-86,583,-400,323
447365,479,-716,5135,-379,1547,74,323
447370,656,870,3988,-627,1582,327,323
447375,615,1307,5312,146,1472,89,323
447380,708,617,2041,795,1596,-267,323
447385,345,-824,1571,562,785,-427,323
447390,525,490,4367,641,-24,-335,323
447395,504,-132,4381,-264,398,-315,323
447400,-45,-685,4085,116,465,-234,323
447405,-178,-434,4164,390,270,-98,323
447410,465,769,5560,-422,257,95,323
447415,822,927,4319,-623,724,106,323
447420,256,1001,2448,-464,826,-74,323
447425,125,1520,4330,535,168,-474,323
447430,1053,943,7244,-208,-38,-819,323
447435,671,-467,6313,232,849,-961,323
447440,234,-740,4607,667,919,-908,323
447445,241,-1124,4221,789,736,-797,323
447450,-7,-1677,2634,658,853,-541,323
447455,-352,-351,1509,1040,341,10,323
447460,288,113,4962,1149,-379,257,323
447465,531,411,3635,233,397,359,323
447470,117,1175,1189,85,768,346,323
447475,183,-24,5187,-1203,314,135,323
447480,379,1053,3273,-1976,599,-50,323
447485,611,1437,8843,-1035,-496,-104,323
447490,-87,1296,3617,-1083,972,-420,323
447495,485,-26,5073,166,206,-783,323
447500,725,-186,4723,775,163,-761,323
447505,1074,-264,7060,1020,-86,-762,323
447510,265,-3016,3564,723,750,-694,323
447515,-42,-1635,2155,759,557,-37,323
447520,194,-620,4485,541,-218,404,323
447525,101,196,3688,653,-4,592,323
447530,387,385,3955,-702,245,778,323
447535,224,1918,1108,-1271,1088,817,323
447540,382,1957,4837,-1141,-165,429,323
447545,61,515,2991,148,-117,-95,323
447550,197,2240,4265,172,-671,-450,323
447555,403,-144,5952,-587,-973,-952,323
447560,441,-851,5881,63,-633,-1012,323
447565,434,-728,4888,205,-605,-845,324
447570,476,-924,6550,-117,-862,-651,324
447575,261,98,2487,-312,55,-482,324
447580,159,167,4815,97,-586,-540,324
447585,136,-1163,2514,613,-289,-652,324
447590,422,-313,3818,748,-740,-411,324
447595,63,-259,2823,897,-633,-183,324
447600,466,108,4805,205,-787,-96,324
447605,320,-911,2799,-674,-172,136,324
447610,-550,-338,3520,-697,-657,544,324
447615,105,931,4074,-173,-1124,724,324
447620,157,1001,4014,-73,-1369,517,324
447625,667,838,7538,-446,-1668,429,324
447630,453,519,4636,-942,-392,360,324
447635,268,362,5351,-210,-543,207,324
447640,854,433,6863,488,-785,-46,324
447645,729,456,4489,164,-22,-203,324
447650,392,-870,3717,-123,240,-448,324
447655,312,-601,2859,48,240,-465,324
447660,383,-433,3111,550,-343,-370,324
447665,445,-550,3813,757,-527,-292,324
447670,866,-375,4497,-306,-355,-44,324
447675,293,-670,2184,-278,2,163,324
447680,560,679,6569,283,-1497,284,324
447685,615,648,6995,711,-1047,142,324
447690,792,-244,2809,198,-397,26,324
447695,457,-105,4903,256,-947,57,324
447700,78,-78,4559,1040,-645,98,324
447705,326,165,6045,1178,-761,172,324
447710,501,44,4555,681,75,142,324
447715,376,-442,3061,-18,771,132,324
447720,211,195,2546,-95,640,403,324
447725,86,711,3444,68,124,498,324
447730,637,1986,5164,-766,243,287,324
447735,-35,-745,1414,-1302,823,196,324
447740,847,1257,6268,-701,-1105,431,324
447745,426,750,4206,-421,-288,142,324
447750,129,1110,4014,144,-67,-215,324
447755,-165,-1357,3917,787,-280,-474,324
447760,388,-1458,3707,1326,-538,-436,324
447765,438,424,4376,1369,-463,-125,324
447770,1324,-1066,6279,250,-179,-274,324
447775,217,-2738,1041,259,959,-41,324
447780,826,-415,6129,-198,-600,630,324
447785,473,524,4534,-472,-168,874,324
447790,465,1286,5496,97,-543,944,324
447795,663,1586,5169,33,-634,867,324
447800,133,1264,1357,632,-284,493,324
447805,75,523,2095,1218,-1182,37,324
447810,-263,596,4564,917,-1809,-330,324
447815,615,-315,4742,-324,-1086,-525,324
447820,-158,3,2015,-585,-373,-410,324
447825,217,344,6065,-78,-1258,-437,324
447830,1002,-332,7661,291,-137,-530,324
447835,828,-1423,5972,-104,883,-123,324
447840,807,640,5044,-700,1004,653,324
447845,-458,28,1492,-352,1179,703,324
447850,847,350,4560,1416,-312,471,324
447855,-411,1277,3197,905,-125,545,324
447860,700,-584,3312,-1280,-245,354,324
447865,52,-291,2726,-1584,-203,231,325
447870,1375,262,5047,-902,-1200,207,325
447875,289,1810,3792,122,-691,-68,325
447880,-20,722,4892,563,-488,-513,325
447885,1350,94,7103,296,-513,-728,325
447890,493,-917,6045,373,56,-815,325
447895,187,-347,2975,572,147,-675,325
447900,441,-376,6648,686,-480,-683,325
447905,285,-309,2971,376,535,-581,325
447910,17,-1729,1189,541,503,-381,325
447915,404,66,3899,297,-290,183,325
447920,745,1417,6046,185,117,389,325
447925,263,614,3392,532,915,146,325
447930,225,114,6120,390,246,7,325
447935,468,-105,4020,312,747,13,325
447940,470,321,4377,-106,404,157,325
447945,361,1572,2427,-940,571,165,325
447950,604,673,3936,-858,12,-177,325
447955,529,494,2835,-563,16,-431,325
447960,253,-138,4323,-320,-516,-489,325
447965,461,-639,8013,370,-760,-417,325
447970,1123,268,6111,1072,-160,-326,325
447975,769,-1661,6049,1488,231,-449,325
447980,310,-1244,5306,1122,744,-114,325
447985,592,-495,4438,763,1022,114,325
447990,417,308,4510,589,1034,143,325
447995,-94,-480,1087,628,1377,23,325
448000,127,517,1686,337,129,159,325
448005,-103,1151,324,482,-502,273,325
448010,325,-2,4273,304,-1196,325,325
448015,364,711,2722,35,-688,365,325
448020,534,890,5820,-512,-1277,306,325
448025,970,927,8693,203,-1071,35,325
448030,58,-1021,6594,-447,-121,59,325
448035,558,683,4435,-757,51,300,325
448040,719,314,6044,-719,-332,154,325
448045,267,442,2806,-386,255,59,325
448050,169,496,2896,-730,-457,-6,325
448055,687,962,6497,-74,-845,-244,325
448060,564,-327,3727,-390,289,-542,325
448065,803,-306,6426,334,139,-629,325
448070,45,-1844,3779,642,680,-659,325
448075,1034,152,7999,-172,222,-232,325
448080,506,-464,3472,-1402,1700,19,325
448085,378,-337,3577,-1674,1137,398,325
448090,669,1645,4611,-480,717,380,325
448095,651,2185,966,720,839,-169,325
448100,305,638,4724,925,-351,-732,325
448105,354,-1612,3980,-389,535,-784,325
448110,172,-1422,1484,-461,548,-319,325
448115,728,119,5505,891,-1015,-208,325
448120,407,136,5196,869,-769,-342,325
448125,568,-193,6294,293,-530,-267,325
448130,324,35,5563,480,164,-324,325
448135,34,-346,4578,635,236,-348,326
448140,2,-504,3564,1180,454,-257,326
448145,511,357,3282,456,444,-5,326
448150,353,-148,4232,277,544,65,326
448155,308,-431,1409,-36,392,212,326
448160,361,675,4186,361,-825,347,326
448165,99,1374,3111,461,-598,349,326
448170,617,924,7769,-602,-899,254,326
448175,476,587,2659,-856,-45,133,326
448180,385,739,5497,-909,-1163,47,326
448185,-27,508,4872,95,-796,-223,326
448190,332,719,4211,126,-652,-383,326
448195,779,821,6213,-36,-700,-665,326
448200,67,-69,4132,401,412,-1038,326
448205,201,-1488,4569,797,272,-1097,326
448210,592,-737,5120,839,402,-720,326
448215,427,-1030,2099,555,1114,-525,326
448220,692,-454,4699,734,414,-226,326
448225,881,724,6627,533,512,-57,326
448230,586,-480,3198,74,988,-43,326
448235,1093,-676,3700,114,192,324,326
448240,817,665,4193,-259,-146,733,326
448245,108,578,4133,-422,68,875,326
448250,323,1166,3068,240,95,719,326
448255,733,825,4893,-46,-365,445,326
448260,576,976,5135,172,163,166,326
448265,357,-181,5755,717,155,-363,326
448270,444,654,4260,1032,42,-740,326
448275,532,-970,5581,428,27,-889,326
448280,-25,-655,2790,67,868,-662,326
448285,271,-673,3435,278,198,-461,326
448290,255,-649,3211,708,91,-224,326
448295,74,-421,3167,1339,255,32,326
448300,223,80,5203,959,143,373,326
448305,299,332,3548,113,909,526,326
448310,-76,-790,1798,313,802,569,326
448315,358,494,5101,333,-601,778,326
448320,675,1595,7085,-103,-324,727,326
448325,181,1679,4143,-1024,596,528,326
448330,441,1050,5714,-1267,601,220,326
448335,814,470,4284,-1336,672,29,326
448340,388,678,1444,-205,613,-89,326
448345,1112,2541,3119,509,-259,-422,326
448350,249,-412,2554,806,-410,-1092,326
448355,62,-1173,5023,1417,-689,-1323,326
448360,292,-1518,5369,182,-285,-861,326
448365,-566,-2351,-219,-133,582,-305,326
448370,901,-1636,5516,432,-1097,216,326
448375,1194,371,6218,-384,-294,887,326
448380,-205,1545,2802,16,508,1233,326
448385,294,1393,6449,965,-533,905,327
448390,304,1675,5167,1184,29,497,327
448395,-182,1273,3456,577,430,204,327
448400,311,125,3811,-531,92,-126,327
448405,924,48,4430,-1028,97,-209,327
448410,49,1545,2845,-354,442,-264,327
448415,-89,1094,1480,683,45,-769,327
448420,1201,-315,5947,469,-916,-1139,327
448425,639,-650,5036,356,42,-1061,327
448430,117,-667,4485,676,33,-759,327
448435,640,-1514,5984,-322,-186,-440,327
448440,1859,-519,6418,-73,418,22,327
448445,678,1288,5520,-256,775,380,327
448450,1133,1460,7653,501,922,36,327
448455,1039,291,5960,511,2063,-406,327
448460,446,341,4936,1036,2584,-608,327
448465,484,-913,3002,1373,2761,-713,327
448470,1119,-574,4542,1490,2182,-596,327
448475,-318,31,391,1557,2736,-292,327
448480,-730,-68,1057,1154,1767,-145,327
448485,361,-168,2065,306,810,47,327
448490,-116,189,1524,213,369,362,327
448495,23,597,1983,210,-359,446,327
448500,1283,1678,8558,-1686,-1115,316,327
448505,-560,719,1093,-2708,545,23,327
448510,-406,2247,7840,-2671,-1281,-288,327
448515,-154,1441,7209,-1959,-502,-932,327
448520,364,1159,4227,-149,241,-1491,327
448525,174,-26,1505,190,408,-1736,327
448530,474,-1074,6013,-594,-501,-1632,327
448535,296,-2701,4372,-223,89,-1229,327
448540,931,-499,6289,-799,-208,-615,327
448545,2609,-1834,8978,-900,-57,-194,327
448550,148,-481,4590,-1420,1474,453,327
448555,233,1016,3977,-1144,1097,512,327
448560,942,1153,6455,-544,582,180,327
448565,-17,582,-271,-322,2161,-86,327
448570,-531,1194,618,757,632,-361,327
448575,704,190,3788,1487,-479,-859,327
448580,548,-82,2077,1764,-22,-1017,327
448585,275,384,2639,1993,-417,-1013,327
448590,687,-2279,7993,-398,-662,-1011,327
448595,-126,-1562,1801,-1590,1163,-402,327
448600,606,-761,9615,-565,-1035,113,327
448605,260,325,4909,-361,118,385,327
448610,321,1274,4841,-217,184,402,327
448615,-268,906,3444,372,575,208,327
448620,506,640,7070,403,261,49,327
448625,471,175,2911,522,923,-175,327
448630,286,176,4271,500,317,-159,327
448635,281,966,3694,649,644,-216,327
448640,800,30,6779,-29,359,-419,327
448645,345,9,4659,-313,1018,-356,327
448650,242,363,1647,-5,899,-311,327
448655,680,-256,5929,14,11,-374,327
448660,209,-494,1445,-373,1006,-309,327
448665,156,-58,3576,-40,-95,-152,327
448670,312,542,5676,-462,-463,-44,327
448675,517,205,1879,-593,-9,-133,327
448680,552,618,6538,-160,-1172,-218,327
448685,23,532,4412,90,-121,-263,328
448690,-376,-356,3020,913,134,-435,328
448695,473,-811,7161,593,-452,-358,328
448700,202,-775,2749,102,1061,-37,328
448705,277,224,3639,296,118,190,328
448710,673,25,6793,489,-207,56,328
448715,346,343,2274,-25,695,159,328
448720,460,774,3700,-300,-240,200,328
448725,411,1242,4277,427,-434,30,328
448730,-195,289,3183,782,-483,-239,328
448735,-117,686,3505,1144,-889,-350,328
448740,609,413,6543,254,-1020,-549,328
448745,350,-1300,4218,-608,363,-576,328
448750,628,768,7091,-454,-350,-184,328
448755,122,597,5620,-23,190,-248,328
448760,164,24,2536,2,666,-223,328
448765,48,303,1372,386,197,-168,328
448770,621,355,4880,423,-787,-181,328
448775,1002,357,3220,546,-939,-177,328
448780,1911,612,7260,402,-1679,-240,328
448785,127,-833,4591,1271,-907,-658,328
448790,314,-841,8169,1540,-1310,-634,328
448795,164,-582,4623,1310,-186,-471,328
448800,414,-1496,4362,1142,-132,-370,328
448805,251,-528,6207,1189,-53,-30,328
448810,-807,954,212,2258,892,208,328
448815,-511,-546,-1318,1312,-576,56,328
448820,-128,926,4994,-209,-1840,809,328
448825,1143,-1170,3671,-915,-199,1278,328
448830,-131,382,2048,-1610,498,1531,328
448835,142,857,6186,-1364,-727,1654,328
448840,1255,3118,9906,-1525,-135,1405,328
448845,-409,844,5473,-1838,1963,911,328
448850,-104,-174,2056,-1806,2055,613,328
448855,622,951,3019,-1370,1062,606,328
448860,1661,5,1000,-1232,147,545,328
448865,608,-1026,471,-1187,-815,661,328
448870,696,1308,4986,-151,-2268,869,328
448875,1908,-997,5527,-464,-2832,449,328
448880,1795,-464,8671,611,-3245,100,328
448885,657,-917,10148,754,-2000,-38,328
448890,-213,-358,4755,1062,-190,56,328
448895,-512,64,5778,1573,-264,21,328
448900,376,-208,4368,1973,335,66,328
448905,26,343,3900,1702,773,66,328
448910,360,-544,3202,884,1540,-56,328
448915,124,-772,2790,596,1721,91,328
448920,480,-1763,2338,722,1268,268,328
448925,919,-1132,4504,-14,809,740,328
448930,116,1447,4080,-1117,997,1362,328
448935,-147,2258,4004,33,-242,1515,328
448940,126,2397,4757,31,-1207,1214,328
448945,-430,4028,4807,525,-921,624,328
448950,144,1291,1910,51,-839,-336,328
448955,393,536,4017,-239,-1648,-921,328
448960,-247,132,2524,-495,-1738,-1135,328
448965,419,-970,9426,-434,-2369,-1186,328
448970,-25,814,3734,-718,-265,-1268,328
448975,444,-1852,5966,-436,-792,-1427,328
448980,777,-1042,7847,382,-191,-894,328
448985,557,-1173,6136,144,1171,-339,329
448990,395,-1589,3465,590,1703,113,329
448995,412,-2437,2003,556,1245,826,329
449000,735,1117,-821,249,638,1625,329
449005,542,2202,862,713,-626,1445,329
449010,1070,2200,4605,-158,-1536,779,329
449015,208,1081,2325,-751,-843,193,329
449020,-321,1943,4381,-518,-1868,-379,329
449025,187,1027,9345,-962,-1856,-1014,329
449030,226,1441,7586,-9,131,-1321,329
449035,588,-81,6273,936,460,-1642,329
449040,603,-853,3684,448,836,-1488,329
449045,217,-2616,2888,543,1046,-1140,329
449050,283,-1902,1513,97,347,-299,329
449055,638,-359,4625,-1064,-753,605,329
449060,264,1134,3230,-1013,-498,987,329
449065,345,1574,5021,-387,-825,711,329
449070,296,1432,3469,327,-687,216,329
449075,686,774,8206,498,-987,-383,329
449080,330,-426,3190,-274,385,-587,329
449085,557,-1537,6971,-669,-456,-425,329
449090,451,1477,3672,-505,202,-23,329
449095,483,394,6369,-582,-28,-62,329
449100,26,605,3401,88,807,-67,329
449105,19,-45,2237,324,616,-94,329
449110,318,1118,2862,515,22,-208,329
449115,722,350,3559,633,71,-567,329
449120,585,314,2693,518,-18,-770,329
449125,774,-584,7154,408,-1088,-966,329
449130,521,-498,6621,99,-541,-845,329
449135,439,-1068,6497,-234,-355,-593,329
449140,86,240,4525,368,137,-208,329
449145,-3,-328,4028,238,176,-6,329
449150,315,187,4599,260,323,235,329
449155,310,947,2744,31,863,289,329
449160,477,570,2234,195,677,-59,329
449165,487,223,3280,287,354,-244,329
449170,21,338,3726,-111,189,-229,329
449175,263,394,3953,-490,-97,-217,329
449180,846,593,7227,-441,-481,-192,329
449185,423,413,4508,-934,707,-137,329
449190,51,-32,5988,-933,581,-46,329
449195,137,53,4572,-490,945,39,329
449200,821,903,5990,-481,975,48,329
449205,453,-181,2209,7,1754,-190,329
449210,698,-269,2353,-99,879,-334,329
449215,210,105,3549,431,315,-344,329
449220,13,-14,1595,866,-159,-483,329
449225,837,574,7793,281,-1265,-647,329
449230,-79,-352,3921,-177,-111,-773,329
449235,-112,-1028,3486,14,-635,-712,329
449240,400,-15,6428,393,-946,-497,329
449245,39,531,2051,820,249,-433,329
449250,-145,314,3223,1304,-415,-498,329
449255,519,-11,4496,978,-706,-401,329
449260,599,-458,5337,10,3,-136,329
449265,92,-573,2945,-922,615,180,329
449270,381,1049,9120,-794,-483,410,329
449275,266,815,6270,-1279,1270,358,329
449280,436,16,5076,-864,1845,204,329
449285,595,723,3182,-727,1693,218,330
449290,375,2128,2614,-321,1530,36,330
449295,389,120,-589,398,1023,-626,330
449300,1127,-244,2061,1168,-961,-958,330
449305,694,-33,5064,550,-1684,-809,330
449310,375,-344,4474,338,-1593,-845,330
449315,638,-659,6499,546,-2436,-817,330
449320,360,-605,8918,550,-2123,-762,330
449325,243,-419,9014,-107,-638,-600,330
449330,265,-1898,6008,201,673,-409,330
449335,545,-736,5316,162,703,209,330
449340,455,721,3817,272,1462,696,330
449345,-235,632,1950,660,1830,798,330
449350,45,460,2394,1481,1256,601,330
449355,455,-345,899,1654,877,556,330
449360,287,501,2655,676,208,679,330
449365,23,321,1615,-296,20,696,330
449370,477,1068,5886,-1391,-766,712,330
449375,774,2395,6159,-1685,-342,565,330
449380,655,1179,7411,-777,-360,-3,330
449385,188,813,6394,-92,123,-391,330
449390,275,327,4797,107,492,-541,330
449395,37,-244,1907,183,710,-530,330
449400,64,-732,2685,309,-294,-410,330
449405,282,-491,2778,440,-568,-139,330
449410,520,1039,2729,-689,-634,174,330
449415,583,255,7287,-1310,-980,105,330
449420,-44,-807,3411,-398,-413,-8,330
449425,746,1648,8141,688,-1517,-143,330
449430,801,306,6330,762,-119,-514,330
449435,397,-541,5747,976,472,-723,330
449440,270,-1271,8789,566,661,-608,330
449445,940,-1518,4713,458,1904,-232,330
449450,607,-1098,1425,171,1903,237,330
449455,-143,82,1648,826,1249,617,330
449460,-520,139,1000,1099,865,863,330
449465,56,1158,-269,918,109,1017,330
449470,-129,902,3665,396,-958,886,330
449475,1023,-610,3741,-145,-558,774,330
449480,775,1803,6739,-1370,-211,902,330
449485,183,1306,5207,47,-11,562,330
449490,665,1102,10331,256,-864,199,330
449495,431,773,6006,429,883,-111,330
449500,534,-65,2854,981,1477,-270,330
449505,500,-973,3964,1167,879,-237,330
449510,234,-1009,2924,-36,704,132,330
449515,-243,-663,2392,-355,405,594,330
449520,332,746,3041,-390,-677,866,330
449525,1085,768,5748,-1229,-993,751,330
449530,105,1380,3215,-823,-64,487,330
449535,-51,354,5294,-39,-288,246,330
449540,558,2553,6541,282,-246,37,330
449545,523,-73,4835,404,672,-524,330
449550,3,-254,2493,1134,1215,-702,330
449555,522,-1152,1175,1549,424,-720,330
449560,561,-1092,4554,300,-451,-324,330
449565,-247,419,2695,-329,67,218,330
449570,-72,161,4686,-41,-980,428,330
449575,235,1473,7996,383,-1355,308,330
449580,309,763,6705,367,118,-22,330
449585,45,184,2752,783,993,-242,331
449590,595,-142,3614,872,106,-325,331
449595,96,-241,2825,797,-45,-316,331
449600,-109,-122,301,1055,-274,-258,331
449605,218,-239,4176,155,-1568,8,331
449610,1472,1904,9975,-1654,-1647,375,331
449615,261,1403,5443,-1513,57,317,331
449620,1006,1570,10897,-1013,-780,-36,331
449625,-184,1132,3985,-206,1728,-429,331
449630,263,511,2455,316,1473,-779,331
449635,316,-31,2956,342,1043,-953,331
449640,0,593,902,205,870,-965,331
449645,-212,-1408,-907,629,48,-1242,331
449650,-421,-1003,-622,589,-1184,-1060,331
449655,2102,973,6901,-1001,-2642,-691,331
449660,-138,-1296,-120,-3192,-377,-316,331
449665,-1055,844,853,-1175,-1486,-2,331
449670,1608,1129,17454,197,-4289,-189,331
449675,1308,919,13524,373,-791,-389,331
449680,-472,367,3654,379,1545,-603,331
449685,108,-1252,3780,472,1099,-839,331
449690,376,-1885,2262,969,1328,-728,331
449695,892,-1738,2271,1072,560,-385,331
449700,610,-36,2548,647,109,67,331
449705,131,1353,3150,830,-10,165,331
449710,317,-1239,4146,656,-321,91,331
449715,453,122,6338,1311,-799,382,331
449720,494,996,9569,658,-444,549,331
449725,-17,736,4453,109,1468,483,331
449730,246,1404,4914,-260,1552,354,331
449735,495,712,3392,-383,1736,285,331
449740,74,1259,781,-156,1282,203,331
449745,438,1992,953,175,552,-222,331
449750,1141,-426,3943,30,326,-522,331
449755,-99,600,3757,-943,186,-303,331
449760,172,-236,597,-721,-552,-529,331
449765,255,-134,5246,-637,-2295,-542,331
449770,824,-527,9068,180,-2272,-451,331
449775,-12,-147,3333,155,-881,-386,331
449780,29,-726,7769,-391,-1596,-297,331
449785,69,-655,5607,-349,-469,-142,331
449790,-45,-18,4632,239,-1,-27,331
449795,214,666,4641,651,48,-41,331
449800,1271,851,5670,-26,601,-87,331
449805,602,860,4328,-154,1760,-124,331
449810,-7,-573,610,238,1481,-204,331
449815,503,1306,5668,1443,-554,-238,331
449820,414,466,1722,1030,-104,-404,331
449825,807,-468,5994,-35,-1099,-348,331
449830,373,-600,4857,271,-265,-191,331
449835,334,-871,4245,105,-384,32,331
449840,373,467,5413,274,-682,209,331
449845,327,902,3611,326,-117,113,331
449850,266,-454,4104,172,-164,15,331
449855,237,287,3601,132,-84,231,331
449860,80,1341,1078,-266,209,319,331
449865,425,197,3621,465,-593,92,331
449870,152,750,943,823,-733,66,331
449875,480,546,6556,159,-1895,-4,331
449880,231,1092,5759,-1258,-1111,12,331
449885,-25,703,4760,-1165,-742,-183,332
449890,886,-115,10183,-533,-1584,-495,332
449895,1102,508,7336,-394,-241,-501,332
449900,441,354,2180,-1308,621,-357,332
449905,1058,-429,7611,-1568,-385,-278,332
449910,402,988,5433,-276,1209,-215,332
449915,126,208,2755,6,1797,-427,332
449920,690,172,4690,376,1199,-422,332
449925,297,418,-1314,814,2070,-480,332
449930,826,-810,1225,1025,62,-603,332
449935,1034,-463,608,207,-717,-248,332
449940,-318,328,-430,764,-1514,-33,332
449945,214,-677,2852,937,-3108,29,332
449950,-134,565,4122,586,-3713,232,332
449955,33,276,8687,500,-3967,128,332
449960,-11,901,10050,-48,-2699,-30,332
449965,-606,-429,5850,-567,-688,-159,332
449970,899,-193,8420,-834,-107,-65,332
449975,347,2023,9795,-24,1268,69,332
449980,36,-554,2396,-16,2849,-163,332
449985,1310,193,3711,-81,1712,-49,332
449990,748,605,3105,487,1789,-72,332
449995,514,-1569,258,-388,1430,306,332
450000,676,-9,-343,-126,-144,762,332
450005,1810,1300,8154,-298,-1771,843,332
450010,205,-156,722,-425,218,624,332
450015,805,-819,6013,97,-1211,622,332
450020,413,860,4981,373,-757,818,332
450025,-35,2092,3616,436,-407,632,332
450030,189,994,5685,1285,-555,-209,332
450035,385,783,4700,1455,-30,-733,332
450040,57,-330,3168,1659,168,-1030,332
450045,965,464,8697,193,-543,-863,332
450050,752,-971,3583,-364,671,-610,332
450055,121,-1421,6073,-231,-223,-52,332
450060,-114,-119,5068,184,139,569,332
450065,-69,1058,2859,269,494,801,332
450070,306,585,2994,384,110,643,332
450075,652,590,4687,770,-36,425,332
450080,556,88,4585,516,666,296,332
450085,279,142,2597,630,916,240,332
450090,684,839,8287,822,-121,85,332
450095,692,421,3801,182,1285,-123,332
450100,672,-1,5328,-300,776,-170,332
450105,245,20,2029,-343,914,-68,332
450110,414,919,2460,-307,159,25,332
450115,320,212,1972,-80,-548,40,332
450120,9,371,1084,-145,-1127,200,332
450125,632,262,6664,497,-1583,303,332
450130,1130,2754,3784,241,-796,333,332
450135,660,-701,10315,-200,-1793,-203,332
450140,490,896,8270,-85,12,-233,332
450145,199,188,6491,187,1094,-437,332
450150,743,-441,3494,296,1438,-496,332
450155,275,-1377,1486,214,1279,-353,332
450160,-67,350,1404,701,297,105,332
450165,-512,839,-900,959,-303,222,332
450170,342,764,4491,133,-1535,189,332
450175,322,321,2977,-1119,-190,162,332
450180,440,998,4505,-1349,25,114,332
450185,796,-271,8255,385,-577,-38,333
450190,560,1423,9231,548,-144,-93,333
450195,75,1961,5467,405,1675,-535,333
450200,455,105,3985,390,2173,-1031,333
450205,772,-1661,4442,215,1907,-1025,333
450210,83,-1161,-260,-16,1994,-423,333
450215,124,-1131,225,747,615,-41,333
450220,963,-2198,215,166,-1226,505,333
450225,1237,-31,5111,-4,-2628,1270,333
450230,1041,2669,6655,-1606,-2295,1524,333
450235,-209,1916,6970,-1540,-2052,1242,333
450240,-336,2241,12075,-1262,-2011,705,333
450245,-382,2166,4443,-59,823,-52,333
450250,233,1076,3265,354,561,-612,333
450255,555,343,4192,739,252,-912,333
450260,387,-1077,1631,550,1205,-1007,333
450265,271,-15,3657,-824,1124,-836,333
450270,-47,-1338,713,-1356,1549,-699,333
450275,511,-1205,5085,-593,407,-362,333
450280,1408,335,3343,12,977,-41,333
450285,671,437,6913,887,1066,-46,333
450290,1723,-338,6675,775,2146,-159,333
450295,958,852,8666,625,2614,-280,333
450300,786,-414,2410,-373,2878,-202,333
450305,923,484,7828,9,1250,-162,333
450310,45,1249,1234,651,2541,-265,333
450315,-56,294,1127,659,1483,-324,333
450320,-777,212,1978,1087,392,-265,333
450325,254,747,1617,1248,-271,-250,333
450330,418,198,4847,514,-836,-277,333
450335,49,336,2642,-255,345,-260,333
450340,-706,141,6109,-950,306,-343,333
450345,-78,878,4767,331,-342,-391,333
450350,124,983,5477,-292,-243,-581,333
450355,20,27,5162,-550,746,-646,333
450360,-3,-402,4834,-179,712,-426,333
450365,603,281,7524,223,313,-211,333
450370,519,-665,2851,-49,1043,-13,333
450375,622,-535,4469,-294,235,370,333
450380,256,443,3811,88,107,546,333
450385,317,978,2744,261,-144,421,333
450390,145,488,2423,818,-665,75,333
450395,738,-37,5375,381,-1168,-257,333
450400,552,509,5521,-274,-551,-262,333
450405,277,-427,4402,-264,-129,-315,333
450410,387,698,5133,270,-608,-286,333
450415,616,798,5581,652,-343,-378,333
450420,336,702,5379,-52,369,-374,333
450425,45,-48,3481,24,732,-363,333
450430,-176,-116,2027,320,274,-272,333
450435,-30,479,3321,504,-331,-109,333
450440,226,1117,4847,177,-314,-112,333
450445,318,722,4468,-670,346,-203,333
450450,577,-1606,4195,-1473,749,-162,333
450455,447,2631,3898,-1166,476,180,333
450460,561,634,6344,77,-172,-401,334
450465,1397,-138,7045,185,-363,-549,334
450470,654,-549,2892,-626,753,-283,334
450475,-364,-297,2595,-448,85,-107,334
450480,328,-339,5932,459,-1311,-79,334
450485,-104,-870,1376,749,-632,69,334
450490,84,716,1900,435,-1235,262,334
450495,368,884,5325,42,-1360,-5,334
450500,-47,656,4982,-622,-622,-241,334
450505,282,444,3650,283,-1027,-381,334
450510,-56,-330,4682,22,-1327,-379,334
450515,-134,-119,3437,-23,-926,-87,334
450520,70,197,2620,-504,-1149,202,334
450525,1313,1117,10339,173,-1940,253,334
450530,1059,1007,7764,696,-573,-32,334
450535,225,-644,5661,812,-37,-332,334
450540,151,169,4245,974,459,-278,334
450545,261,382,2596,992,781,-381,334
450550,322,518,4934,1137,526,-590,334
450555,521,-866,1445,1123,797,-703,334
450560,1106,-654,5428,195,-217,-435,334
450565,716,-413,4919,218,6,-108,334
450570,466,855,4573,-17,-203,322,334
450575,451,2173,6082,548,-406,257,334
450580,548,-297,3348,438,-202,-69,334
450585,1125,-183,7235,51,-867,125,334
450590,15,640,1860,-94,381,297,334
450595,-121,312,4418,-907,-478,377,334
450600,65,214,4329,-857,-309,351,334
450605,300,1443,5201,-414,105,283,334
450610,125,1047,3384,144,1158,-59,334
450615,565,-2025,5476,291,863,-337,334
450620,1134,915,3366,-364,637,-21,334
450625,591,-297,4883,-283,144,-35,334
450630,560,-42,4452,-117,-52,179,334
450635,-7,359,2276,795,-37,91,334
450640,-99,355,3974,1256,-810,-50,334
450645,-161,-330,2641,1116,-456,-170,334
450650,-425,245,4218,1108,-894,-234,334
450655,1226,-305,8481,171,-391,-370,334
450660,703,-439,352,230,1594,-303,334
450665,749,-320,8420,346,-669,-130,334
450670,710,-1,6533,-142,120,197,334
450675,315,519,7636,-640,536,641,334
450680,180,1859,5107,-460,1088,845,334
450685,341,872,2974,457,1242,586,334
450690,337,-36,269,653,787,446,334
450695,73,-515,1508,403,-253,504,334
450700,-230,345,-247,268,-833,648,334
450705,-88,1000,3597,-215,-1840,518,334
450710,1892,656,14067,-1404,-1793,53,334
450715,-878,616,-778,-968,1431,-410,334
450720,223,1078,8558,52,-1012,-819,334
450725,480,265,6378,1006,585,-1079,334
450730,1088,559,5260,535,732,-892,334
450735,40,-1943,1671,309,1280,-835,334
450740,-439,-1297,180,1041,625,-323,334
450745,-244,-587,1085,589,-897,259,334
450750,1092,1025,6353,-577,-1995,675,334
450755,192,1359,3182,-850,-356,622,334
450760,156,1204,5230,-94,-827,324,335
450765,942,-252,9012,293,-1059,17,335
450770,967,-124,5893,-559,382,206,335
450775,378,2254,6876,-607,225,272,335
450780,539,965,4427,-439,457,-294,335
450785,369,653,3241,-189,592,-651,335
450790,-30,661,3968,-33,478,-819,335
450795,224,-103,4035,-385,632,-1006,335
450800,634,-1568,3612,-377,766,-868,335
450805,341,-527,4861,-100,576,-394,335
450810,109,-424,2806,579,881,-248,335
450815,379,-109,4816,983,112,-208,335
450820,575,439,3380,196,224,-59,335
450825,257,-104,3276,-361,158,-54,335
450830,39,400,5515,-380,-333,45,335
450835,269,1114,7121,-760,93,80,335
450840,276,1204,5566,-456,1084,-72,335
450845,642,-522,5048,-704,1212,-157,335
450850,407,1797,4291,-18,1246,-81,335
450855,506,1481,3285,910,1361,-591,335
450860,392,163,2907,1189,1356,-993,335
450865,311,-624,3595,320,838,-881,335
450870,258,-1175,1958,-708,520,-437,335
450875,139,108,3959,-481,-224,-69,335
450880,280,395,5297,-155,-512,-1,335
450885,26,1803,4480,202,-242,-157,335
450890,194,55,4919,-219,125,-624,335
450895,327,-340,2724,-426,397,-575,335
450900,592,-40,6951,236,-675,-435,335
450905,204,467,3400,952,102,-446,335
450910,551,6,7143,-150,-334,-370,335
450915,123,-1502,2785,-565,715,-121,335
450920,258,-76,5443,-332,218,287,335
450925,290,726,3597,-352,864,430,335
450930,383,1067,5612,-59,714,358,335
450935,-95,798,1996,740,1457,79,335
450940,567,905,5427,584,709,-214,335
450945,933,1232,2828,204,643,-354,335
450950,413,-139,3901,-328,319,-535,335
450955,353,580,6304,782,159,-711,335
450960,-62,115,3293,868,835,-829,335
450965,397,-14,5204,315,161,-729,335
450970,264,-1221,3039,347,484,-571,335
450975,15,-351,2504,624,344,-217,335
450980,44,737,4640,515,-285,101,335
450985,762,340,5877,-497,159,266,335
450990,586,206,3598,-1593,791,461,335
450995,741,2705,8278,-1402,-229,504,335
451000,224,1914,5572,-378,832,-102,335
451005,430,1238,3224,96,774,-487,335
451010,-226,63,4271,324,182,-757,335
451015,-680,-613,-380,787,600,-870,335
451020,974,687,7191,542,-932,-889,335
451025,198,18,2314,51,920,-983,335
451030,-119,-781,1169,-283,793,-955,335
451035,97,-1070,3538,-561,-281,-730,335
451040,801,-862,7732,-1009,-1021,-244,335
451045,201,-128,6509,-303,209,277,335
451050,-287,219,2621,-416,528,649,335
451055,532,858,7818,96,-563,667,335
451060,627,385,3330,-488,935,664,336
451065,40,1212,4018,184,668,613,336
451070,23,1083,3107,-335,734,367,336
451075,254,968,4355,245,406,-34,336
451080,191,479,2446,122,624,-394,336
451085,241,94,260,-111,400,-483,336
451090,289,-269,4660,194,-959,-480,336
451095,266,-527,3397,-631,-406,-327,336
451100,103,282,3191,-647,-606,4,336
451105,538,870,7358,18,-1384,-54,336
451110,351,892,5269,831,-742,-439,336
451115,395,-64,5025,1043,-1017,-632,336
451120,-87,-76,4429,1165,-763,-630,336
451125,-89,-734,4376,996,-477,-582,336
451130,-62,-474,4287,631,-184,-262,336
451135,133,-9,5396,260,47,-63,336
451140,524,448,4891,266,393,77,336
451145,357,779,3950,-241,635,235,336
451150,177,1110,4532,29,627,124,336
451155,-43,952,2276,368,827,-118,336
451160,18,194,2248,98,76,-208,336
451165,45,-132,2774,432,-572,-123,336
451170,71,544,2403,864,-799,42,336
451175,356,-371,1990,-42,-964,130,336
451180,252,8,3286,-407,-1507,301,336
451185,173,1546,7341,-383,-2063,367,336
451190,49,880,6929,-378,-1444,19,336
451195,250,628,7222,-712,-858,-203,336
451200,230,41,4577,-528,132,-301,336
451205,198,191,4678,38,-10,-268,336
451210,580,-43,2880,-181,31,-175,336
451215,489,-255,3314,376,-79,3,336
451220,4,-750,1932,495,-96,225,336
451225,528,762,5750,308,-941,304,336
451230,314,113,2871,925,2,160,336
451235,742,55,5578,1112,-531,-4,336
451240,977,-1355,4705,58,-229,76,336
451245,509,-767,6159,-648,-153,506,336
451250,224,729,6218,-170,-180,807,336
451255,382,1577,6348,179,277,785,336
451260,351,1519,2403,564,940,504,336
451265,607,705,3095,453,285,200,336
451270,307,-48,2722,771,283,115,336
451275,-8,196,2170,620,25,133,336
451280,334,649,5445,-370,-478,124,336
451285,-158,111,-203,-185,219,57,336
451290,412,1235,6979,410,-1821,-4,336
451295,113,374,6197,586,-911,-166,336
451300,139,-305,6140,402,-250,-136,336
451305,442,-111,8037,646,-11,17,336
451310,315,274,4336,704,856,75,336
451315,480,-637,3870,802,727,22,336
451320,597,-912,2279,713,661,202,336
451325,311,-862,2300,538,156,470,336
451330,341,529,4498,-426,-560,950,336
451335,496,1118,1681,-1714,-638,1147,336
451340,257,712,5206,-719,-1653,1036,336
451345,395,2935,5800,-302,-1720,866,336
451350,479,1823,6389,-384,-1406,290,336
451355,33,865,6377,-114,-649,-219,336
451360,-50,1199,5291,-87,38,-518,336
451365,21,1152,4067,1118,362,-1115,336
451370,470,-1901,4634,639,226,-1551,336
451375,1329,-2856,4496,-1721,549,-985,336
451380,-86,635,4592,-1439,594,-24,336
451385,-375,303,4516,-551,-124,199,336
451390,592,744,4827,-380,-365,358,337
451395,307,-184,528,586,214,432,337
451400,528,311,2883,467,-1082,525,337
451405,137,767,3149,1035,-1289,287,337
451410,616,591,4547,812,-1543,-16,337
451415,490,749,6521,193,-1317,-193,337
451420,16,539,5582,587,-204,-464,337
451425,-70,583,5873,968,267,-781,337
451430,298,-585,3971,318,994,-924,337
451435,414,244,3486,-29,1071,-490,337
451440,-273,-284,925,-60,983,-186,337
451445,347,1663,1994,-500,-244,96,337
451450,1188,-775,6100,-1388,-990,213,337
451455,135,1199,4615,-618,-460,254,337
451460,396,1945,7655,77,-814,102,337
451465,192,722,5191,307,32,-333,337
451470,347,451,5951,808,200,-686,337
451475,358,-878,1513,456,926,-831,337
451480,623,-3234,4031,-878,254,-504,337
451485,491,801,5642,-517,106,256,337
451490,-110,585,522,-756,375,440,337
451495,70,1202,4945,-611,-1056,404,337
451500,460,1699,5164,-858,-277,198,337
451505,309,1096,3663,-590,195,-49,337
451510,86,1242,4589,-51,-271,-413,337
451515,-94,196,3233,306,-43,-809,337
451520,295,453,5176,137,-467,-866,337
451525,328,-683,3472,-812,3,-845,337
451530,382,-616,5293,-977,-153,-533,337
451535,360,581,5664,381,-60,-362,337
451540,1026,1143,8849,1027,-309,-359,337
451545,932,847,6172,473,737,-468,337
451550,362,-1362,4511,510,1212,-635,337
451555,67,-498,2237,337,1065,-331,337
451560,142,172,3537,433,445,-226,337
451565,102,523,1059,929,395,-416,337
451570,618,312,2654,273,-612,-446,337
451575,464,-49,6215,342,-697,-452,337
451580,-186,44,1192,-419,298,-267,337
451585,252,296,4953,-223,-1142,-26,337
451590,645,321,6699,-815,-721,220,337
451595,516,499,6044,-343,53,357,337
451600,327,1233,5581,-319,198,329,337
451605,284,1819,3926,-147,500,124,337
451610,195,1491,2280,519,595,-388,337
451615,169,148,2152,1313,-37,-799,337
451620,736,-21,4629,996,-362,-814,337
451625,206,-393,2710,131,456,-809,337
451630,61,-152,2127,-437,4,-662,337
451635,521,-206,5147,67,-1512,-649,337
451640,735,69,6996,-72,-1490,-458,337
451645,65,-53,6309,-902,-765,-320,337
451650,235,-709,7168,87,-462,-179,337
451655,243,127,5096,-22,357,184,337
451660,145,457,5128,78,630,305,337
451665,-62,-125,2612,491,1076,339,337
451670,265,447,1518,428,775,509,337
451675,880,1352,5000,-14,269,415,337
451680,519,553,3082,-419,1190,163,337
451685,90,1072,1796,-975,1052,114,337
451690,199,1813,3989,-914,-75,-170,338
451695,300,-743,2907,151,-273,-649,338
451700,651,246,6147,-430,-358,-366,338
451705,491,-349,4114,-588,196,-303,338
451710,421,-153,5365,-45,-683,-150,338
451715,65,-230,3930,825,-524,-106,338
451720,31,790,1003,923,-630,-135,338
451725,472,900,5614,805,-1679,-445,338
451730,833,654,3530,92,-591,-648,338
451735,269,159,5397,321,-850,-816,338
451740,-195,-324,4904,595,-712,-874,338
451745,181,-501,4289,158,-303,-609,338
451750,280,114,6502,159,-297,-308,338
451755,232,83,5137,1,383,-63,338
451760,107,536,4876,377,758,154,338
451765,148,-379,3355,265,1140,273,338
451770,707,605,5576,399,801,514,338
451775,504,655,4114,577,1123,471,338
451780,908,337,2374,321,572,342,338
451785,949,229,3643,-246,-365,323,338
451790,325,852,3744,108,-785,304,338
451795,83,895,3068,-9,-1120,88,338
451800,217,799,4369,-4,-1698,-93,338
451805,-6,1258,6294,97,-1378,-287,338
451810,-426,0,2750,30,-445,-577,338
451815,193,-897,4905,363,-1045,-478,338
451820,281,-813,3269,717,-368,-176,338
451825,453,-209,7596,736,-285,201,338
451830,325,232,4067,107,725,548,338
451835,697,799,8463,789,-66,547,338
451840,524,-577,3175,1133,1400,485,338
451845,712,-831,4101,1736,1026,660,338
451850,403,62,3039,1618,1077,948,338
451855,184,-199,1600,1553,761,1069,338
451860,854,-123,1349,1882,-548,1080,338
451865,743,276,2559,1895,-1721,1039,338
451870,255,-110,4066,1307,-2152,1003,338
451875,192,162,4359,1584,-2381,1026,338
451880,554,1265,6247,2156,-2789,839,338
451885,511,310,6768,2717,-2139,440,338
451890,65,591,5297,2380,-998,428,338
451895,172,-733,439,2293,-1033,282,338
451900,917,-479,6092,2130,-2623,503,338
451905,48,1889,3947,1655,-1795,842,338
451910,-217,333,71,1481,-1532,709,338
451915,974,1693,4350,1501,-2644,651,338
451920,875,370,7917,1688,-2302,437,338
451925,2013,3850,6756,1181,-1141,378,338
451930,438,84,7167,841,-680,36,338
451935,2935,1602,15343,97,-981,-11,338
451940,1103,-3947,4765,-2242,2545,316,338
451945,-14,489,876,-1749,2257,1331,338
451950,1383,5315,7440,-1923,1153,1342,338
451955,331,2903,3173,-2531,3049,671,338
451960,439,1906,4835,-2420,3430,135,338
451965,630,773,3692,-2596,4149,-210,338
451970,952,1135,3583,-3005,3979,-306,338
451975,1204,-29,6740,-3392,3834,-259,338
451980,352,1656,79,-3556,5036,-57,338
451985,976,779,5445,-3067,3380,-308,338
451990,775,-82,7179,-2305,4104,-509,339
451995,116,-2003,393,-2417,4096,-102,339
452000,491,116,7017,-2236,915,529,339
452005,-657,619,1785,-2353,2293,156,339
452010,-507,443,2097,-1075,1589,-593,339
452015,-432,393,3563,-225,682,-989,339
452020,-500,311,3349,62,682,-1360,339
452025,-585,-2566,2448,727,632,-1462,339
452030,514,-1472,3255,303,38,-859,339
452035,390,-47,3486,-105,36,-138,339
452040,420,329,2982,191,200,118,339
452045,-71,689,4092,415,-113,324,339
452050,223,672,2741,560,-71,414,339
452055,258,1285,5094,-176,-406,432,339
452060,-105,504,3701,-168,181,295,339
452065,228,1170,6379,61,-283,211,339
452070,733,906,6579,396,-42,-110,339
452075,425,-90,5136,604,328,-391,339
452080,537,-240,4330,896,351,-408,339
452085,224,-367,4884,686,66,-244,339
452090,265,-1019,2597,415,287,-60,339
452095,503,518,4358,-284,9,232,339
452100,216,789,3534,-728,389,396,339
452105,424,1322,4047,-804,246,219,339
452110,233,1554,4474,-831,259,-105,339
452115,239,434,5082,-232,234,-430,339
452120,288,1035,4871,-97,309,-515,339
452125,-47,383,3874,485,540,-721,339
452130,273,49,5589,678,534,-815,339
452135,72,-830,4035,480,1087,-747,339
452140,248,-2034,2596,294,1062,-437,339
452145,421,-416,4940,97,233,125,339
452150,-40,-280,3939,363,351,338,339
452155,34,1284,5267,425,53,455,339
452160,-127,1030,4063,-72,493,412,339
452165,68,1457,4912,-208,501,262,339
452170,119,1672,4354,-48,789,-36,339
452175,258,1323,4365,467,736,-517,339
452180,449,855,4516,1033,683,-943,339
452185,244,658,2695,1165,1089,-1127,339
452190,176,-630,3015,1008,657,-1229,339
452195,193,-1510,4233,696,293,-967,339
452200,133,524,2528,331,707,-514,339
452205,-71,-3,3493,-270,332,-338,339
452210,-70,-314,7257,-331,-76,-166,339
452215,112,-1197,5903,-1057,1027,97,339
452220,729,871,10445,723,955,235,339
452225,703,1249,7383,1343,2809,-16,339
452230,166,1293,2335,1279,3745,-365,339
452235,351,1543,2403,2517,2715,-929,339
452240,291,-796,5489,3148,2247,-1554,339
452245,291,444,3674,2136,3248,-1601,339
452250,327,-441,2663,2113,3376,-1386,339
452255,375,-26,3834,1822,2531,-1182,339
452260,379,15,6004,2169,2183,-1226,339
452265,-155,231,5474,1841,2447,-901,339
452270,215,-245,5721,2016,2382,-466,339
452275,-257,648,3655,2715,2867,-283,339
452280,-336,-596,2579,2892,2507,-258,339
452285,-162,-263,1432,2531,1734,136,339
452290,-365,383,1681,1440,723,514,340
452295,-1058,487,1468,334,-414,1127,340
452300,-433,664,1365,-859,-1658,1669,340
452305,-51,1883,4379,-477,-2625,1451,340
452310,430,1532,3571,-715,-2305,1018,340
452315,352,77,1622,-1797,-2360,588,340
452320,499,477,2102,-3567,-3060,603,340
452325,289,1522,3468,-4060,-3250,665,340
452330,1179,-578,5206,-5360,-3100,601,340
452335,-256,1311,2302,-4774,-2890,898,340
452340,76,3159,2675,-4111,-4051,923,340
452345,-25,1518,6888,-3120,-4546,468,340
452350,334,887,7740,-2271,-3589,241,340
452355,904,618,6866,-1377,-2835,-90,340
452360,993,-712,4712,-1575,-2936,-505,340
452365,-246,-1092,6595,-1372,-3263,-695,340
452370,97,-1541,4407,-817,-2133,-655,340
452375,505,-1466,5682,-523,-2328,-358,340
452380,167,-708,3955,-161,-1814,12,340
452385,94,-428,3518,221,-1686,308,340
452390,166,-90,2484,-128,-1558,619,340
452395,936,997,4402,-853,-1431,778,340
452400,820,1114,6946,-758,-927,516,340
452405,1066,2264,8096,-54,-772,144,340
452410,206,945,4111,-235,192,-427,340
452415,405,359,5846,185,-51,-857,340
452420,457,455,5444,1070,501,-1118,340
452425,439,-240,5597,961,859,-1200,340
452430,340,-316,3202,838,1107,-1095,340
452435,231,-940,2703,1012,827,-921,340
452440,324,-1621,2412,720,382,-470,340
452445,398,203,2790,397,-309,186,340
452450,333,1406,5615,305,-1002,283,340
452455,-62,777,3627,-448,-498,142,340
452460,135,788,5466,-862,-1096,62,340
452465,52,890,6831,-52,-783,-137,340
452470,206,284,4218,609,33,-305,340
452475,232,-247,4911,664,-115,-250,340
452480,252,-884,4059,498,303,-47,340
452485,162,-782,2751,-162,505,325,340
452490,98,-441,3867,-428,240,591,340
452495,64,1163,4041,-822,514,805,340
452500,142,1623,3656,-636,578,736,340
452505,234,2283,3896,-393,284,491,340
452510,284,1753,3011,92,-26,-16,340
452515,164,812,2642,300,-534,-482,340
452520,233,-508,4842,-417,-1178,-722,340
452525,1,-1387,4267,-914,-1044,-623,340
452530,136,285,6722,-293,-1069,-344,340
452535,255,343,6083,94,-139,-388,340
452540,115,284,6489,679,23,-549,340
452545,78,-189,4615,731,717,-547,340
452550,60,-1253,1757,737,990,-475,340
452555,713,-425,5053,465,-112,-113,340
452560,-40,53,1748,566,491,158,340
452565,-133,796,1698,195,-279,358,340
452570,82,1295,3110,-830,-1165,509,340
452575,117,1656,5484,-665,-1558,375,340
452580,76,1517,5009,-757,-1023,101,340
452585,121,732,4736,-584,-932,-93,340
452590,532,390,6910,-520,-895,-234,340
452595,542,-705,6241,-612,-41,-207,340
452600,510,-542,4506,-267,590,-102,340
452605,446,-689,4705,-211,812,-53,340
452610,538,-350,1567,-647,1038,204,340
452615,802,284,3702,-60,55,333,340
452620,279,665,1960,731,-101,219,340
452625,138,595,3044,555,-1007,53,340
452630,307,-244,5240,279,-1531,-27,340
452635,-59,-202,4379,418,-1025,-81,340
452640,0,376,6098,187,-1005,-155,340
452645,177,201,6053,91,-393,-208,340
452650,517,239,5544,-23,225,-116,340
452655,474,435,6807,129,556,39,340
452660,162,496,4272,247,1223,222,340
452665,286,579,3813,379,1148,214,340
452670,564,-313,3638,-239,1115,268,340
452675,459,-161,1170,-625,989,558,340
452680,307,1015,3507,-1219,-49,694,340
452685,-268,2443,2782,-889,8,379,340
452690,39,1248,2897,-553,-520,-229,340
452695,194,693,6034,-465,-1016,-639,340
452700,-344,194,3856,184,117,-987,341
452705,-318,-470,2432,530,171,-1150,341
452710,549,-677,6099,-388,-773,-821,341
452715,469,-604,5481,-535,126,-437,341
452720,-91,-26,1782,-76,698,-211,341
452725,359,-27,5994,-87,-519,-10,341
452730,404,707,5917,227,-39,-24,341
452735,155,546,3029,-17,414,-101,341
452740,555,-100,3856,-474,-226,-144,341
452745,386,368,4793,264,-252,-213,341
452750,190,631,4730,504,127,-336,341
452755,182,229,4564,618,75,-481,341
452760,229,654,4971,1014,143,-564,341
452765,189,33,3207,521,660,-607,341
452770,324,-489,4051,168,258,-427,341
452775,-43,-55,2308,195,294,-121,341
452780,-82,1184,3586,-186,-328,126,341
452785,64,981,3617,-414,-557,52,341
452790,241,805,5025,-1414,-521,-11,341
452795,363,185,4902,-1934,-14,-18,341
452800,454,1210,5998,-1301,-490,-52,341
452805,204,378,4498,-821,-143,-319,341
452810,608,1157,7067,-180,-263,-483,341
452815,22,1047,3389,171,682,-699,341
452820,89,-349,2003,-225,308,-969,341
452825,874,-670,4872,-12,-621,-1005,341
452830,682,-171,6158,253,-506,-865,341
452835,307,-335,5347,71,-115,-726,341
452840,329,-331,4890,895,-40,-711,341
452845,197,-280,5044,1111,-14,-656,341
452850,-22,-319,2191,1236,429,-549,341
452855,366,182,5722,1111,-352,-402,341
452860,275,392,3294,230,349,-353,341
452865,82,664,4576,96,168,-333,341
452870,-53,997,4343,247,105,-379,341
452875,450,-193,6409,847,-332,-560,341
452880,574,-764,4229,-148,428,-275,341
452885,123,-1259,5386,157,295,202,341
452890,128,608,4282,203,410,711,341
452895,224,271,5705,365,303,670,341
452900,126,206,3503,488,1011,662,341
452905,-72,547,3518,368,799,702,341
452910,164,537,3886,650,628,598,341
452915,617,302,3232,-200,1031,590,341
452920,427,1417,2095,-457,1079,520,341
452925,478,1174,3356,-549,-78,165,341
452930,309,664,5139,-332,-861,-88,341
452935,94,332,4440,-686,-666,-201,341
452940,40,619,4442,-148,-940,-329,341
452945,203,139,6415,298,-1010,-530,341
452950,173,-135,5320,510,-124,-625,341
452955,257,-528,5204,315,-51,-526,341
452960,278,-954,3712,97,247,-265,341
452965,461,-236,5075,-160,473,165,341
452970,287,686,3571,-309,979,435,341
452975,108,546,2666,-81,706,386,341
452980,312,470,2721,-32,186,353,341
452985,408,806,5089,81,-322,384,341
452990,-12,1154,3824,88,31,300,341
452995,117,384,4997,-73,-152,132,341
453000,525,931,6348,134,149,-25,341
453005,70,385,4017,293,861,-262,341
453010,228,-382,5538,524,610,-440,341
453015,241,-746,3415,453,1072,-402,341
453020,514,-196,2834,-154,767,-179,341
453025,384,694,4114,-365,383,-51,341
453030,15,-108,2078,-350,346,-100,342
453035,426,263,4266,199,-723,36,342
453040,363,775,4951,331,-837,92,342
453045,221,956,6079,-25,-783,37,342
453050,-241,259,4403,-95,-211,-82,342
453055,-57,420,3428,-131,-257,-117,342
453060,481,-198,3863,-427,-480,-111,342
453065,285,-248,3785,-158,-326,-18,342
453070,23,203,2728,-148,-302,180,342
453075,113,380,3749,-129,-745,254,342
453080,289,1106,5384,-435,-702,232,342
453085,449,1903,4347,-196,-294,-47,342
453090,288,-450,4649,-111,-644,-419,342
453095,190,-409,5076,76,-695,-375,342
453100,6,20,4811,444,-429,-338,342
453105,343,-150,4039,377,-467,-342,342
453110,543,676,6529,359,-700,-321,342
453115,166,622,4140,342,195,-507,342
453120,-34,-495,3614,661,214,-716,342
453125,238,-272,3340,586,-151,-578,342
453130,198,-871,3153,156,-127,-270,342
453135,15,616,3810,-361,-169,219,342
453140,7,845,3105,-1022,-241,471,342
453145,137,446,3542,-1205,-617,754,342
453150,-117,1903,4273,-1151,-598,789,342
453155,198,1461,6423,117,-448,345,342
453160,694,1584,5297,-312,23,63,342
453165,484,334,7457,-616,4,-297,342
453170,484,-837,4004,-47,943,-470,342
453175,535,-150,4039,315,613,-342,342
453180,178,-397,2190,712,521,-303,342
453185,306,-440,5068,638,-388,-276,342
453190,496,527,4113,275,-202,-276,342
453195,163,-944,2326,121,-184,-410,342
453200,429,-182,4533,485,-854,-183,342
453205,389,-340,5447,603,-627,-11,342
453210,324,1063,5991,928,-350,50,342
453215,340,443,5542,944,385,-66,342
453220,196,537,3758,1495,759,-108,342
453225,359,512,5104,1532,295,-262,342
453230,316,-224,3686,762,658,-338,342
453235,402,-548,4085,-361,399,-83,342
453240,-53,514,3071,-350,437,212,342
453245,177,1276,4228,145,-20,207,342
453250,298,747,3846,417,-228,9,342
453255,59,138,3183,350,-168,2,342
453260,-283,-212,3814,248,-295,80,342
453265,33,337,4955,-138,-234,244,342
453270,171,87,3321,-215,282,297,342
453275,226,216,5364,96,-241,404,342
453280,414,-237,4494,-83,13,442,342
453285,267,342,5112,-290,52,617,342
453290,105,990,3666,-222,439,621,342
453295,301,1756,4599,-397,122,465,342
453300,475,1477,4416,359,142,-86,342
453305,339,-608,2873,411,152,-636,342
453310,254,-292,3463,12,-519,-626,342
453315,425,133,3315,-580,-888,-413,342
453320,146,148,4687,-513,-982,-284,342
453325,89,490,5036,-49,-718,-243,342
453330,13,413,5719,519,-613,-301,342
453335,-31,84,2534,815,-17,-324,342
453340,643,-17,5058,397,-823,-307,342
453345,595,-127,3982,-406,-331,-177,342
453350,-15,1477,4206,106,-219,-106,342
453355,512,1097,6029,116,-695,-316,342
453360,540,355,7178,251,-234,-542,343
453365,350,-730,2760,-344,948,-523,343
453370,334,-373,3496,-555,401,-217,343
453375,381,721,5791,61,117,-64,343
453380,30,420,1294,301,778,-190,343
453385,308,419,3856,970,-301,-442,343
453390,471,152,5213,1152,-269,-542,343
453395,412,305,5339,76,125,-428,343
453400,518,-281,5422,41,200,-356,343
453405,-24,184,4696,654,420,-259,343
453410,19,94,4110,653,565,-240,343
453415,119,-323,2438,172,559,-108,343
453420,541,611,6850,-277,-169,135,343
453425,106,935,1630,-349,770,212,343
453430,585,1115,5373,-285,-403,94,343
453435,500,860,6102,129,-112,-161,343
453440,382,378,4331,-447,403,-253,343
453445,240,-82,4313,-622,386,-187,343
453450,13,42,2354,-775,473,-83,343
453455,-103,1176,3685,-695,30,-31,343
453460,-218,1496,2805,86,114,-291,343
453465,69,-212,2200,-35,-246,-619,343
453470,870,-1277,7725,-1199,-630,-444,343
453475,-530,-288,-2499,-1127,1540,-166,343
453480,840,-392,11232,-378,-1010,-119,343
453485,445,338,6803,260,1154,56,343
453490,233,577,4694,295,1288,82,343
453495,307,518,2536,-440,1053,60,343
453500,406,-291,3881,354,491,-177,343
453505,200,1057,1747,414,293,-255,343
453510,116,-540,2300,570,-548,-647,343
453515,573,-496,4576,665,-1283,-721,343
453520,478,-87,7119,163,-1127,-486,343
453525,-87,-320,4838,-229,-44,-254,343
453530,-119,-677,4967,-586,43,100,343
453535,342,807,6284,230,56,345,343
453540,490,983,4810,805,630,75,343
453545,691,970,3731,849,767,-209,343
453550,61,570,1374,-40,1193,-340,343
453555,579,420,5338,230,96,-444,343
453560,1276,487,6028,-207,-147,-337,343
453565,396,-728,5518,205,168,-300,343
453570,-15,-367,1777,243,478,-74,343
453575,267,529,6385,400,-667,102,343
453580,-329,334,3336,471,250,-14,343
453585,-457,631,916,719,133,-77,343
453590,-35,415,3526,1332,-931,-190,343
453595,752,542,6811,-47,-512,-149,343
453600,162,350,1791,-1478,1168,-98,343
453605,-266,256,1818,-1390,-17,-21,343
453610,599,446,9258,-520,-1786,-68,343
453615,370,603,4976,-301,-24,-151,343
453620,281,640,4597,451,-21,-170,343
453625,290,-308,4302,-421,-10,-216,343
453630,475,-165,6187,105,-289,-159,343
453635,354,270,4119,261,249,-166,343
453640,211,172,3925,436,291,-288,343
453645,342,-467,4028,149,235,-338,343
453650,369,191,3619,-86,359,-156,343
453655,212,412,4098,-332,338,53,343
453660,184,805,3840,-200,171,134,344
453665,630,745,4040,120,-336,39,344
453670,296,586,3754,281,-418,-42,344
453675,-148,756,4639,239,-564,-100,344
453680,32,491,2806,-798,-254,-187,344
453685,208,104,4158,-758,-651,-260,344
453690,331,-552,5247,-797,-707,-153,344
453695,15,234,4269,-206,-500,-30,344
453700,257,228,4322,194,-546,-12,344
453705,344,432,4967,-139,-666,54,344
453710,558,375,5641,592,-418,-103,344
453715,329,289,3386,512,-155,-313,344
453720,609,795,6028,610,-996,-489,344
453725,370,-606,3829,581,-353,-679,344
453730,261,-681,4456,685,-437,-537,344
453735,77,302,4218,997,-291,-294,344
453740,-213,488,3608,1299,-9,-300,344
453745,396,86,4629,955,-163,-316,344
453750,555,222,3957,-143,393,-125,344
453755,326,-621,3068,-351,388,97,344
453760,432,1163,5527,81,-431,253,344
453765,441,87,4953,46,-269,207,344
453770,435,959,4454,411,-464,416,344
453775,-88,757,4152,87,-313,383,344
453780,142,412,6166,-205,-348,340,344
453785,0,-170,3371,-125,-4,271,344
453790,423,-218,4835,-174,-541,333,344
453795,454,356,2332,-69,-50,452,344
453800,379,861,4348,171,-346,455,344
453805,166,543,4698,-127,97,308,344
453810,63,579,4214,-325,497,257,344
453815,451,-436,3755,-246,181,162,344
453820,502,34,4536,-421,-254,298,344
453825,81,206,5045,400,72,308,344
453830,830,1991,5050,422,115,323,344
453835,471,51,5802,522,134,-54,344
453840,566,394,3980,1073,289,-270,344
453845,500,-404,2912,910,101,-474,344
453850,351,-970,4088,655,-589,-359,344
453855,239,-244,5526,924,-653,-145,344
453860,807,244,4483,231,-164,0,344
453865,518,10,3266,-97,-394,162,344
453870,-142,944,4289,289,-495,324,344
453875,199,804,4542,659,-145,255,344
453880,348,327,5553,1400,-159,155,344
453885,402,1244,5759,954,218,264,344
453890,48,348,2305,113,814,222,344
453895,237,-33,3471,-121,185,239,344
453900,186,677,3958,308,-51,230,344
453905,69,1134,3715,-402,-203,203,344
453910,22,269,5498,-714,-244,104,344
453915,-95,278,2637,-79,36,30,344
453920,477,391,4526,231,-638,-74,344
453925,846,-171,6682,309,-306,-86,344
453930,580,-201,5270,-7,491,70,344
453935,376,-40,5300,-357,590,244,344
453940,287,806,4627,-37,728,360,344
453945,423,-320,1869,20,708,233,344
453950,712,285,4931,6,-271,378,344
453955,186,1523,3602,136,136,486,344
453960,-52,1232,3599,-261,-42,238,345
453965,250,554,4439,-403,-201,-143,345
453970,88,654,5021,289,283,-371,345
453975,-16,-414,1848,356,651,-559,345
453980,650,-547,6260,-599,-279,-392,345
453985,21,568,2927,-1207,636,-76,345
453990,-229,798,2421,-417,101,-52,345
453995,609,1689,6652,5,-999,-200,345
454000,166,1136,5761,646,73,-524,345
454005,225,-423,4736,-116,764,-729,345
454010,418,-798,4410,-417,763,-553,345
454015,132,169,2445,-52,737,-306,345
454020,333,260,3940,169,29,-357,345
454025,607,528,4355,-696,-132,-333,345
454030,359,229,4547,-694,-120,-279,345
454035,66,551,4445,-820,-117,-171,345
454040,6,212,3873,242,-174,-275,345
454045,440,196,3057,144,-362,-280,345
454050,359,344,5115,128,-703,-230,345
454055,334,272,4186,-242,-26,-241,345
454060,546,20,7542,44,-142,-274,345
454065,-31,663,5526,467,726,-257,345
454070,54,405,4047,866,998,-409,345
454075,114,390,3526,1043,1046,-453,345
454080,625,520,5278,-311,1142,-440,345
454085,95,-523,465,-786,2032,-368,345
454090,334,212,3684,134,421,-229,345
454095,416,943,3148,350,-75,-179,345
454100,325,342,4318,244,-423,-278,345
454105,241,589,6017,-116,-542,-260,345
454110,-109,854,4263,-419,-40,-256,345
454115,-61,832,4293,-70,-275,-473,345
454120,18,569,1958,124,-205,-686,345
454125,141,844,3074,366,-823,-747,345
454130,705,-337,7608,-413,-924,-706,345
454135,1064,-80,10034,-2131,489,-289,345
454140,159,461,6490,146,641,-262,345
454145,-23,-344,2969,40,552,-107,345
454150,624,508,3922,4,891,28,345
454155,499,116,4125,-471,1164,11,345
454160,106,-375,2575,-111,1111,57,345
454165,132,193,2872,495,382,76,345
454170,464,1091,3282,564,-239,-101,345
454175,718,146,4403,-363,-227,-316,345
454180,164,301,3290,-886,367,-332,345
454185,174,1052,2512,-1265,-126,-452,345
454190,1018,1286,7381,206,-1242,-759,345
454195,525,846,5708,-117,-196,-894,345
454200,104,96,5179,-109,-236,-979,345
454205,304,-484,6624,636,128,-930,345
454210,-159,-208,1327,740,1194,-693,345
454215,-266,-219,3012,895,24,-582,345
454220,72,-30,3839,170,-153,-346,345
454225,275,349,5559,-1183,166,-191,345
454230,-106,-93,1398,-1225,1673,-95,345
454235,139,1133,2090,-1076,678,-45,345
454240,437,850,3789,-1127,-675,-293,345
454245,680,1838,5816,-1399,-848,-428,345
454250,191,59,3378,-1768,-257,-611,345
454255,1935,-1652,11633,-845,-1291,-604,345
454260,942,243,11321,7,111,-310,346
454265,131,-1840,5237,569,968,-250,346
454270,83,-603,4226,1547,1526,96,346
454275,319,164,2335,2386,1766,208,346
454280,395,596,4162,1783,805,159,346
454285,420,-364,2945,2018,855,85,346
454290,491,523,1679,880,1151,268,346
454295,231,-310,2839,297,968,310,346
454300,-88,-277,4107,386,633,397,346
454305,-180,1029,4654,-208,671,614,346
454310,318,2476,2403,-1430,1042,756,346
454315,84,848,4965,-748,3,301,346
454320,519,2071,2602,324,-242,27,346
454325,719,1590,5848,-245,-1128,-231,346
454330,374,33,5917,-1086,-756,-562,346
454335,386,-572,7419,-328,-575,-570,346
454340,74,-268,6098,108,67,-466,346
454345,-223,-591,4643,562,549,-447,346
454350,-273,-979,2811,1253,689,-310,346
454355,341,276,2346,1086,-7,26,346
454360,593,987,1807,377,-387,192,346
454365,330,1195,4320,-340,-262,167,346
454370,-362,-325,669,-774,247,69,346
454375,114,272,5543,-981,-1321,171,346
454380,804,2326,9163,-2287,-1088,291,346
454385,480,1527,7133,-510,-171,-70,346
454390,101,1414,5466,-838,100,-390,346
454395,278,906,4974,624,149,-793,346
454400,66,30,1449,1335,363,-1040,346
454405,222,-544,3356,-54,-298,-1072,346
454410,257,-1241,2745,-45,-289,-1040,346
454415,493,-867,4236,-258,-488,-720,346
454420,125,-623,3989,-12,-350,-435,346
454425,472,-547,6408,-206,-1018,-56,346
454430,14,-187,5213,-158,-258,335,346
454435,72,496,5398,345,246,528,346
454440,255,754,5679,112,395,628,346
454445,140,759,4699,-143,902,535,346
454450,-205,667,2413,30,1212,361,346
454455,228,441,3841,-44,532,247,346
454460,234,139,3842,-237,543,264,346
454465,15,562,3148,-918,828,386,346
454470,133,1003,2783,-1214,487,398,346
454475,371,912,3953,34,-360,21,346
454480,629,-514,5553,913,-523,-330,346
454485,544,-169,5955,1228,-531,-260,346
454490,105,-967,2940,930,-330,-191,346
454495,349,-1281,5192,744,-858,-19,346
454500,170,420,4590,457,-355,256,346
454505,164,-83,3642,415,-19,267,346
454510,317,-100,5035,339,9,371,346
454515,763,992,5280,-274,787,564,346
454520,-63,1265,4466,-557,1372,850,346
454525,43,607,3955,165,1054,752,346
454530,386,1922,4476,410,920,555,346
454535,295,699,3307,272,1224,289,346
454540,260,71,2041,-208,720,350,346
454545,47,867,2767,94,-242,309,346
454550,-212,195,3532,-12,-419,122,346
454555,-651,-234,2119,56,-409,-3,346
454560,634,698,6981,-234,-980,-44,346
454565,-457,-1214,2279,-874,210,-25,346
454570,340,-479,8868,-490,-1032,306,346
454575,367,875,6240,-130,240,482,346
454580,720,747,6311,-502,712,521,346
454585,625,315,7897,-746,1287,501,347
454590,100,872,2781,-20,2475,500,347
454595,658,1077,-1254,270,1661,282,347
454600,1419,1055,2549,1063,-245,-143,347
454605,-742,2221,871,-21,260,-427,347
454610,-652,589,-925,-304,-455,-1095,347
454615,681,1053,5598,214,-2455,-1367,347
454620,7,-1738,5665,1098,-1932,-1576,347
454625,-327,-910,4925,1745,-1313,-1136,347
454630,-83,-807,6634,1377,-1131,-703,347
454635,152,-660,5917,735,-392,-263,347
454640,111,-1016,1948,595,176,64,347
454645,247,-34,3127,-12,-643,498,347
454650,45,2085,4548,-110,-696,669,347
454655,155,1738,3710,-738,-480,462,347
454660,155,1875,5141,-60,-771,137,347
454665,447,2368,4740,-429,-331,-102,347
454670,194,994,4468,-473,99,-438,347
454675,345,649,3537,-5,77,-635,347
454680,798,127,3851,228,-298,-778,347
454685,641,-142,5478,-516,-360,-802,347
454690,304,-507,5867,-662,122,-693,347
454695,-87,-923,2763,-552,643,-541,347
454700,575,-1846,5102,66,-355,-259,347
454705,599,731,5042,22,-133,233,347
454710,-190,483,3133,-105,400,224,347
454715,6,478,4229,-633,15,189,347
454720,190,875,5284,-610,190,135,347
454725,-81,1102,4898,-493,503,-5,347
454730,346,1023,3842,-309,378,-217,347
454735,551,653,5069,-227,37,-406,347
454740,341,793,5702,25,290,-494,347
454745,489,44,4513,197,499,-627,347
454750,492,-840,6011,427,174,-655,347
454755,142,-1051,5220,778,690,-521,347
454760,28,-1670,2727,945,888,-243,347
454765,417,-798,3910,631,283,209,347
454770,460,798,4283,387,535,516,347
454775,-43,366,1896,-226,968,573,347
454780,-4,319,2947,-320,82,604,347
454785,335,2508,6588,59,-1001,605,347
454790,162,3255,5002,-556,-211,160,347
454795,-214,-529,4745,-300,-70,-425,347
454800,9,644,5560,29,45,-371,347
454805,102,-548,5434,-250,442,-352,347
454810,148,-493,4265,170,552,-141,347
454815,327,-58,3673,336,561,-12,347
454820,376,115,3446,-62,413,23,347
454825,-138,-228,1867,-96,424,51,347
454830,208,-112,4393,26,-228,39,347
454835,437,398,2867,-726,115,119,347
454840,504,1627,5630,137,-709,62,347
454845,484,1125,5847,350,-371,-355,347
454850,349,642,5070,260,78,-555,347
454855,134,322,6581,18,9,-660,347
454860,41,167,1989,339,667,-776,347
454865,265,362,4174,404,-193,-790,347
454870,4,228,1718,966,67,-781,347
454875,64,-92,2864,709,-477,-759,347
454880,-99,155,4578,652,-582,-668,347
454885,-83,-207,2666,-221,-39,-472,347
454890,12,-805,3681,-754,-356,-225,347
454895,229,-249,6690,-717,-1052,190,347
454900,54,1482,4978,-745,-405,383,347
454905,520,1963,8122,-342,-44,216,347
454910,180,574,4921,-227,1090,-153,347
454915,300,-38,4194,664,697,-318,348
454920,152,-92,2549,1211,810,-267,348
454925,-152,-201,802,987,403,-202,348
454930,98,-975,2913,915,-567,-141,348
454935,224,383,3141,353,-464,141,348
454940,182,66,1856,-1748,-120,253,348
454945,-65,562,3340,-1822,-740,366,348
454950,358,2039,8586,-888,-1747,219,348
454955,506,1365,7521,-456,-846,-81,348
454960,401,1457,6271,-59,-363,-378,348
454965,46,-388,3512,288,164,-660,348
454970,140,-737,3962,555,-302,-562,348
454975,228,-23,3159,412,-133,-434,348
454980,737,-178,4523,-217,-364,-420,348
454985,753,183,3634,-808,-284,-258,348
454990,488,-18,5043,-425,-752,-272,348
454995,185,72,7123,-222,-730,-250,348
455000,134,374,6164,899,-26,-289,348
455005,-198,-98,3429,1142,703,-331,348
455010,294,-141,4029,1029,359,-210,348
455015,358,-247,3593,801,502,-81,348
455020,113,69,3786,643,656,75,348
455025,183,-92,3244,35,473,293,348
455030,-24,1502,3505,49,98,440,348
455035,-169,1428,1405,20,16,241,348
455040,151,1409,4205,181,-897,-14,348
455045,-27,1181,2739,-162,-804,-226,348
455050,377,1022,6261,-423,-1450,-485,348
455055,122,-175,5174,-203,-824,-771,348
455060,496,-1143,5033,-167,-827,-670,348
455065,419,385,7166,481,-877,-413,348
455070,327,-118,6047,228,133,-313,348
455075,319,-952,5607,-126,714,-82,348
455080,276,-87,4426,-153,1235,268,348
455085,158,-252,2369,295,1449,406,348
455090,603,-191,4062,303,913,558,348
455095,344,-284,2245,0,1317,722,348
455100,33,954,4496,-254,802,900,348
455105,-81,1032,1435,-450,662,776,348
455110,353,1626,6025,-347,-672,463,348
455115,276,1408,4390,133,-173,-69,348
455120,169,669,3678,473,-397,-556,348
455125,174,-39,4415,450,-947,-840,348
455130,56,-180,5498,525,-920,-932,348
455135,55,-664,5192,29,-535,-802,348
455140,-347,-953,4200,-271,-135,-452,348
455145,-378,-619,3674,-47,-110,-44,348
455150,-168,136,3987,-55,-184,379,348
455155,393,1171,2765,261,144,622,348
455160,479,710,4513,-308,238,502,348
455165,-30,163,2894,-5,547,341,348
455170,484,834,4878,90,-561,222,348
455175,878,1101,7805,253,-639,57,348
455180,122,837,3023,208,507,-103,348
455185,180,856,5743,685,-264,-381,348
455190,132,23,3608,294,183,-562,348
455195,-38,-551,3013,116,250,-554,348
455200,-122,-844,2762,162,-172,-427,348
455205,530,-386,5410,-120,-703,-95,348
455210,364,1134,3182,-604,50,226,348
455215,469,817,7069,-478,-458,160,348
455220,448,341,7744,-136,-23,79,348
455225,498,739,5384,32,866,110,348
455230,444,-16,5007,-35,1009,54,348
455235,435,37,3606,334,1371,75,348
455240,44,435,2103,1030,1307,-26,348
455245,168,-139,3406,621,524,-138,349
455250,546,285,3470,-343,623,-3,349
455255,-324,857,1706,-344,1043,-32,349
455260,-101,-3,1211,-566,46,-152,349
455265,399,80,6164,-176,-1435,-55,349
455270,-235,2105,5448,386,-836,-40,349
455275,-203,251,5927,-645,-574,-274,349
455280,-404,-307,5773,-474,-122,-311,349
455285,-279,220,4070,-255,107,-220,349
455290,179,674,4036,191,15,-273,349
455295,216,656,3269,433,135,-457,349
455300,535,746,4906,141,258,-717,349
455305,509,-560,2791,-639,995,-773,349
455310,793,216,5179,-863,-30,-330,349
455315,14,240,3446,-511,-14,-110,349
455320,685,607,5635,-787,-636,104,349
455325,566,951,4745,-479,-505,172,349
455330,401,1563,5565,-444,-748,60,349
455335,233,673,4182,-394,-273,-339,349
455340,158,-65,4510,103,-444,-729,349
455345,54,-483,5539,170,-188,-886,349
455350,-187,-822,3711,663,810,-1091,349
455355,92,-356,4929,612,580,-987,349
455360,1011,-846,4320,-699,441,-537,349
455365,634,-492,5715,-232,302,-92,349
455370,-372,122,2265,741,588,269,349
455375,238,1160,5270,625,-567,457,349
455380,409,944,4181,-457,-212,392,349
455385,40,766,4578,-698,-63,192,349
455390,-23,659,4450,-838,-67,-10,349
455395,-62,626,3633,-354,-38,-242,349
455400,94,370,3788,394,-127,-509,349
455405,352,208,4353,263,99,-581,349
455410,212,472,4332,-123,641,-552,349
455415,449,54,4862,-135,460,-634,349
455420,550,32,5393,649,259,-654,349
455425,174,-768,3472,-467,771,-470,349
455430,346,-729,4784,-97,76,-190,349
455435,40,594,2477,567,-14,15,349
455440,413,745,5893,680,-837,-4,349
455445,251,123,4770,204,-126,-39,349
455450,-217,29,3113,292,119,-62,349
455455,-37,210,4275,496,-407,-107,349
455460,-55,786,4953,703,-341,-191,349
455465,-348,763,3310,838,293,-360,349
455470,372,-312,4616,-290,-10,-330,349
455475,233,110,3984,-300,138,-122,349
455480,-39,-66,3576,134,-44,-42,349
455485,305,-180,5326,-142,-383,175,349
455490,287,415,3144,-508,151,391,349
455495,452,846,5209,-523,-239,382,349
455500,149,1094,4586,-630,-32,286,349
455505,-125,1165,3623,-426,112,29,349
455510,96,663,3352,-142,-98,-286,349
455515,-53,320,3122,242,-328,-400,349
455520,399,186,6183,-737,-409,-340,349
455525,739,32,5371,-1513,502,-225,349
455530,530,316,5398,-449,275,-292,349
455535,523,1131,7208,-183,-6,-412,349
455540,218,61,3895,-554,939,-522,349
455545,318,36,3128,456,543,-598,349
455550,-265,-286,1514,708,395,-673,349
455555,-76,46,1877,1015,-557,-614,349
455560,344,670,5293,1077,-1200,-609,349
455565,178,-42,4581,278,-205,-705,349
455570,-84,-673,2255,-441,438,-576,349
455575,132,-1471,4874,-1359,-551,-187,349
455580,131,582,7201,-1365,-607,313,349
455585,154,2062,5218,-1390,296,396,349
455590,209,669,5880,-741,-176,80,349
455595,307,1296,4888,-267,552,-1,349
455600,28,1064,1009,349,787,-231,350
455605,20,0,3880,844,-698,-515,350
455610,482,-371,5364,749,-703,-546,350
455615,447,-184,2974,-406,182,-436,350
455620,38,-539,1658,-1209,123,-349,350
455625,87,-134,4418,-1574,-1062,-208,350
455630,78,170,5567,-219,-1039,-228,350
455635,-15,421,4076,-216,-258,-115,350
455640,-52,648,5075,-74,-518,-68,350
455645,-176,59,3219,405,-63,-208,350
455650,113,-53,3560,775,-431,-166,350
455655,206,-347,3419,-486,-349,-2,350
455660,9,485,4801,-49,-567,45,350
455665,569,314,5240,-498,-578,-28,350
455670,708,833,6374,-464,-492,-108,350
455675,303,620,5492,-433,-126,-302,350
455680,245,-30,5941,306,-256,-518,350
455685,231,-504,3196,586,228,-448,350
455690,-305,-97,2800,427,60,-180,350
455695,17,38,3477,1033,-353,-115,350
455700,418,332,2915,448,-83,-45,350
455705,342,-206,2572,-358,5,32,350
455710,-162,178,2921,-663,-459,127,350
455715,-147,1329,4830,182,-1208,65,350
455720,208,1289,5742,-390,-993,-122,350
455725,-274,272,2638,-263,-556,-380,350
455730,197,-102,4309,-16,-1328,-378,350
455735,293,-685,4672,-69,-1174,-302,350
455740,263,-38,5444,-30,-1151,-119,350
455745,318,-206,5545,-898,-895,10,350
455750,603,-1237,4632,-777,-183,87,350
455755,221,636,4480,-618,-203,454,350
455760,283,673,4454,-570,-433,512,350
455765,612,1867,6426,-424,-389,380,350
455770,320,406,2633,-982,462,172,350
455775,333,94,3801,-563,-367,88,350
455780,428,550,3196,-714,-297,-4,350
455785,289,1373,4092,-922,-535,-179,350
455790,836,191,8701,-803,-783,-522,350
455795,-69,-857,1040,1062,422,-875,350
455800,692,491,7480,818,-1316,-871,350
455805,240,-2535,3775,1467,478,-919,350
455810,0,261,4675,2026,-15,-510,350
455815,-22,-1599,3570,1220,305,-176,350
455820,252,-1199,4140,661,554,270,350
455825,174,162,3163,688,508,696,350
455830,112,310,4721,1360,-99,760,350
455835,114,1684,4662,1420,231,763,350
455840,-46,985,2739,496,481,627,350
455845,4,709,4134,136,-44,504,350
455850,178,486,2557,40,-72,427,350
455855,254,869,3621,201,-890,452,350
455860,91,1020,5223,94,-1008,420,350
455865,-68,629,3653,-424,-353,356,350
455870,370,340,5824,-40,-730,269,350
455875,291,783,6170,27,-218,95,350
455880,86,165,4434,200,797,-155,350
455885,283,-428,3065,300,867,-227,350
455890,513,-1309,2295,242,231,-131,350
455895,972,-1052,2922,-12,-591,210,350
455900,399,476,4654,-422,-967,660,350
455905,219,7,5592,-66,-1152,781,350
455910,126,64,4930,376,-1171,858,350
455915,409,1038,6811,-34,-1079,871,350
455920,296,2253,6245,132,-21,527,350
455925,361,494,4482,-81,816,-68,351
455930,534,650,4894,64,835,-258,351
455935,152,1159,4757,-81,1341,-443,351
455940,-387,791,2555,-285,1941,-738,351
455945,-5,66,-684,76,1489,-927,351
455950,970,-313,3732,-150,40,-749,351
455955,202,-71,293,27,414,-403,351
455960,574,385,6760,-672,-1061,-81,351
455965,244,-452,5136,-1442,-722,246,351
455970,381,226,7855,-1100,-912,426,351
455975,416,947,4529,-906,6,235,351
455980,562,891,6284,-919,-320,-89,351
455985,214,629,3928,-672,532,-459,351
455990,-131,468,1923,55,715,-763,351
455995,54,243,3227,883,35,-1009,351
456000,489,-142,6648,43,117,-1027,351
456005,32,-1136,2321,-686,1505,-739,351
456010,179,-807,5171,-110,546,-367,351
456015,-33,-544,4457,38,653,-137,351
456020,390,16,3834,-73,582,108,351
456025,87,700,3490,104,450,146,351
456030,244,1125,2931,-564,158,163,351
456035,276,494,3945,-114,-330,-107,351
456040,434,606,5955,-251,-555,-228,351
456045,-40,798,5711,560,-223,-395,351
456050,485,542,5422,-209,172,-536,351
456055,701,-240,5985,-119,510,-602,351
456060,496,-161,4931,-402,742,-504,351
456065,270,-153,3097,-80,930,-460,351
456070,231,-32,3331,-40,663,-417,351
456075,19,212,1785,222,481,-306,351
456080,-92,450,3802,-24,-55,-177,351
456085,-57,242,3110,-455,376,-167,351
456090,287,137,2109,-824,341,-126,351
456095,501,582,4747,-1486,-500,-92,351
456100,505,668,8191,-1486,-908,-178,351
456105,68,831,7338,-437,-233,-401,351
456110,212,215,6940,-203,305,-575,351
456115,261,-230,6551,71,952,-594,351
456120,-233,-793,270,246,1857,-495,351
456125,128,-1350,2837,9,374,-196,351
456130,359,-804,5095,651,195,202,351
456135,267,-222,2441,-644,1225,621,351
456140,693,1007,5151,-1358,752,800,351
456145,716,1506,5379,-119,198,544,351
456150,719,1244,4385,388,-168,70,351
456155,167,973,2655,964,-410,-491,351
456160,399,1321,6022,680,-1239,-963,351
456165,227,-696,4567,-136,-722,-1348,351
456170,54,-614,4607,-62,-1170,-1274,351
456175,325,-42,7235,-584,-1324,-1160,351
456180,296,-926,6146,-493,-77,-1024,351
456185,-205,179,3010,-211,809,-655,351
456190,176,-182,4094,-320,315,-439,351
456195,175,855,3629,447,450,-287,351
456200,-31,1168,3258,896,396,-432,351
456205,337,-750,6294,235,133,-571,351
456210,282,-834,2916,412,1130,-319,351
456215,390,-60,6550,717,109,-79,351
456220,381,75,4173,919,785,11,351
456225,-105,486,693,1158,899,-7,351
456230,28,624,1997,1715,-417,-238,351
456235,586,643,7263,935,-631,-424,351
456240,339,209,3600,-763,1093,-388,351
456245,-537,-1444,-2111,-1296,795,-248,351
456250,471,538,8572,-441,-2074,-9,351
456255,74,683,4433,-945,-529,83,352
456260,-12,979,4738,-337,-738,88,352
456265,177,-273,6110,40,-721,15,352
456270,-109,-677,2575,-220,-67,233,352
456275,90,101,3871,314,-927,329,352
456280,262,272,3513,394,-1210,262,352
456285,135,843,2932,381,-1038,145,352
456290,156,-356,4858,-270,-1076,-28,352
456295,322,515,4044,-709,-537,23,352
456300,391,558,3279,-1392,-191,-33,352
456305,712,1191,9357,-1000,-630,-291,352
456310,872,701,7185,147,132,-601,352
456315,439,-705,5452,-753,312,-561,352
456320,419,-742,3792,-290,121,-221,352
456325,165,384,1821,745,-318,-12,352
456330,523,887,3964,687,-1284,79,352
456335,105,1219,2588,1097,-1255,-172,352
456340,-8,903,3788,1044,-1643,-587,352
456345,315,-850,2607,11,-1414,-822,352
456350,180,-1280,3787,-322,-1656,-647,352
456355,-570,-758,3825,-320,-1620,-246,352
456360,-244,103,5872,-72,-2116,71,352
456365,102,-347,5410,366,-1670,253,352
456370,-13,191,3865,1002,-1131,434,352
456375,391,410,5356,1094,-1025,433,352
456380,1565,212,8261,-1257,-677,631,352
456385,1500,344,5993,-1749,785,709,352
456390,515,1422,6644,-626,510,481,352
456395,899,1250,7184,-293,409,110,352
456400,418,580,1053,-142,1488,-250,352
456405,748,531,2175,-269,260,-373,352
456410,520,252,3718,174,-320,-442,352
456415,95,-328,1056,431,-119,-411,352
456420,109,-1070,2531,344,-1026,-303,352
456425,422,141,4998,23,-1261,-72,352
456430,-40,-149,2076,-291,-362,-79,352
456435,-244,-186,5829,-313,-798,-92,352
456440,61,-1353,3148,-90,-152,-31,352
456445,755,-736,10239,-316,-882,385,352
456450,630,929,4695,647,880,594,352
456455,489,916,6138,-195,446,537,352
456460,499,-328,5986,-22,864,312,352
456465,459,369,4878,736,887,353,352
456470,64,554,2031,234,1068,390,352
456475,154,55,2820,-492,467,367,352
456480,353,183,3614,-292,341,370,352
456485,328,507,2041,225,304,253,352
456490,660,874,4089,464,-481,-49,352
456495,114,-180,4884,634,-338,-422,352
456500,92,106,5772,913,-314,-432,352
456505,94,653,4646,978,131,-528,352
456510,232,-2034,4428,1131,-1,-675,352
456515,739,-1292,5252,916,-171,-22,352
456520,-62,-991,2777,479,265,663,352
456525,-201,242,4050,668,-381,1167,352
456530,13,812,5117,28,-424,1318,352
456535,181,576,4278,-958,-25,1343,352
456540,131,900,3735,-475,106,1263,352
456545,97,1741,1276,20,-218,945,352
456550,499,2765,5870,828,-1167,197,352
456555,52,550,3105,332,120,-481,353
456560,93,448,3908,-722,-245,-531,353
456565,451,148,4362,-1807,-443,-466,353
456570,-96,478,1662,-1308,101,-590,353
456575,31,1070,4188,-738,-688,-745,353
456580,234,255,6788,-35,-674,-894,353
456585,652,-117,4146,911,325,-987,353
456590,668,-2059,5765,678,146,-1019,353
456595,1038,-1308,7302,460,-50,-391,353
456600,878,-458,7008,197,531,-64,353
456605,350,-1069,4567,565,1003,-53,353
456610,544,-532,3886,1434,493,176,353
456615,470,-655,1653,752,626,374,353
456620,531,299,4813,435,-62,637,353
456625,399,1247,3645,813,336,606,353
456630,582,1549,4317,534,177,346,353
456635,433,1287,6222,403,340,28,353
456640,-268,1416,3605,366,1239,-240,353
456645,57,977,3372,644,886,-633,353
456650,287,16,3332,591,645,-884,353
456655,141,-821,2085,21,621,-681,353
456660,-199,-176,1821,-397,-109,-219,353
456665,21,845,5933,-1355,-977,67,353
456670,-238,988,2832,-1315,-84,72,353
456675,29,393,4805,-875,-632,-135,353
456680,436,64,5912,123,-672,-338,353
456685,305,-38,4585,912,-241,-447,353
456690,408,117,6654,67,-137,-452,353
456695,434,-804,5872,-503,582,-511,353
456700,149,-1204,2557,-255,812,-284,353
456705,248,-23,3748,319,306,-19,353
456710,131,703,3176,391,590,27,353
456715,350,684,3972,278,475,-55,353
456720,539,926,4648,376,658,-288,353
456725,195,220,2968,370,905,-466,353
456730,518,-1799,2925,55,79,-407,353
456735,980,-566,6465,-611,-650,108,353
456740,44,1132,3258,-712,169,439,353
456745,386,74,3899,-1296,-589,471,353
456750,238,1785,4070,-1135,-975,555,353
456755,-322,2222,4063,-825,-804,200,353
456760,27,1041,3763,-303,-720,-475,353
456765,235,-274,4941,412,-1108,-897,353
456770,-212,-205,3111,582,-519,-889,353
456775,362,-880,7011,-5,-342,-830,353
456780,471,-1666,5428,16,481,-532,353
456785,317,86,7159,716,315,-312,353
456790,673,-554,3535,-118,1043,-197,353
456795,651,-467,4833,-623,436,116,353
456800,1,-219,1916,192,370,196,353
456805,292,361,2217,798,-623,241,353
456810,468,408,3821,620,-1188,253,353
456815,149,-86,2974,744,-988,160,353
456820,357,571,5142,751,-1168,120,353
456825,512,1414,5001,-123,-336,78,353
456830,-117,487,942,114,279,-189,353
456835,326,529,9024,640,-721,-440,353
456840,298,1697,5019,887,890,-614,353
456845,517,141,4950,58,559,-813,353
456850,618,-892,5408,-169,724,-728,353
456855,236,-191,3717,-128,1111,-409,354
456860,156,-77,3174,-259,584,-220,354
456865,333,-1171,3574,-186,92,-97,354
456870,116,658,3563,95,83,216,354
456875,-187,1672,1620,94,-143,155,354
456880,212,518,4729,360,-1128,-233,354
456885,524,138,4457,-178,-508,-373,354
456890,-87,-476,2201,-1098,-52,-234,354
456895,84,-376,6034,-1322,-1017,22,354
456900,224,710,5385,-1271,-521,295,354
456905,78,762,4449,-434,-273,239,354
456910,173,557,3953,-199,-127,185,354
456915,337,77,3108,-550,98,127,354
456920,957,241,4481,-1075,-443,17,354
456925,331,59,3217,-1199,-586,-31,354
456930,626,1224,5020,-267,-1456,-330,354
456935,627,907,2338,-272,-1241,-795,354
456940,868,580,5306,-383,-2197,-1119,354
456945,402,470,4421,-315,-2021,-1268,354
456950,239,-24,4751,464,-2111,-1491,354
456955,176,-2179,5488,967,-2064,-1548,354
456960,241,-878,6515,1227,-1766,-1054,354
456965,188,-1071,4928,261,-1032,-490,354
456970,564,-684,5830,570,-765,-1,354
456975,40,-474,5315,454,-227,440,354
456980,561,179,7033,263,-91,708,354
456985,262,1167,3772,197,979,750,354
456990,440,62,2506,-108,1013,572,354
456995,660,1223,2229,-217,594,539,354
457000,476,2120,2459,-244,62,245,354
457005,618,1142,4215,358,-447,-362,354
457010,1092,386,4898,-698,-267,-595,354
457015,486,-375,4835,-379,122,-752,354
457020,103,-633,2997,-408,-85,-603,354
457025,380,411,6745,114,-826,-359,354
457030,318,-451,3802,454,440,-282,354
457035,286,61,2868,770,371,-130,354
457040,464,-104,5840,503,-192,-32,354
457045,910,-888,5354,-214,420,106,354
457050,785,157,6192,-593,537,434,354
457055,-29,47,4451,-878,997,547,354
457060,414,505,4299,-801,700,485,354
457065,396,719,5873,-812,715,368,354
457070,-131,444,2353,-411,1495,303,354
457075,107,611,2416,-351,892,318,354
457080,388,1065,3242,79,242,177,354
457085,313,1448,1744,459,259,-236,354
457090,-299,-377,3355,817,-141,-728,354
457095,365,-1280,166,1427,-242,-802,354
457100,462,-950,4241,1835,-1668,-503,354
457105,1451,-1348,11665,1290,-2520,-275,354
457110,911,-1223,6504,99,-736,84,354
457115,324,-881,7482,-185,-407,390,354
457120,656,-626,9044,815,-129,712,354
457125,969,1652,4598,424,1487,1017,354
457130,-31,494,4314,-24,1977,674,354
457135,78,1124,3139,64,2252,587,354
457140,421,2787,1215,133,1859,314,354
457145,288,571,1639,124,1315,-443,354
457150,571,1209,671,593,1057,-602,354
457155,867,1023,4841,-765,481,-630,355
457160,-192,308,992,-685,939,-667,355
457165,1179,957,13360,-1626,-1216,-412,355
457170,426,120,5682,-184,623,-714,355
457175,441,-150,5405,186,36,-906,355
457180,211,-424,5167,-103,400,-872,355
457185,36,-1213,5121,34,935,-821,355
457190,-371,-1435,1174,360,988,-618,355
457195,-203,-45,198,1020,111,-318,355
457200,576,116,4414,-44,-854,-85,355
457205,371,-300,4336,-1610,-189,186,355
457210,-218,518,632,-2115,868,592,355
457215,-157,407,2805,-1726,-126,765,355
457220,61,2638,2962,-1829,-699,666,355
457225,848,2032,10321,-467,-1771,35,355
457230,1100,1099,8847,-903,421,-376,355
457235,135,360,4992,-126,1533,-709,355
457240,429,-842,3644,486,737,-956,355
457245,722,-1684,3275,-126,226,-834,355
457250,424,-433,5539,317,-59,-434,355
457255,311,-1116,3264,30,897,-153,355
457260,325,-540,4447,-618,912,215,355
457265,126,-103,4164,89,779,380,355
457270,717,608,5946,83,573,418,355
457275,735,461,5944,462,1411,278,355
457280,542,339,3338,-82,1797,237,355
457285,152,825,2834,259,1407,132,355
457290,42,729,3149,1191,828,-218,355
457295,514,1188,4638,826,470,-431,355
457300,88,697,1601,-514,1082,-653,355
457305,-268,479,3584,-423,454,-879,355
457310,144,-716,3799,-195,-148,-982,355
457315,105,-626,2758,-447,-183,-644,355
457320,-269,289,3483,-548,-385,-302,355
457325,-321,36,3543,-62,-657,-104,355
457330,-50,287,4817,646,-731,-67,355
457335,403,-219,4336,-628,-89,-153,355
457340,483,133,4361,-1998,-25,-59,355
457345,789,171,8700,-1909,-542,-36,355
457350,791,177,6276,-1597,369,-251,355
457355,871,775,8233,114,21,-357,355
457360,496,354,5811,-292,1061,-483,355
457365,166,270,2325,523,1498,-739,355
457370,-256,-2141,-603,1505,570,-920,355
457375,618,-1443,2543,766,-807,-454,355
457380,285,-238,875,798,-414,8,355
457385,166,-343,5013,-103,-1219,240,355
457390,211,-644,3793,-1378,-785,475,355
457395,252,421,5494,-1406,-1165,761,355
457400,649,1573,10003,-1005,-1013,674,355
457405,-62,1519,6509,-640,789,289,355
457410,286,774,6569,730,1017,-243,355
457415,616,1616,5733,1265,1523,-522,355
457420,916,1082,5749,-345,1707,-717,355
457425,635,-676,4975,-765,2178,-909,355
457430,151,-486,-765,-702,3135,-840,355
457435,721,632,4035,3,1363,-869,355
457440,1142,836,2906,50,788,-1078,355
457445,823,-810,3777,366,-106,-1207,355
457450,543,-1344,4511,-308,-859,-908,355
457455,233,-670,2441,371,-1497,-601,356
457460,392,-189,6987,265,-2513,-417,356
457465,-844,-151,3222,-317,-1059,-306,356
457470,-1228,241,3540,-625,-1455,-273,356
457475,288,565,5894,-613,-1591,-325,356
457480,179,-247,4176,-240,-307,-391,356
457485,43,154,1760,229,159,-365,356
457490,262,601,2814,-111,-722,-296,356
457495,59,106,5211,-589,-961,-295,356
457500,150,-698,4052,-1516,-408,-81,356
457505,276,1252,3673,-1077,-707,204,356
457510,300,-1113,5970,-1169,-1202,187,356
457515,1164,254,7168,-1637,-843,514,356
457520,868,703,6670,-757,-389,327,356
457525,746,-1547,8425,-219,-139,134,356
457530,286,-223,5400,338,1186,249,356
457535,358,-1207,2664,86,1440,337,356
457540,347,-348,4077,234,624,485,356
457545,772,1057,2497,599,649,482,356
457550,70,1411,2300,825,484,145,356
457555,427,106,3433,175,135,-280,356
457560,249,-629,1541,-522,-180,-268,356
457565,538,893,5263,-315,-1733,-193,356
457570,247,754,7087,-78,-1430,-421,356
457575,-34,-94,4937,-630,-494,-506,356
457580,151,-321,6828,-275,-588,-496,356
457585,675,-668,5883,-237,-159,-338,356
457590,450,531,3909,15,262,-218,356
457595,172,-16,4694,273,315,-330,356
457600,97,333,1458,893,377,-314,356
457605,48,276,1929,602,-444,-264,356
457610,406,-36,5206,220,-573,-324,356
457615,31,-268,2265,418,463,-373,356
457620,-180,-1073,1516,24,-178,-317,356
457625,70,-134,5399,-714,-1093,-15,356
457630,174,-108,4895,-938,-515,1,356
457635,710,-408,5696,-178,-894,42,356
457640,949,-120,8108,-112,-1250,256,356
457645,-64,-22,4113,-62,-21,354,356
457650,-52,-186,3616,196,-281,427,356
457655,-26,379,3262,310,-489,516,356
457660,229,592,4548,-46,-229,427,356
457665,740,961,5637,-868,374,304,356
457670,276,603,5103,-747,1000,62,356
457675,39,158,3428,-389,1042,-236,356
457680,586,-434,3748,-33,240,-302,356
457685,1135,-249,5756,-858,-118,-10,356
457690,620,-785,2016,-723,447,222,356
457695,309,-707,4842,-276,-717,492,356
457700,361,381,3738,66,-709,703,356
457705,-24,773,3771,-90,-635,553,356
457710,-426,829,2276,59,-649,117,356
457715,117,304,5197,662,-1107,-387,356
457720,501,732,3264,309,-242,-757,356
457725,48,-557,5512,299,51,-1144,356
457730,126,-1339,4540,1269,36,-1000,356
457735,541,-828,6190,308,-101,-431,356
457740,176,-1501,4351,-778,880,129,356
457745,545,-905,4078,-266,694,696,356
457750,642,48,6334,-45,62,1191,356
457755,206,917,2200,98,669,1369,356
457760,374,569,2410,-130,13,1200,356
457765,614,1038,5821,-328,-595,1027,356
457770,477,1128,240,-517,49,777,356
457775,582,1687,6003,-716,-1185,402,356
457780,375,1155,4302,-280,-645,-127,356
457785,147,1550,5140,-180,-624,-599,357
457790,272,615,6103,328,-389,-1175,357
457795,456,-865,4984,188,389,-1577,357
457800,287,-1427,4520,222,745,-1446,357
457805,215,-1848,3118,-57,720,-1070,357
457810,82,-1760,1927,13,431,-589,357
457815,-95,-1211,2701,125,-95,73,357
457820,186,-600,4125,74,-240,590,357
457825,249,355,4209,-755,-103,914,357
457830,171,236,4734,-552,-266,903,357
457835,376,1108,6558,-418,-419,844,357
457840,614,2425,5709,-813,309,515,357
457845,654,1683,5469,-786,407,-58,357
457850,563,969,4553,-266,311,-654,357
457855,519,677,3543,-224,296,-1010,357
457860,147,-218,3142,193,15,-1286,357
457865,-28,-2060,810,871,-201,-1360,357
457870,155,-96,3916,1006,-1256,-1013,357
457875,171,-1254,4814,261,-930,-844,357
457880,-36,-1629,2591,-325,79,-579,357
457885,55,-2058,3156,-500,-631,-85,357
457890,708,-345,7231,-1348,-1337,541,357
457895,202,1718,6547,-1308,-358,722,357
457900,525,1599,5359,-1090,-80,522,357
457905,820,1874,5982,-710,52,111,357
457910,153,1015,3328,-393,837,-293,357
457915,225,1461,4206,-514,487,-606,357
457920,321,949,1319,10,634,-1168,357
457925,549,-700,1469,-922,-129,-1426,357
457930,447,-1635,5431,-826,-877,-1236,357
457935,106,-1002,1874,-939,-693,-921,357
457940,691,-1402,8290,-1326,-2110,-759,357
457945,483,-1024,6876,-1906,-663,-318,357
457950,132,117,4629,-288,225,-26,357
457955,407,181,6750,-195,101,-15,357
457960,613,406,4986,779,1111,-368,357
457965,349,-999,4464,1534,1201,-661,357
457970,1036,-776,6767,1571,885,-461,357
457975,507,-979,2891,807,1955,-173,357
457980,141,-793,1149,224,1345,90,357
457985,556,645,5459,686,-48,301,357
457990,310,787,4236,1114,601,164,357
457995,-166,163,3734,-4,941,123,357
458000,-454,280,2623,318,938,70,357
458005,364,816,4648,210,-113,-64,357
458010,538,639,4291,242,-24,-280,357
458015,85,21,2555,163,171,-399,357
458020,36,79,2547,376,-615,-369,357
458025,272,-152,2923,-124,-1123,-340,357
458030,276,-157,3573,219,-1391,-245,357
458035,455,422,6097,-340,-1645,-136,357
458040,153,-504,5060,-2025,-799,-171,357
458045,570,-1392,8577,-2067,-660,-18,357
458050,630,468,6994,-1875,441,399,357
458055,400,1454,5575,-835,1008,259,357
458060,956,585,5558,329,1004,-356,357
458065,779,-223,3301,711,1534,-600,357
458070,104,-770,3088,1184,1178,-540,357
458075,361,-444,-193,1630,426,-577,357
458080,819,365,4372,1241,-855,-651,357
458085,373,-924,2406,624,-283,-614,358
458090,80,-590,4131,-234,-1155,-405,358
458095,191,-403,7475,-674,-1368,-244,358
458100,28,-269,4690,-701,-406,-74,358
458105,119,-288,4165,315,-850,-10,358
458110,215,600,5989,868,-1214,-24,358
458115,-15,205,2160,827,-307,-102,358
458120,26,-131,5123,913,-1167,-118,358
458125,13,100,2753,933,-487,-69,358
458130,430,-467,3225,-838,-432,124,358
458135,148,1022,3884,-663,-512,338,358
458140,965,1348,6804,-1765,-879,202,358
458145,1119,779,7934,-1775,-227,-86,358
458150,802,265,7014,-1208,584,-262,358
458155,322,393,3526,-413,1091,-398,358
458160,619,-1100,4232,-186,580,-477,358
458165,694,-335,3013,241,851,-285,358
458170,148,-978,1303,-189,816,-154,358
458175,681,-1368,4808,-392,-222,52,358
458180,877,-69,2312,-1202,-206,504,358
458185,180,1436,4878,-847,-1269,500,358
458190,519,1215,6466,-797,-1386,223,358
458195,-255,1265,4459,-304,-458,-298,358
458200,-540,44,5260,346,-254,-950,358
458205,-348,-561,2861,770,314,-1168,358
458210,357,-1621,3477,428,-154,-963,358
458215,791,-272,4788,-279,-328,-429,358
458220,377,-647,2680,-326,41,-198,358
458225,-19,-1368,2444,22,-590,58,358
458230,129,-562,4812,-814,-1341,534,358
458235,51,208,5945,-1447,-1167,800,358
458240,170,603,5082,-638,-752,847,358
458245,499,153,4902,-533,-457,746,358
458250,505,432,6260,156,-90,542,358
458255,601,1303,4696,-208,462,219,358
458260,866,-560,4225,82,372,-316,358
458265,564,-185,2774,-68,285,-374,358
458270,99,-79,4041,-49,-100,-469,358
458275,-9,-1206,1347,-188,-170,-496,358
458280,488,82,2488,415,-1223,-181,358
458285,1078,47,6205,455,-1870,-119,358
458290,680,-243,5455,574,-1366,-137,358
458295,-87,-621,5021,469,-1071,-62,358
458300,59,-228,6066,696,-885,-36,358
458305,98,-294,5993,513,-260,-58,358
458310,419,560,2840,-148,184,14,358
458315,367,399,4074,-120,-97,-11,358
458320,471,711,7419,313,80,-102,358
458325,541,260,3412,-391,1075,-146,358
458330,535,-306,5857,-326,507,-108,358
458335,800,174,3700,153,702,-92,358
458340,153,-1160,3580,230,620,-55,358
458345,138,-60,1267,582,720,108,358
458350,322,-88,4710,849,-225,60,358
458355,271,141,3342,-324,115,111,358
458360,196,74,4350,-580,124,27,358
458365,151,-1133,2665,-148,228,-76,358
458370,166,-563,4634,-431,-383,107,358
458375,844,-415,3774,-528,-435,291,358
458380,1164,910,7367,-218,-1329,458,358
458385,747,712,6964,18,-645,431,359
458390,464,19,5093,357,-106,346,359
458395,327,321,5723,783,-306,168,359
458400,37,272,2828,435,327,-44,359
458405,-149,326,1200,441,288,-297,359
458410,-156,-143,892,1554,-103,-685,359
458415,799,-1152,6135,575,-514,-687,359
458420,248,-1079,1089,-1233,1078,-213,359
458425,-460,-680,1076,-24,279,-35,359
458430,1319,1768,10979,-180,-1306,155,359
458435,300,-201,5555,94,1274,-53,359
458440,300,1126,6317,127,904,-172,359
458445,483,-246,3894,-186,1626,-497,359
458450,442,43,580,-157,1467,-501,359
458455,934,458,4286,190,-14,-441,359
458460,337,-72,2599,126,-341,-569,359
458465,488,-1379,6398,76,-1091,-523,359
458470,553,-2288,4402,-23,-419,-161,359
458475,592,-443,5486,-219,-549,322,359
458480,248,686,4439,-700,-304,554,359
458485,-49,276,3226,-238,126,334,359
458490,-43,979,3975,355,15,-3,359
458495,-483,1564,3983,1159,-83,-347,359
458500,501,-571,2380,19,-10,-548,359
458505,771,-1013,1275,-2165,-70,-150,359
458510,88,1733,2469,-2420,-882,130,359
458515,218,574,9170,-1953,-2311,-35,359
458520,222,1230,3019,-867,-794,-182,359
458525,954,-1400,10228,-731,-1125,-667,359
458530,1062,-1160,8535,524,670,-662,359
458535,293,-2771,2080,-225,1610,-312,359
458540,157,-406,3229,-409,843,132,359
458545,427,-89,1799,-714,1149,175,359
458550,744,523,3538,-496,530,112,359
458555,558,1488,4709,-223,167,-133,359
458560,205,-173,2859,-109,516,-571,359
458565,160,249,2580,-27,-153,-672,359
458570,475,303,5994,-160,-904,-746,359
458575,-231,-767,1035,1035,165,-920,359
458580,610,-1671,6398,238,-1260,-678,359
458585,617,-1270,6481,-1424,-596,-275,359
458590,831,-549,8397,-978,-327,142,359
458595,152,862,5384,-1079,811,469,359
458600,784,771,6431,141,510,37,359
458605,881,1090,5777,1093,783,-285,359
458610,38,-607,403,591,1549,-485,359
458615,423,44,4129,789,165,-567,359
458620,653,-533,3758,212,401,-640,359
458625,201,-810,2126,-171,554,-529,359
458630,-228,-494,2281,-406,178,-324,359
458635,231,145,4912,-571,-420,-263,359
458640,457,780,3122,-683,-84,-344,359
458645,668,-444,3391,-356,-594,-484,359
458650,61,297,1653,-310,-552,-385,359
458655,-272,317,4852,181,-1312,-532,359
458660,536,-768,6324,184,-1429,-619,360
458665,529,-1077,4146,-829,-864,-367,360
458670,220,-1053,5936,-940,-917,-145,360
458675,-11,-126,5856,-938,-464,82,360
458680,120,-12,3774,118,-113,105,360
458685,254,-420,2408,903,-149,44,360
458690,1327,316,7673,345,-654,53,360
458695,1094,-158,2955,-401,724,-24,360
458700,671,-165,3848,205,-93,55,360
458705,464,331,6223,207,-477,-38,360
458710,523,-119,4665,280,312,-170,360
458715,139,-696,3419,122,355,-190,360
458720,268,20,2868,-461,180,-69,360
458725,190,547,2193,345,-193,-69,360
458730,680,-16,4330,674,-828,-164,360
458735,141,-313,1284,-3,-284,-175,360
458740,248,-497,6889,-439,-968,-102,360
458745,253,-1274,3622,-1151,-80,152,360
458750,645,-382,7259,-879,-804,421,360
458755,464,1024,4350,-1651,-104,532,360
458760,1342,910,6948,-259,-666,252,360
458765,849,2123,4503,-98,-320,-59,360
458770,533,482,4847,730,-439,-827,360
458775,98,-501,2634,967,-607,-1200,360
458780,292,-895,4884,607,-1389,-1227,360
458785,247,-271,4308,-6,-973,-1031,360
458790,442,-1300,3260,-4,-567,-911,360
458795,491,-1822,7604,-367,-613,-497,360
458800,-108,-116,2927,-980,846,117,360
458805,491,-312,5544,-327,255,340,360
458810,300,-563,4017,-62,1029,430,360
458815,203,34,4178,-496,1072,571,360
458820,281,805,1759,-788,992,617,360
458825,1055,540,6482,-426,-223,513,360
458830,483,909,1840,-421,231,302,360
458835,329,517,2652,-456,-576,14,360
458840,330,689,3164,-153,-1439,-280,360
458845,371,580,2363,101,-1843,-634,360
458850,355,-338,4465,114,-1992,-985,360
458855,1169,-1475,8374,-416,-1859,-880,360
458860,908,-1572,9240,100,-1540,-489,360
458865,-7,-1361,4012,458,-289,-92,360
458870,600,-1387,8616,79,-285,346,360
458875,529,62,4133,167,1500,762,360
458880,668,1350,4077,143,1519,826,360
458885,358,507,3645,916,1880,372,360
458890,1260,-558,3932,686,1537,-101,360
458895,904,-1553,2194,-604,1051,186,360
458900,1111,263,5806,-1080,-345,687,360
458905,191,1723,3540,-340,-28,699,360
458910,444,844,4245,124,-664,160,360
458915,-153,835,3801,629,-453,-370,360
458920,97,-885,3579,154,8,-780,360
458925,345,-1429,2930,-724,1,-566,360
458930,251,-228,3783,-174,-353,-319,360
458935,40,87,3892,742,-86,-396,361
458940,247,-1370,3914,899,182,-395,361
458945,388,-1772,4788,1362,71,-56,361
458950,217,-1492,4331,573,499,431,361
458955,-69,-1064,1498,58,1030,778,361
458960,965,662,7855,-196,52,1007,361
458965,461,103,3874,-293,1163,963,361
458970,196,1818,2489,-725,505,919,361
458975,640,2367,1550,-680,-299,482,361
458980,820,1900,8666,-448,-1184,-269,361
458985,953,733,3439,180,126,-1061,361
458990,1442,-2042,7685,-70,-489,-1503,361
458995,258,-1237,4936,373,99,-1300,361
459000,471,-831,5307,123,-367,-832,361
459005,414,-770,2681,-262,486,-565,361
459010,-12,-699,4147,211,259,-356,361
459015,-74,-1130,2274,209,280,-60,361
459020,218,-938,3156,-359,-94,353,361
459025,289,1020,2366,-1055,10,696,361
459030,85,-727,3511,-1479,123,567,361
459035,-140,2575,693,-904,681,331,361
459040,1153,669,12245,111,-345,-222,361
459045,740,-223,6456,445,2418,-663,361
459050,117,-908,3073,-41,2544,-827,361
459055,573,-1616,1835,89,1768,-792,361
459060,799,-411,966,-131,926,-364,361
459065,-224,289,121,750,8,-196,361
459070,516,523,2137,793,-1284,-178,361
459075,157,345,4245,644,-1592,-440,361
459080,-8,-646,3843,-503,-784,-594,361
459085,-165,-900,2242,-912,-564,-548,361
459090,722,-504,7446,-343,-2038,-485,361
459095,497,-1149,5360,344,-1267,-516,361
459100,375,-937,6871,-277,-1144,-181,361
459105,298,-369,5672,-43,-111,200,361
459110,-261,160,3046,435,149,316,361
459115,709,524,8069,529,-394,185,361
459120,766,-481,2961,-477,1249,114,361
459125,485,-435,4162,-871,628,212,361
459130,422,517,2908,-627,411,258,361
459135,573,708,4464,-284,-220,172,361
459140,576,975,2587,53,205,-42,361
459145,544,-321,2884,39,-94,-349,361
459150,919,-30,5273,-228,-329,-467,361
459155,324,-482,2605,-4,196,-544,361
459160,689,-147,8435,310,-917,-726,361
459165,141,-1408,4316,-211,498,-739,361
459170,599,-1415,5455,-509,29,-323,361
459175,257,435,2711,-95,432,59,361
459180,363,106,3105,311,175,-26,361
459185,342,-173,2180,1089,-2,-214,361
459190,572,-433,4413,1152,-648,-238,361
459195,425,-723,3358,-9,-52,-95,361
459200,-203,0,2591,-231,-178,76,361
459205,410,1080,5436,220,-1351,17,362
459210,487,-825,4616,-234,-1073,-168,362
459215,303,-497,4250,41,-1104,46,362
459220,-171,-151,2219,-65,-937,277,362
459225,1268,307,9394,-738,-1704,328,362
459230,655,-298,5695,-971,-70,177,362
459235,100,111,3750,-828,-45,74,362
459240,458,944,6401,-141,-559,-200,362
459245,520,613,3247,159,516,-644,362
459250,97,-933,266,782,546,-1046,362
459255,954,-1809,5545,1197,-850,-982,362
459260,674,-864,3203,-837,412,-351,362
459265,-130,-1728,1574,-943,694,-18,362
459270,814,155,7481,-1216,-613,383,362
459275,1863,2967,5751,-1989,232,561,362
459280,916,-64,5147,-1175,212,25,362
459285,953,569,8113,-93,-671,29,362
459290,574,1042,5006,-295,150,-121,362
459295,217,-828,2980,-109,71,-575,362
459300,835,-918,5099,-433,-500,-551,362
459305,315,-110,1916,-639,234,-480,362
459310,35,473,2051,-3,-413,-583,362
459315,270,-515,2495,946,-1081,-937,362
459320,1172,-893,5500,447,-1564,-980,362
459325,231,-1140,1071,-15,-909,-658,362
459330,459,-1205,5795,309,-2477,-512,362
459335,495,-847,8616,756,-2242,-278,362
459340,469,-980,6630,123,-852,62,362
459345,514,-959,7085,-320,-439,414,362
459350,367,356,5715,-399,255,713,362
459355,194,271,2927,-362,925,611,362
459360,365,918,3396,311,711,389,362
459365,237,945,3187,524,870,9,362
459370,345,-85,908,240,838,-321,362
459375,727,-86,1429,-312,54,-330,362
459380,878,-261,5282,829,-713,-609,362
459385,1090,-1019,6806,1009,-450,-719,362
459390,250,-1551,3367,343,499,-528,362
459395,606,-1204,5768,-6,-69,-4,362
459400,206,299,3846,362,252,185,362
459405,1067,-2,6006,123,-216,39,362
459410,683,-637,1815,-166,280,111,362
459415,404,-170,4876,18,-730,267,362
459420,147,-439,3365,434,-606,465,362
459425,299,-357,3096,610,-917,622,362
459430,1348,1883,10088,-421,-959,584,362
459435,-129,-457,2565,-411,1855,25,362
459440,695,-282,6322,-2,503,-86,362
459445,1191,-254,5616,140,501,-81,362
459450,819,499,4140,604,670,-103,362
459455,328,-1614,4293,885,306,-237,362
459460,481,-922,3186,413,94,-55,362
459465,387,-639,1628,194,-388,95,362
459470,655,380,6236,298,-1043,182,362
459475,222,101,3290,-688,272,6,362
459480,271,-476,5668,-105,240,-51,363
459485,162,192,4208,562,414,-35,363
459490,794,-286,5381,611,191,-101,363
459495,533,198,4760,810,697,-84,363
459500,132,-428,2135,639,1118,-129,363
459505,-413,206,2994,473,604,-43,363
459510,-102,-135,1753,694,331,-180,363
459515,970,-1940,3635,827,-516,-299,363
459520,1501,-97,6249,-1986,-520,280,363
459525,926,472,8818,-444,-152,367,363
459530,217,208,5144,-56,-248,361,363
459535,684,190,6067,358,-163,263,363
459540,130,-174,3691,769,850,116,363
459545,576,306,4666,-420,652,98,363
459550,96,-27,-559,-1363,1482,-94,363
459555,240,232,4502,-1697,512,-128,363
459560,488,888,1489,-1987,1233,-153,363
459565,655,276,2943,-984,-152,-449,363
459570,1069,458,8603,-171,-1256,-566,363
459575,282,-524,3389,-89,103,-596,363
459580,525,-364,5922,319,-788,-794,363
459585,314,-2522,2617,-473,-454,-754,363
459590,455,-754,4502,-1237,-1131,-235,363
459595,409,1316,3769,-844,-700,-98,363
459600,153,320,3140,181,-401,-428,363
459605,157,-832,3485,1400,-717,-623,363
459610,191,-658,1130,1662,-524,-538,363
459615,50,-1499,2054,1732,-851,-396,363
459620,1326,858,11185,-41,-1266,-150,363
459625,59,-1562,1257,-59,1070,-139,363
459630,671,892,8543,120,-635,120,363
459635,852,912,6151,-179,834,79,363
459640,225,1096,3418,-165,1256,10,363
459645,990,644,3467,-497,756,-240,363
459650,1000,-373,4936,-875,587,-506,363
459655,139,-410,1720,-1050,804,-442,363
459660,160,28,2530,-688,-246,-487,363
459665,295,-455,2393,-69,-585,-653,363
459670,179,-1689,816,328,-611,-716,363
459675,429,-1456,5243,404,-993,-318,363
459680,477,467,5809,-380,-286,-27,363
459685,51,-512,4105,-287,105,63,363
459690,913,800,6719,-623,-32,229,363
459695,796,1278,7263,-840,909,24,363
459700,726,976,3690,-386,1623,-385,363
459705,502,1063,2964,-70,1270,-781,363
459710,407,-773,209,353,1089,-1099,363
459715,937,-2108,2984,664,-303,-1077,363
459720,426,-1318,863,1124,-380,-596,363
459725,380,265,5523,871,-1350,-228,364
459730,291,-2100,2374,340,-505,-218,364
459735,665,-1357,4408,-374,-1097,420,364
459740,239,-43,7091,-197,-1134,733,364
459745,1,840,3445,-457,-84,802,364
459750,169,1538,5104,-174,-72,602,364
459755,329,670,2927,-286,579,306,364
459760,513,980,1814,-223,389,108,364
459765,360,982,2709,44,93,-261,364
459770,489,759,4495,4,-307,-565,364
459775,965,-1,4318,-1963,81,-507,364
459780,-274,-357,1785,-1571,403,-483,364
459785,447,321,6199,-575,-1070,-593,364
459790,815,-1338,8282,-607,-147,-732,364
459795,449,-605,5015,669,1164,-873,364
459800,734,-3475,3873,690,427,-818,364
459805,1342,-541,4719,-201,53,-20,364
459810,116,76,2433,-489,563,104,364
459815,51,-764,1882,12,-106,106,364
459820,1048,-205,3715,-236,-949,281,364
459825,484,-207,1549,-700,-605,393,364
459830,277,-111,4359,-979,-1490,393,364
459835,231,453,1746,-100,-1585,369,364
459840,731,273,7302,-242,-2178,222,364
459845,377,-868,4743,-102,-611,21,364
459850,31,-256,5466,215,-776,12,364
459855,266,340,4286,-33,-27,-234,364
459860,906,-1486,6504,150,270,-508,364
459865,642,-74,3719,51,436,-250,364
459870,399,-309,3424,183,307,-235,364
459875,120,-500,3615,522,384,-138,364
459880,128,48,3936,1230,144,-35,364
459885,625,-87,5565,545,130,-32,364
459890,665,-586,3264,131,1018,-115,364
459895,0,-1365,-9,762,729,-268,364
459900,958,24,3999,977,-1382,-240,364
459905,612,23,4954,37,-881,-204,364
459910,778,-783,5482,-406,-1104,35,364
459915,686,-342,6801,-1273,-1282,454,364
459920,304,634,5724,-329,-414,379,364
459925,849,587,5824,208,-497,182,364
459930,1239,-651,6253,187,-101,53,364
459935,588,-181,5120,415,941,-39,364
459940,-345,-2041,1338,1141,1597,-91,364
459945,720,116,5023,1385,274,-173,364
459950,833,-1005,1667,865,824,-365,364
459955,792,-2201,2847,759,429,-165,364
459960,627,-886,5124,-134,557,487,364
459965,721,-1279,2246,-1430,649,932,364
459970,1226,1897,9554,344,-1073,1243,365
459975,723,1299,9275,232,-578,1005,365
459980,356,320,2669,-981,784,842,365
459985,539,1291,7289,-964,-211,706,365
459990,265,1107,2770,-608,666,155,365
459995,193,368,1356,113,208,-481,365
460000,344,429,3387,1099,-390,-1186,365
460005,312,-1088,3816,1380,21,-1663,365
460010,752,-2219,4065,689,279,-1646,365
460015,775,-1698,2237,-484,553,-731,365
460020,-170,-1166,989,90,-84,-89,365
460025,799,-370,9126,721,-1649,254,365
460030,674,-732,4210,-436,166,737,365
460035,173,349,4659,-203,172,1040,365
460040,534,1470,6913,114,-425,941,365
460045,1135,815,5386,-243,339,363,365
460050,1067,-54,4580,257,537,-150,365
460055,760,-464,2858,-366,654,-185,365
460060,802,372,5538,-726,429,-207,365
460065,187,-182,4168,-688,656,-380,365
460070,177,-457,1494,-681,645,-497,365
460075,321,-107,2194,-412,-50,-519,365
460080,104,-546,1550,-120,-104,-492,365
460085,212,-599,2030,257,-525,-347,365
460090,333,-783,6356,-519,-1002,-169,365
460095,523,-1336,1603,-1502,-288,62,365
460100,715,1119,8406,-221,-1523,190,365
460105,1496,409,13375,35,-1050,-260,365
460110,274,-489,3089,74,1645,-610,365
460115,86,-1000,3205,-91,1051,-654,365
460120,479,-314,2940,157,979,-578,365
460125,225,446,-75,1004,814,-517,365
460130,516,-857,779,1385,-481,-663,365
460135,943,-776,4845,-60,-1024,-490,365
460140,422,-371,1975,-1117,262,-170,365
460145,416,975,6409,-899,-824,6,365
460150,1479,836,12836,-708,-1628,-83,365
460155,1459,-43,6762,-47,299,-442,365
460160,995,375,9204,706,110,-639,365
460165,610,-1513,4979,327,2269,-733,365
460170,587,-1429,4416,653,2250,-646,365
460175,643,-1930,2335,110,2328,-396,365
460180,634,-1431,376,4,1760,2,365
460185,590,31,1219,577,682,330,365
460190,10,361,-145,852,449,296,365
460195,988,1101,1556,871,-379,267,365
460200,213,137,9326,-2028,-1075,298,365
460205,-914,-242,-5132,-400,1067,75,365
460210,-29,853,8620,148,-3069,-252,365
460215,789,-114,8536,664,-1220,-637,365
460220,348,-463,5632,289,-376,-826,365
460225,707,-2768,8409,218,-358,-823,365
460230,491,-1074,4466,-401,605,-185,365
460235,599,-783,3620,26,439,-7,365
460240,703,-129,2250,592,12,-31,365
460245,-166,132,467,1354,-116,156,366
460250,1164,-955,4821,960,-1386,239,366
460255,730,-644,3261,-1612,-312,613,366
460260,36,1984,1220,-2299,-71,967,366
460265,412,1384,5376,-501,-2020,325,366
460270,710,1185,6576,-640,-990,-269,366
460275,361,25,4956,125,499,-766,366
460280,1143,-608,6645,-135,328,-965,366
460285,475,-1057,2530,-346,1505,-814,366
460290,1055,-706,7351,-413,715,-688,366
460295,736,-978,3473,-283,2072,-546,366
460300,857,-1376,484,-399,1619,-169,366
460305,489,-261,2037,494,447,22,366
460310,465,-1037,4317,791,-266,30,366
460315,926,-705,2435,25,-510,227,366
460320,679,-149,5000,-83,-1380,361,366
460325,185,378,5827,241,-1566,337,366
460330,-214,243,4058,245,-1329,34,366
460335,74,-44,4376,200,-1475,-73,366
460340,-100,43,4336,-49,-1098,-59,366
460345,-25,120,2615,-971,-560,-45,366
460350,514,243,4335,-749,-811,-40,366
460355,486,317,3870,-127,-668,-128,366
460360,659,199,7225,65,-851,-367,366
460365,425,-1559,3595,85,-22,-600,366
460370,892,-907,5217,-533,-588,-341,366
460375,837,-1013,5360,427,-365,-222,366
460380,1415,-1327,4927,650,-1043,4,366
460385,940,-314,5175,294,-905,364,366
460390,793,-544,6190,602,-606,418,366
460395,731,878,4973,1027,-534,325,366
460400,264,-634,5054,902,329,52,366
460405,521,-571,3462,872,1126,19,366
460410,694,-688,2561,1338,1036,56,366
460415,1154,2213,5758,1078,775,52,366
460420,1274,-385,3653,-469,1377,-314,366
460425,481,183,2287,-238,894,-210,366
460430,1062,547,7378,183,-909,-28,366
460435,683,-150,5028,515,-10,-63,366
460440,240,-370,3633,1007,-42,-164,366
460445,509,-989,1633,1484,-565,-475,366
460450,19,-1112,4246,1122,-1433,-446,366
460455,515,-480,7499,-373,-805,-264,366
460460,-201,-673,1260,-649,501,-190,366
460465,925,1715,13174,-801,-1163,-233,366
460470,818,-1376,3351,-606,2527,-600,366
460475,586,-1264,5647,1041,1155,-412,366
460480,1226,-677,4455,481,1939,-115,366
460485,-324,-660,-494,331,3068,67,366
460490,743,-168,9119,-294,1002,425,367
460495,314,-323,-3608,-174,2621,349,367
460500,978,-583,3706,204,-434,257,367
460505,321,2,1435,211,74,318,367
460510,285,-520,2830,305,-857,260,367
460515,354,-58,6369,522,-1444,237,367
460520,138,583,3923,189,-294,144,367
460525,482,-1203,5684,554,-238,-76,367
460530,999,-320,5849,49,-19,76,367
460535,346,15,5066,-63,401,198,367
460540,133,1181,4385,-62,546,191,367
460545,424,611,3229,-373,692,-71,367
460550,631,832,5061,-1082,562,-210,367
460555,501,-3,-345,-1371,1326,-346,367
460560,549,-670,2388,-811,-384,-506,367
460565,-349,588,1818,-532,-1065,-498,367
460570,898,-812,5583,-891,-1589,-491,367
460575,396,-952,3612,-805,-758,-414,367
460580,607,-189,10331,1092,-1517,-550,367
460585,372,-760,7244,1606,90,-542,367
460590,712,-999,7038,563,899,-466,367
460595,889,-1183,4268,321,1721,-333,367
460600,1065,104,5326,1139,1184,-221,367
460605,750,216,4260,1631,1526,-261,367
460610,732,-584,5606,1402,1694,-308,367
460615,294,-1120,984,977,2326,-223,367
460620,521,-1790,-50,806,1309,44,367
460625,816,800,3105,238,213,528,367
460630,445,1175,4098,-90,723,379,367
460635,256,506,3863,-1434,1037,275,367
460640,220,259,2579,-1264,979,257,367
460645,258,441,8324,-587,-119,88,367
460650,1240,688,6852,-816,622,-45,367
460655,716,390,6912,-702,791,-188,367
460660,323,-704,2523,-388,1440,-364,367
460665,-586,-1387,1865,-292,595,-481,367
460670,-159,301,1117,645,-362,-714,367
460675,753,-1096,4096,1031,-1424,-980,367
460680,1979,-1961,9491,-775,-1049,-892,367
460685,-453,-1035,885,-63,907,-490,367
460690,1170,-122,8237,1029,-1482,-395,367
460695,493,-1727,3206,1844,-153,-589,367
460700,591,-413,7438,1243,-381,-77,367
460705,-53,-982,1997,669,982,18,367
460710,-119,-553,3307,526,115,210,367
460715,-2,973,4455,732,-72,295,367
460720,55,1129,2950,952,275,111,367
460725,909,-244,4704,-131,-68,-199,367
460730,829,-1653,1102,-151,499,-155,367
460735,1682,545,10598,-645,-1073,248,368
460740,788,826,5144,-745,715,264,368
460745,409,956,1853,-666,441,102,368
460750,1112,957,8064,-38,-766,-202,368
460755,447,-158,832,-340,1082,-448,368
460760,-445,-685,56,56,-239,-496,368
460765,804,-982,4025,-289,-1613,-427,368
460770,393,-338,1611,-354,-1055,-422,368
460775,-236,-1265,2538,31,-1531,-428,368
460780,-152,-1362,3733,706,-2112,-300,368
460785,1715,28,11920,-189,-2097,-97,368
460790,-81,-2080,248,-841,1275,63,368
460795,983,1522,13125,-14,-505,361,368
460800,1011,21,8102,-21,1756,77,368
460805,1190,215,8151,358,2045,-66,368
460810,407,224,-2462,-216,3051,-84,368
460815,701,557,2301,171,523,-239,368
460820,768,-283,822,-631,59,-400,368
460825,531,-305,1410,-870,-1114,-338,368
460830,312,-90,3952,-548,-1887,-193,368
460835,-31,-311,2429,-686,-1565,-78,368
460840,270,-187,4611,-210,-1718,-75,368
460845,207,184,3653,169,-1127,-196,368
460850,-328,-1052,3556,957,-1132,-465,368
460855,373,-1027,6143,1012,-1393,-548,368
460860,457,93,6270,866,-1024,-431,368
460865,1100,-1431,9127,86,-634,-382,368
460870,1074,-1055,5675,289,367,-94,368
460875,846,313,7355,944,-335,76,368
460880,461,343,2038,1130,650,-124,368
460885,762,-426,4626,881,-337,-222,368
460890,441,-84,411,782,112,-168,368
460895,447,-703,2541,927,-1053,-124,368
460900,282,-831,2154,445,-1323,91,368
460905,206,-174,3719,697,-1688,315,368
460910,661,754,7886,-24,-1761,498,368
460915,265,-375,2790,-846,137,390,368
460920,332,507,7227,-620,-90,422,368
460925,-166,485,2798,-103,948,359,368
460930,1182,-721,4698,790,154,121,368
460935,1327,137,7766,391,8,230,368
460940,942,808,7341,-217,925,177,368
460945,1237,-220,3258,-254,1341,37,368
460950,416,-867,3370,784,887,-336,368
460955,855,-1591,3712,831,731,-548,368
460960,827,-992,4488,-83,598,-89,368
460965,952,352,1172,-126,775,224,368
460970,303,-1231,6167,779,-497,-138,368
460975,681,552,9236,663,309,-272,368
460980,263,-1259,888,-10,2040,-356,369
460985,16,-576,3776,-376,1003,-96,369
460990,310,1486,4793,-64,868,77,369
460995,166,220,2388,695,1332,-242,369
461000,360,-371,3265,700,752,-340,369
461005,179,-642,3428,-130,869,-223,369
461010,438,-155,5867,223,630,-83,369
461015,548,-356,2407,895,487,-269,369
461020,1236,-1198,5913,632,-711,-233,369
461025,203,-702,4604,83,-108,184,369
461030,-120,-619,2000,114,-541,437,369
461035,62,415,4428,95,-1615,563,369
461040,748,1217,7262,-998,-939,533,369
461045,311,871,2584,-799,337,228,369
461050,889,483,11114,193,-820,-108,369
461055,379,557,4307,255,1802,-424,369
461060,402,-129,4919,-132,1906,-647,369
461065,564,-1497,2944,-515,2422,-620,369
461070,843,51,-939,-456,1681,-280,369
461075,725,-768,-1126,-367,142,-237,369
461080,-632,-151,2952,-318,-1327,68,369
461085,1147,232,4297,-722,-1709,130,369
461090,46,654,4770,-1070,-1625,77,369
461095,906,198,8858,448,-1697,-182,369
461100,521,-568,6166,559,-796,-355,369
461105,418,-521,6287,-126,4,-316,369
461110,289,-340,3502,-387,1024,-320,369
461115,246,28,4664,55,494,-462,369
461120,736,1220,6604,-790,1010,-478,369
461125,736,357,5820,-368,1835,-678,369
461130,364,-739,1797,292,1929,-902,369
461135,945,-540,3595,619,929,-867,369
461140,322,-276,37,743,1245,-783,369
461145,430,-2549,2761,941,23,-746,369
461150,843,694,7402,52,-569,-266,369
461155,96,-1176,793,263,415,-241,369
461160,913,918,9234,590,-1485,61,369
461165,554,329,5765,29,117,48,369
461170,241,302,5378,129,363,-59,369
461175,77,-277,2182,-32,509,-167,369
461180,-85,-633,188,128,283,-217,369
461185,-216,-178,-123,656,-781,-273,369
461190,1451,671,9538,-293,-1718,-270,369
461195,18,363,2710,-2134,1359,-125,369
461200,-384,219,1240,-334,49,-67,369
461205,923,1331,10287,227,-1884,-365,369
461210,467,-336,6099,487,831,-690,369
461215,302,-172,4540,997,950,-763,369
461220,358,-2681,828,1403,845,-905,369
461225,984,-354,4851,977,-499,-412,369
461230,637,-509,3427,140,-45,-194,369
461235,-162,-511,1407,-89,-195,58,369
461240,189,756,2513,152,-958,84,369
461245,673,-692,1895,671,-1465,-159,369
461250,1494,703,7979,-414,-2212,-137,369
461255,-152,-627,3004,-1686,-159,-56,370
461260,80,-720,6085,-1299,-1375,167,370
461265,1243,2058,9927,-908,-1756,293,370
461270,533,258,4362,-643,-3,-98,370
461275,641,845,6354,49,-229,-294,370
461280,45,-732,3146,343,916,-532,370
461285,-117,-851,1045,1006,582,-639,370
461290,579,-1362,937,1449,-454,-826,370
461295,734,-1273,3249,803,-943,-505,370
461300,144,-976,4095,187,-772,-213,370
461305,516,-174,6329,518,-1125,6,370
461310,1275,-620,7531,355,-707,-43,370
461315,505,313,4545,88,37,138,370
461320,663,-757,4570,-108,-455,170,370
461325,1102,119,6931,-173,-1052,409,370
461330,433,173,3520,-512,-268,666,370
461335,-19,139,45,-637,-440,785,370
461340,326,245,5015,-208,-1757,723,370
461345,433,456,3182,350,-1098,591,370
461350,527,244,3407,559,-994,386,370
461355,173,267,3121,746,-385,141,370
461360,1097,872,8397,-593,-206,-66,370
461365,-369,227,-188,-546,1429,-554,370
461370,1156,-1155,9456,-443,-911,-787,370
461375,818,-1074,6252,-515,523,-526,370
461380,339,-24,4291,-271,270,-317,370
461385,136,-88,2917,62,206,-214,370
461390,-52,-523,-1043,809,348,-257,370
461395,769,-791,2647,573,-1615,13,370
461400,947,263,2584,-735,-1418,277,370
461405,-21,-350,996,-317,-688,207,370
461410,258,566,5359,-361,-1935,138,370
461415,531,-96,7792,426,-1877,-181,370
461420,950,-370,9580,-50,-963,-300,370
461425,658,-315,5638,158,585,-249,370
461430,477,-614,4620,955,613,-356,370
461435,1315,-1043,4273,1101,345,-299,370
461440,543,-839,3432,970,292,-47,370
461445,59,-380,3388,823,94,246,370
461450,160,-619,3521,-200,60,473,370
461455,393,-415,3400,212,194,607,370
461460,1125,654,5226,-110,-159,650,370
461465,1005,948,6132,298,354,383,370
461470,312,160,2984,790,954,53,370
461475,1060,-2470,1467,1166,178,-97,370
461480,1130,29,6647,972,-953,276,370
461485,604,1707,5433,377,-46,496,370
461490,109,-623,4539,217,174,244,370
461495,569,-430,4971,100,99,139,370
461500,445,-41,4099,130,721,9,371
461505,632,-104,4058,-329,676,-127,371
461510,344,104,2796,-297,1026,-143,371
461515,207,412,3414,21,686,-190,371
461520,314,-500,3719,709,601,-385,371
461525,220,-531,2341,989,823,-233,371
461530,456,-867,2891,1476,274,-99,371
461535,1008,-1751,5468,443,-129,115,371
461540,820,-866,2399,-998,270,524,371
461545,1050,2025,10032,-534,-886,770,371
461550,469,351,6248,322,-104,402,371
461555,555,947,6362,864,204,46,371
461560,263,-478,3111,1257,1101,-361,371
461565,-80,644,70,1225,748,-525,371
461570,-167,138,1276,552,-398,-739,371
461575,807,-375,3011,-722,-558,-810,371
461580,-162,76,312,-103,214,-838,371
461585,2080,342,11419,-1714,-1051,-699,371
461590,-451,-1082,3118,-904,971,-405,371
461595,651,-79,10697,-347,-1137,-225,371
461600,418,-174,4798,242,450,-86,371
461605,591,75,4273,320,342,-24,371
461610,881,785,5083,-1553,569,-86,371
461615,758,642,3892,-1734,1376,-347,371
461620,843,171,7179,-1719,382,-625,371
461625,1242,-474,1305,-1020,1474,-857,371
461630,221,311,3160,-48,681,-1064,371
461635,707,-278,2622,271,761,-1140,371
461640,453,-1441,2006,111,380,-1013,371
461645,385,-175,2806,-1322,-31,-540,371
461650,-140,-918,1171,-179,-75,-435,371
461655,361,-426,8111,381,-1651,-170,371
461660,269,-2294,4222,269,49,7,371
461665,905,-105,8512,-206,-489,370,371
461670,280,256,2389,-376,955,330,371
461675,-8,1142,4908,-80,167,99,371
461680,628,-38,4859,325,455,-455,371
461685,374,-852,1421,634,618,-711,371
461690,561,155,2975,230,-335,-577,371
461695,392,-200,3647,-153,31,-571,371
461700,447,-365,5211,-365,-135,-410,371
461705,800,121,4520,-147,-582,-413,371
461710,418,349,5342,-321,-481,-437,371
461715,199,-884,5399,-432,-176,-451,371
461720,277,-795,4014,-185,165,-305,371
461725,326,-1480,4215,-127,-12,-127,371
461730,957,-175,5776,365,-195,183,371
461735,1006,60,4362,99,449,177,371
461740,731,-1241,2872,411,784,120,371
461745,833,518,4381,347,-242,265,371
461750,333,628,556,-30,-23,94,372
461755,451,629,4842,-250,-1185,-64,372
461760,59,267,2285,324,-853,-359,372
461765,881,348,7303,-47,-1871,-462,372
461770,714,333,4630,-433,-532,-471,372
461775,-33,261,4770,-380,-307,-530,372
461780,242,-190,5093,-310,-310,-611,372
461785,439,-402,5227,273,144,-647,372
461790,1582,-450,5190,56,596,-489,372
461795,404,-535,5600,618,1262,-623,372
461800,169,-493,3797,1105,1749,-639,372
461805,543,-2114,649,1064,1327,-465,372
461810,920,-356,779,1215,23,-70,372
461815,215,831,3757,893,-917,136,372
461820,941,-129,7220,-571,-975,227,372
461825,248,-259,4410,-1007,-183,372,372
461830,1043,-88,6488,-718,-999,418,372
461835,775,1732,7293,-806,-369,482,372
461840,58,1265,4367,-587,1080,81,372
461845,129,-97,3503,261,1136,-374,372
461850,335,-140,1277,773,1013,-392,372
461855,560,79,2302,1237,454,-479,372
461860,651,-1956,2974,194,183,-491,372
461865,816,-1273,2071,-1291,-369,-21,372
461870,494,-669,5780,-1381,-1296,471,372
461875,460,-853,3656,-1212,-1758,668,372
461880,303,1234,3811,-530,-2315,797,372
461885,124,637,4143,-326,-2449,544,372
461890,-4,457,2235,268,-2105,233,372
461895,-379,189,4127,1353,-2350,-211,372
461900,1264,918,8175,-165,-1881,-585,372
461905,-5,-1923,2195,-287,362,-787,372
461910,1064,-1863,9352,-699,-586,-376,372
461915,694,492,6876,-929,906,163,372
461920,110,-129,2985,-1002,1743,181,372
461925,1008,-90,5297,829,1321,46,372
461930,977,455,2548,1610,1564,44,372
461935,596,-2741,658,2479,984,-349,372
461940,1693,-1039,2813,992,-497,24,372
461945,756,-449,3150,-412,-733,135,372
461950,56,-57,6274,62,-1096,171,372
461955,673,828,7519,107,-888,97,372
461960,993,1511,6710,-178,187,-136,372
461965,338,492,7170,384,1518,-492,372
461970,345,-2339,3087,892,2360,-671,372
461975,1253,-1668,2772,557,1744,-81,372
461980,1002,1534,4118,-794,1329,761,372
461985,391,-654,3963,-1110,1385,582,372
461990,363,768,3602,-722,1133,582,372
461995,17,836,2140,8,627,154,373
462000,538,477,4406,-83,75,-435,373
462005,217,-705,1828,-468,511,-608,373
462010,-53,-120,1898,321,71,-637,373
462015,523,-904,3467,745,-835,-772,373
462020,1128,-653,7518,377,-1000,-530,373
462025,421,-1196,6068,449,-37,-203,373
462030,3,-210,7163,180,313,150,373
462035,757,-945,3256,-513,1233,304,373
462040,833,1026,6904,-710,693,650,373
462045,844,1736,4141,-312,1168,448,373
462050,461,1658,2741,269,1002,-84,373
462055,573,-163,2220,1057,568,-571,373
462060,1006,-431,3670,229,-64,-628,373
462065,161,-1345,515,-509,203,-619,373
462070,-55,-59,5667,-568,-1012,-425,373
462075,158,247,5037,-1395,-422,-464,373
462080,357,-147,5357,-1239,151,-511,373
462085,156,-468,3682,-766,623,-500,373
462090,149,779,3070,-423,698,-421,373
462095,-48,204,2249,664,901,-614,373
462100,948,237,4950,339,27,-720,373
462105,1058,127,4777,99,71,-692,373
462110,369,-1283,5597,-82,288,-649,373
462115,831,-1318,6357,80,-471,-480,373
462120,456,365,4637,-217,-72,-356,373
462125,228,-929,852,-745,488,-342,373
462130,452,-1197,2829,-329,-382,-246,373
462135,1188,-266,4993,-481,-810,-71,373
462140,308,-530,4248,-612,-219,93,373
462145,276,926,3615,-605,-42,215,373
462150,270,922,5014,-477,87,-30,373
462155,47,102,4503,-299,844,-235,373
462160,698,-17,3212,107,1205,-459,373
462165,1263,-331,5691,720,1293,-701,373
462170,1249,-125,8561,1339,2091,-977,373
462175,-256,-2437,1025,1416,2709,-935,373
462180,1225,-986,2766,1446,819,-309,373
462185,-154,-833,1884,1356,710,75,373
462190,362,-378,4012,285,105,495,373
462195,155,451,4965,-113,271,638,373
462200,-165,831,3963,-94,385,590,373
462205,77,1830,5429,-176,189,364,373
462210,228,649,4039,129,1001,-158,373
462215,183,-637,1400,662,884,-449,373
462220,268,-1339,552,966,10,-326,373
462225,176,1176,5541,856,-885,-37,373
462230,1092,-525,8262,39,-380,-375,373
462235,601,-513,5169,624,626,-270,373
462240,429,-1106,6880,616,-304,-97,374
462245,618,-802,3339,-78,296,38,374
462250,583,-851,2371,-639,-402,335,374
462255,422,204,1997,-1340,-760,670,374
462260,187,1576,4364,-1070,-1293,639,374
462265,-17,-269,1384,-639,-1280,429,374
462270,810,1682,8768,-318,-2354,440,374
462275,242,469,4861,306,-792,50,374
462280,937,272,6164,477,-693,-294,374
462285,109,-191,3950,533,527,-644,374
462290,388,-838,4631,1582,476,-860,374
462295,668,-1096,5171,590,590,-670,374
462300,204,-1858,2286,188,1149,-500,374
462305,761,-1367,4605,680,-76,-175,374
462310,683,-259,2751,553,-41,237,374
462315,1091,904,4755,25,-599,510,374
462320,824,643,4688,-1315,-299,566,374
462325,951,-410,4146,-1327,-302,587,374
462330,702,1359,7318,-1555,-906,839,374
462335,688,2437,5745,-1366,147,517,374
462340,187,606,2618,-969,808,-103,374
462345,326,-510,2643,-186,388,-471,374
462350,43,-1134,2825,-11,20,-457,374
462355,12,-752,3147,-11,-123,-274,374
462360,633,-373,6314,-1379,-273,-108,374
462365,206,-219,2554,-1480,828,-116,374
462370,-334,-1741,2493,66,260,-445,374
462375,734,-1366,5912,991,-751,-389,374
462380,753,-1661,3812,1540,-606,-214,374
462385,1074,-597,7217,477,-1255,127,374
462390,85,-629,2010,403,-677,346,374
462395,627,368,8713,138,-2015,453,374
462400,1015,678,6747,18,-568,273,374
462405,434,-84,4191,140,-140,-40,374
462410,405,109,2558,389,-223,-175,374
462415,238,-284,2909,442,-518,-304,374
462420,306,575,5538,223,-780,-176,374
462425,623,71,2235,-675,288,-38,374
462430,-147,-333,1976,-41,-84,11,374
462435,537,172,3312,364,-954,7,374
462440,-47,-18,3105,-277,-795,-148,374
462445,464,484,5699,-673,-1039,-78,374
462450,745,651,7557,-325,-679,-201,374
462455,745,-443,5726,1027,43,-535,374
462460,399,-888,5275,1907,-26,-652,374
462465,899,-300,4530,1825,138,-615,374
462470,630,-2352,-19,1140,681,-595,374
462475,653,-1682,2354,407,-452,-143,374
462480,306,511,3428,511,-822,369,374
462485,549,1278,5651,364,-1045,422,374
462490,818,-152,4768,221,-444,220,374
462495,418,287,5308,173,5,192,374
462500,251,800,4329,288,696,41,374
462505,479,432,5625,962,644,-341,374
462510,455,-1171,1369,1216,1317,-653,374
462515,373,-1976,837,430,631,-540,375
462520,287,-394,3406,-442,-225,135,375
462525,362,-1089,5187,171,-712,578,375
462530,796,198,7412,48,-1309,1006,375
462535,726,-197,6933,-103,-463,1092,375
462540,590,655,3650,-457,-5,1165,375
462545,818,856,7312,543,-567,834,375
462550,731,1742,3950,126,465,325,375
462555,569,446,6457,-219,416,-222,375
462560,380,1289,6500,-136,774,-572,375
462565,652,248,3875,-944,1346,-1128,375
462570,612,-273,2318,-465,1239,-1483,375
462575,775,-703,3175,-121,766,-1445,375
462580,492,-1463,2375,389,873,-1206,375
462585,-27,-1785,3771,1040,65,-790,375
462590,498,-751,4120,530,-152,-136,375
462595,486,-1161,1447,-698,164,362,375
462600,533,247,5166,-1500,-678,931,375
462605,344,1983,3657,-1552,-138,1101,375
462610,263,1243,4404,-498,-465,519,375
462615,605,1779,5713,275,-522,20,375
462620,493,830,4464,-491,41,-455,375
462625,-237,-623,2112,-319,230,-989,375
462630,929,-501,6060,95,-913,-1208,375
462635,273,-188,3749,-623,-181,-1066,375
462640,489,-1048,4976,-514,-219,-995,375
462645,284,-1857,5187,312,-267,-844,375
462650,367,-1504,5331,625,-76,-472,375
462655,806,-237,5445,93,525,-14,375
462660,598,-340,4053,105,1265,219,375
462665,682,236,4192,677,678,276,375
462670,790,104,2067,491,627,191,375
462675,602,17,980,532,288,183,375
462680,293,644,1753,624,-636,134,375
462685,906,947,6802,-743,-1401,46,375
462690,360,23,3631,-715,-217,-29,375
462695,166,-31,5647,-1044,-842,-55,375
462700,374,248,6334,-1269,-507,-34,375
462705,543,647,5240,-1105,163,-214,375
462710,372,469,5068,-395,304,-503,375
462715,538,-355,6515,-99,395,-651,375
462720,434,-530,4238,66,1416,-642,375
462725,900,-1417,4852,799,1301,-678,375
462730,392,-549,1845,1159,1489,-708,375
462735,518,-1919,1442,962,1015,-562,375
462740,-104,179,2086,842,123,-244,375
462745,907,-491,5313,287,-550,-209,375
462750,637,-1189,3182,109,-94,-84,375
462755,708,-285,6166,373,-1171,185,375
462760,808,455,8592,565,-1145,313,376
462765,874,-78,3555,612,85,286,376
462770,437,-223,5303,695,-350,281,376
462775,452,111,3798,881,226,288,376
462780,517,-444,5801,262,-19,263,376
462785,395,503,3817,-639,783,314,376
462790,158,648,3358,-312,842,201,376
462795,263,831,4085,-25,704,-37,376
462800,430,417,3853,263,1174,-394,376
462805,222,-898,1237,377,1334,-576,376
462810,418,-707,4367,1114,421,-494,376
462815,1185,-1098,4986,626,-27,-294,376
462820,793,-1186,7803,-467,-272,69,376
462825,458,-206,5311,-447,-78,340,376
462830,483,-77,4360,-226,-577,305,376
462835,702,160,2864,-535,-469,406,376
462840,353,275,3046,-117,-834,389,376
462845,-113,-130,2608,405,-1068,402,376
462850,143,780,3712,-158,-1216,529,376
462855,413,875,1229,-399,-696,329,376
462860,336,224,4493,532,-969,-75,376
462865,390,-101,4470,851,-422,-339,376
462870,-87,-892,5314,530,-222,-433,376
462875,948,-1645,6935,-813,-451,-213,376
462880,445,-1052,3083,-1158,469,390,376
462885,805,1137,7343,107,-648,741,376
462890,1240,1940,7895,-18,-268,517,376
462895,704,783,4796,-249,985,128,376
462900,349,503,2333,144,984,-267,376
462905,784,-512,2951,473,302,-653,376
462910,642,-1015,3772,945,210,-802,376
462915,279,-358,2168,1161,248,-808,376
462920,1006,-1815,5967,753,-418,-720,376
462925,-44,-1733,-581,318,602,-230,376
462930,364,-1165,5556,809,-1426,184,376
462935,430,-366,3352,687,-916,471,376
462940,795,446,7213,363,-1349,640,376
462945,224,790,2880,-226,-235,639,376
462950,215,136,5621,-351,-433,538,376
462955,246,706,6891,265,110,408,376
462960,232,670,5153,447,730,157,376
462965,442,-236,3370,482,970,-87,376
462970,337,-725,1281,-118,1227,-52,376
462975,155,-636,5246,-329,612,206,376
462980,-138,146,2548,47,653,437,376
462985,1142,416,5005,1058,-636,283,376
462990,1156,-935,5121,992,-267,178,376
462995,-95,471,1131,625,113,527,376
463000,178,1154,4508,1986,-1584,315,376
463005,796,-75,3277,2048,-1516,-448,376
463010,278,-1427,4811,1046,-1299,-627,376
463015,348,-857,6559,-178,-883,-323,376
463020,100,10,4496,-514,195,-149,376
463025,203,1547,3742,81,40,-233,376
463030,820,-610,5241,949,242,-586,377
463035,1073,-834,2802,1459,627,-512,377
463040,155,498,7569,638,62,-237,377
463045,345,137,508,-1455,1284,-72,377
463050,918,-357,4294,-1489,23,-2,377
463055,1065,493,6655,-1172,-236,263,377
463060,658,1326,3690,-878,564,261,377
463065,86,672,2235,-496,705,-36,377
463070,403,693,3273,377,77,-252,377
463075,499,-710,3822,628,-157,-554,377
463080,700,-865,6380,-337,181,-695,377
463085,-253,-2714,338,-1876,1657,-516,377
463090,884,968,7953,-1112,-245,-143,377
463095,395,-821,5876,333,653,-598,377
463100,602,-1037,3146,492,676,-426,377
463105,80,191,1855,287,482,-120,377
463110,422,-233,3493,1,-297,-102,377
463115,561,-311,2039,-27,-674,-47,377
463120,420,876,6068,-67,-1237,71,377
463125,830,993,8076,216,-794,-105,377
463130,583,94,6729,-8,52,-384,377
463135,594,-341,7016,77,918,-466,377
463140,236,233,5430,400,1830,-577,377
463145,672,-621,4114,410,1968,-769,377
463150,347,-851,-883,-94,2074,-655,377
463155,940,612,1489,119,519,-315,377
463160,326,-117,1794,76,109,-279,377
463165,338,130,2825,-46,-597,-131,377
463170,146,-348,4949,-783,-1167,-53,377
463175,416,-119,3885,-953,-1064,8,377
463180,96,461,6850,-781,-1308,31,377
463185,307,998,6564,-614,-666,-167,377
463190,458,714,4219,95,-176,-575,377
463195,515,-1491,3960,782,-165,-855,377
463200,616,-953,5135,819,-376,-815,377
463205,922,-1324,7744,-323,-276,-527,377
463210,305,-1003,3558,-979,674,-27,377
463215,659,637,4721,-1325,158,257,377
463220,369,506,4175,-252,421,-42,377
463225,799,1084,6436,555,31,-329,377
463230,338,-456,2331,410,980,-560,377
463235,250,-444,3711,325,548,-435,377
463240,362,-772,3483,868,506,-383,377
463245,1256,-1128,4694,783,-16,-256,377
463250,878,571,6164,109,202,-95,377
463255,650,-3,6670,284,884,-315,377
463260,532,-393,3063,540,989,-414,377
463265,548,-98,3180,338,615,-296,377
463270,650,563,5942,-50,201,-293,377
463275,179,-106,1416,-105,1156,-358,377
463280,7,714,3069,-91,304,-292,378
463285,44,339,3764,264,511,-502,378
463290,540,233,4652,145,381,-670,378
463295,417,-1052,4593,133,605,-796,378
463300,662,-695,2992,-171,631,-609,378
463305,72,-147,4981,369,-173,-414,378
463310,-122,-1120,1047,632,-175,-486,378
463315,572,-1836,2475,-4,-1463,-141,378
463320,177,-393,3454,-676,-2008,491,378
463325,102,566,5203,-1368,-2103,959,378
463330,-168,524,2932,-690,-1566,903,378
463335,-95,-12,1581,175,-2002,640,378
463340,1173,992,10155,-241,-2465,507,378
463345,-29,436,-835,-1062,539,299,378
463350,687,26,7772,-1170,-1343,-3,378
463355,810,669,4062,-1064,-281,-88,378
463360,882,413,6966,-1333,-971,-143,378
463365,609,1072,5326,-692,-447,-246,378
463370,851,-716,2664,407,124,-457,378
463375,882,-926,6428,586,-475,-389,378
463380,835,-1757,3955,690,605,-345,378
463385,305,-1699,4228,994,602,-219,378
463390,785,-1751,3164,1300,386,56,378
463395,527,-948,2772,1425,133,308,378
463400,866,708,4173,1618,-418,292,378
463405,827,-1236,3617,719,-690,228,378
463410,274,-354,1360,689,-923,446,378
463415,702,929,8753,478,-2613,558,378
463420,311,1546,6230,-720,-862,501,378
463425,-43,1094,5918,-543,100,177,378
463430,213,1221,4426,-103,170,-126,378
463435,336,158,2996,359,372,-315,378
463440,224,-255,2277,517,712,-229,378
463445,266,226,3107,366,706,-137,378
463450,532,-1041,3784,75,555,-264,378
463455,38,-1708,-562,-378,407,-105,378
463460,691,-287,7035,52,-1591,307,378
463465,390,286,5963,-474,-500,459,378
463470,711,713,6900,130,-87,303,378
463475,92,-966,2327,1055,585,-118,378
463480,546,-812,2935,1439,-257,-148,378
463485,686,-1272,2179,994,-412,34,378
463490,657,-1450,1393,805,-445,374,378
463495,278,353,3138,813,-1169,819,378
463500,919,1629,9389,-97,-1664,747,378
463505,561,58,3946,-473,95,439,378
463510,230,1244,7435,-395,-297,348,378
463515,752,2218,7329,-100,417,-63,378
463520,728,397,2277,266,1199,-681,378
463525,1104,-873,6869,-162,645,-881,379
463530,185,-160,3031,-414,1812,-691,379
463535,579,-506,3762,-118,701,-489,379
463540,1014,-469,3188,411,228,-388,379
463545,655,-751,4982,297,-91,-296,379
463550,614,-1413,2650,-471,637,-46,379
463555,295,-792,2260,-365,109,532,379
463560,632,581,5678,298,-1178,708,379
463565,776,-607,6407,424,-633,566,379
463570,-19,459,7251,-42,71,692,379
463575,378,1058,4682,-205,594,467,379
463580,366,401,5377,-136,847,-37,379
463585,1001,-660,3641,-33,1214,-291,379
463590,683,708,6558,269,769,-287,379
463595,297,1067,2418,-19,1472,-389,379
463600,392,-796,3546,383,1204,-702,379
463605,1484,-1201,7565,-976,867,-647,379
463610,446,723,4218,-685,1477,-299,379
463615,327,367,5932,-558,747,-345,379
463620,435,-2298,1621,-910,1069,-315,379
463625,541,1019,4492,-338,42,155,379
463630,66,-92,1878,126,258,114,379
463635,450,-496,4232,-221,-398,84,379
463640,566,-119,3430,-239,-256,118,379
463645,752,673,5925,309,-1051,-22,379
463650,623,474,7242,590,-915,-529,379
463655,400,-221,1954,97,17,-750,379
463660,462,-280,4240,145,-828,-800,379
463665,380,-376,5162,592,-884,-919,379
463670,-366,208,2794,603,-390,-877,379
463675,425,-475,6142,-417,-792,-813,379
463680,681,-789,2155,-323,407,-649,379
463685,731,739,6265,-26,-578,-318,379
463690,732,181,6234,-209,118,-351,379
463695,473,-187,5934,-92,971,-338,379
463700,266,-566,3549,111,1023,-151,379
463705,527,-460,3892,520,410,-48,379
463710,817,26,5594,74,120,71,379
463715,759,203,2202,-677,813,52,379
463720,506,-237,2757,-944,254,-170,379
463725,436,374,1518,-594,-248,-209,379
463730,673,1201,4206,-330,-1111,-388,379
463735,129,-210,4080,-416,-831,-649,379
463740,-97,-84,5577,-219,-965,-677,379
463745,692,-349,5886,-193,-1,-639,379
463750,788,-1213,6101,303,465,-621,379
463755,766,-654,7446,970,586,-573,379
463760,453,-833,4864,1096,1380,-591,379
463765,577,-2628,3883,642,1453,-324,379
463770,456,-561,1858,778,1155,293,380
463775,846,505,7054,-97,56,571,380
463780,1005,713,3248,53,880,594,380
463785,388,1361,3524,267,33,472,380
463790,727,1216,4922,192,-285,183,380
463795,444,596,2322,155,94,-94,380
463800,307,216,5438,-143,-545,-373,380
463805,-180,-756,1191,-903,5,-461,380
463810,54,494,3202,-795,-1108,-316,380
463815,141,89,4117,-373,-1250,-528,380
463820,148,-89,5426,-515,-1029,-565,380
463825,311,-484,5272,-712,-466,-532,380
463830,622,-1783,5081,-166,-525,-473,380
463835,796,-1002,5598,687,-971,-178,380
463840,779,-817,7839,272,-1056,69,380
463845,1016,-303,3419,3,-193,390,380
463850,850,585,4634,165,-840,420,380
463855,1064,921,5744,-125,-878,205,380
463860,564,527,4543,-273,-133,-134,380
463865,585,152,4049,-526,159,-350,380
463870,150,247,2417,-154,474,-512,380
463875,171,-493,3023,596,46,-643,380
463880,555,-1485,3271,626,-392,-453,380
463885,1041,481,6455,-1864,-326,180,380
463890,-264,-872,-1448,-1916,942,622,380
463895,501,427,7466,-1271,-2055,924,380
463900,662,1458,7184,-438,-844,639,380
463905,509,1364,6425,262,35,-129,380
463910,627,-329,4960,1034,63,-737,380
463915,328,-1516,4255,1249,-242,-922,380
463920,608,-585,5677,1020,-370,-963,380
463925,396,-1187,2000,213,122,-766,380
463930,300,-1406,3458,-702,-265,-409,380
463935,534,620,4555,-99,-377,-97,380
463940,353,-105,3297,473,-156,-162,380
463945,718,326,4894,692,-409,-181,380
463950,867,-657,4641,680,-257,-254,380
463955,445,-554,3832,110,-267,-87,380
463960,355,603,5746,8,-575,84,380
463965,609,631,4703,-445,-60,35,380
463970,722,386,4209,-211,103,-89,380
463975,546,-161,2910,99,153,-190,380
463980,659,-640,4377,638,-463,-265,380
463985,943,-1085,7054,120,-267,-202,380
463990,661,-1862,2693,-69,901,-21,380
463995,496,-348,5271,185,-27,338,380
464000,644,368,4677,145,151,391,380
464005,431,3,3689,209,549,402,380
464010,514,-221,2791,565,928,371,380
464015,172,419,3465,1505,833,305,381
464020,1253,516,8107,174,521,-31,381
464025,-109,-364,-965,409,1713,-139,381
464030,195,57,6157,95,-488,-24,381
464035,709,-149,7153,-120,484,-103,381
464040,229,136,3415,35,962,-107,381
464045,2,17,1022,204,303,-197,381
464050,804,-142,2959,681,-730,-278,381
464055,681,385,5076,450,-907,-215,381
464060,469,-137,5435,147,-532,-158,381
464065,41,-263,4149,610,-304,-141,381
464070,188,-307,6261,663,-552,-167,381
464075,550,36,4513,102,533,-189,381
464080,1407,-601,7936,-804,952,19,381
464085,242,1101,5362,-989,1971,416,381
464090,672,738,4110,-1092,1962,337,381
464095,646,1871,2182,-630,2090,53,381
464100,752,474,154,340,1519,-597,381
464105,621,18,2909,-203,321,-887,381
464110,15,-564,4461,-1516,445,-983,381
464115,101,-1714,709,-999,141,-881,381
464120,397,-797,3183,-200,-1531,-657,381
464125,651,-76,8163,807,-1889,-554,381
464130,232,-781,5465,642,-491,-473,381
464135,180,-1661,3549,316,-323,-322,381
464140,491,-361,5333,167,-479,157,381
464145,120,866,6110,426,-30,233,381
464150,455,491,6954,387,372,-16,381
464155,585,-397,1954,-337,1554,-71,381
464160,510,19,2440,159,873,90,381
464165,192,591,1570,424,396,136,381
464170,272,540,5092,836,-268,10,381
464175,895,288,4669,-521,83,-55,381
464180,481,327,1355,157,366,-202,381
464185,1193,217,9488,-238,-1145,-438,381
464190,1215,-1321,7308,-769,385,-601,381
464195,333,-199,4364,-972,539,-245,381
464200,210,-237,4668,-756,568,-171,381
464205,512,840,3127,-407,539,-103,381
464210,599,200,3204,163,473,-284,381
464215,740,623,4308,-568,591,-368,381
464220,294,-582,2014,-1009,1375,-477,381
464225,313,-279,2645,-832,375,-437,381
464230,7,1015,4721,-610,-297,-432,381
464235,725,1285,7031,-1344,-80,-623,381
464240,588,-1047,5972,-883,629,-833,381
464245,-188,-752,-241,-286,955,-658,381
464250,295,475,5318,903,-569,-611,381
464255,537,-533,4487,642,-72,-868,381
464260,270,-3445,1631,9,370,-759,381
464265,65,-882,3757,180,-592,-123,381
464270,310,-172,4423,432,-796,212,381
464275,351,129,3934,597,-592,211,381
464280,643,402,6436,177,-546,201,381
464285,265,-389,3234,180,428,114,381
464290,142,514,4491,502,-247,131,382
464295,1109,226,6881,126,-325,-44,382
464300,376,148,4969,-334,512,-118,382
464305,-61,231,2371,-372,564,-92,382
464310,359,593,2146,42,-128,-161,382
464315,522,667,2710,700,-623,-321,382
464320,1255,630,7502,-127,-873,-453,382
464325,-290,-1402,-333,-576,755,-681,382
464330,624,194,5194,-53,-1512,-498,382
464335,677,-232,5414,-363,-1175,-603,382
464340,1146,-1169,6721,-852,-969,-522,382
464345,-170,-1096,2610,-624,-326,-220,382
464350,813,-976,6133,104,-1277,61,382
464355,990,-227,5415,114,-1005,365,382
464360,345,618,2418,102,-507,484,382
464365,147,30,4520,-114,-769,323,382
464370,9,229,2762,-264,-232,167,382
464375,176,-237,3528,-211,-441,26,382
464380,791,5,3221,-850,-389,84,382
464385,356,1549,3534,-1579,-101,140,382
464390,257,172,2880,-494,-150,-281,382
464395,821,390,8178,-8,-861,-473,382
464400,884,-547,9118,264,391,-600,382
464405,261,-2162,3197,594,1347,-544,382
464410,562,-1074,2003,211,824,-62,382
464415,713,-458,4016,858,-114,-75,382
464420,1316,-235,8062,476,-711,-82,382
464425,870,-1223,2714,-110,264,28,382
464430,276,-311,4600,223,-838,133,382
464435,269,592,4342,662,-924,-34,382
464440,54,338,3512,979,-528,-238,382
464445,663,-5,5799,801,-403,-362,382
464450,608,-326,3814,592,540,-387,382
464455,375,-224,1410,858,322,-343,382
464460,1192,-438,8321,-334,-807,-121,382
464465,733,-88,5178,-1028,506,227,382
464470,35,-423,3514,-722,122,496,382
464475,160,166,3500,-285,-8,696,382
464480,120,1090,2969,462,38,640,382
464485,290,370,5327,691,-331,260,382
464490,649,-1683,2190,-70,428,-33,382
464495,272,-127,676,-923,189,202,382
464500,-13,596,5099,-547,-877,156,382
464505,276,-655,5760,-539,-874,-7,382
464510,1593,-111,7020,-1004,-456,-58,382
464515,1201,-102,8241,-189,-210,-109,382
464520,645,-183,5923,423,441,-251,382
464525,1118,-682,5561,145,833,-377,382
464530,713,-839,4254,313,1451,-359,382
464535,499,-628,2552,242,1440,-303,383
464540,590,-707,3038,415,723,-233,383
464545,519,20,2553,944,524,-155,383
464550,429,-1176,4695,707,453,-178,383
464555,275,-1241,1975,329,826,94,383
464560,34,189,2710,517,-188,547,383
464565,623,895,7608,569,-1037,645,383
464570,223,59,2882,-737,270,560,383
464575,490,263,7509,-277,-367,501,383
464580,658,764,7583,-46,115,371,383
464585,786,1449,6540,132,1014,161,383
464590,214,276,3861,240,2092,-298,383
464595,623,-1251,3145,234,1932,-467,383
464600,199,-549,-984,27,1693,-283,383
464605,-48,548,2314,394,452,-199,383
464610,236,-357,660,628,383,-428,383
464615,1014,-1223,2919,486,-761,-317,383
464620,412,110,4159,-984,-519,187,383
464625,71,443,4258,160,-618,264,383
464630,1164,-620,9410,-118,-1551,83,383
464635,905,587,8478,-286,-13,179,383
464640,220,726,5586,-296,800,34,383
464645,337,1128,4899,-290,689,-257,383
464650,724,724,4983,-131,1162,-566,383
464655,391,-1097,2416,35,1803,-762,383
464660,486,546,1282,-173,1048,-545,383
464665,49,-338,1130,255,466,-558,383
464670,380,-1273,2925,587,-221,-590,383
464675,428,-2374,2977,445,-519,-320,383
464680,1089,-131,8578,-630,-995,232,383
464685,-144,377,1797,-500,80,363,383
464690,53,982,5214,-547,-1345,187,383
464695,716,365,5507,-463,-1141,-184,383
464700,727,272,3251,-1477,-645,-174,383
464705,-4,1190,5320,-380,-1093,-384,383
464710,1059,461,9587,637,-932,-698,383
464715,674,-792,6710,678,796,-818,383
464720,723,-1789,3367,528,1692,-778,383
464725,723,-1552,2301,487,1385,-559,383
464730,418,-1028,1470,1011,1014,-369,383
464735,1047,735,7580,409,-116,-127,383
464740,385,-922,126,-109,1349,-108,383
464745,602,-656,4035,120,-157,124,383
464750,404,480,4687,876,-316,327,383
464755,339,611,4131,403,-166,329,383
464760,389,757,4631,394,-3,195,383
464765,622,-120,5076,248,156,-42,383
464770,967,-324,8435,89,353,-113,383
464775,-302,-456,3001,-531,1722,-38,383
464780,504,-829,2951,-698,1030,155,384
464785,735,621,3453,-156,475,324,384
464790,418,316,1489,230,423,251,384
464795,-407,583,1283,534,-201,72,384
464800,895,-3,3408,699,-1063,-194,384
464805,631,22,5767,-1029,-1001,-100,384
464810,-177,-1124,3532,-637,-312,27,384
464815,-64,1036,5190,-245,-1122,116,384
464820,714,274,8605,140,-930,-177,384
464825,362,126,3610,44,738,-323,384
464830,91,-575,4453,401,773,-425,384
464835,597,-493,5658,216,669,-299,384
464840,764,-613,1394,-421,1038,-135,384
464845,271,-113,4281,-259,14,17,384
464850,438,251,3038,-50,-88,70,384
464855,311,-140,2310,223,-545,84,384
464860,414,72,3196,763,-1118,105,384
464865,295,-173,2163,284,-1185,13,384
464870,409,-405,3983,-78,-1395,-43,384
464875,-158,-387,3587,10,-1107,-55,384
464880,495,887,8429,-511,-1534,-26,384
464885,258,490,4132,-1001,259,-304,384
464890,556,561,6656,-621,421,-610,384
464895,605,-8,4143,-300,1195,-761,384
464900,880,418,2865,-47,739,-699,384
464905,848,-298,5049,-191,132,-717,384
464910,809,-830,4046,-345,102,-511,384
464915,325,-1255,2666,105,-248,-238,384
464920,871,-774,3930,1189,-1233,-127,384
464925,1063,-1189,7685,292,-1357,5,384
464930,637,-1051,5153,52,-326,130,384
464935,400,-829,5742,96,-727,236,384
464940,258,18,3820,278,-218,230,384
464945,449,874,5308,412,-165,108,384
464950,458,499,5827,638,723,-195,384
464955,382,-465,4073,713,1383,-409,384
464960,550,-390,3642,882,1128,-287,384
464965,124,-474,3126,905,1164,-83,384
464970,186,-246,4817,155,879,240,384
464975,231,492,2057,-469,980,480,384
464980,607,894,5322,490,-452,374,384
464985,414,157,4663,477,-267,134,384
464990,-13,-574,3663,960,-104,17,384
464995,731,-477,6755,866,-586,-54,384
465000,652,-509,2432,67,397,-102,384
465005,269,548,5469,566,-192,-139,384
465010,232,718,4051,1129,76,-423,384
465015,538,-1534,3094,1390,-32,-667,384
465020,683,-705,5661,1126,-331,-277,384
465025,939,698,7320,-674,297,88,385
465030,222,-999,3040,-873,1056,121,385
465035,554,1048,5257,-319,-4,346,385
465040,519,944,3958,528,225,74,385
465045,580,745,2384,792,502,-229,385
465050,-85,-1325,1008,696,502,-403,385
465055,968,-616,5682,-59,-1126,-81,385
465060,964,1043,5013,-1621,-338,40,385
465065,129,-380,5194,-111,-212,-115,385
465070,627,458,7452,174,-423,-92,385
465075,407,-211,5391,494,771,-216,385
465080,699,-151,5964,575,832,-273,385
465085,225,-1391,2621,72,1443,-238,385
465090,457,-682,3231,-18,744,25,385
465095,256,216,2523,129,449,192,385
465100,430,128,3155,469,-128,151,385
465105,922,426,5276,-167,-384,106,385
465110,-79,-129,2013,-130,166,92,385
465115,85,-411,3059,-117,-716,105,385
465120,485,642,3588,150,-1457,114,385
465125,774,1153,9789,197,-1962,-112,385
465130,454,259,5538,-509,-98,-339,385
465135,224,-268,6330,-199,40,-497,385
465140,428,-421,4065,-375,549,-514,385
465145,547,-112,5199,-86,419,-533,385
465150,370,317,2211,-429,881,-416,385
465155,-77,610,2649,-289,754,-393,385
465160,348,-873,2958,-87,271,-455,385
465165,696,-364,2102,-469,148,-221,385
465170,302,-251,3649,-344,-326,-238,385
465175,894,91,7174,-4,-832,-261,385
465180,456,-1525,4640,500,-56,-316,385
465185,837,-527,6712,-118,-234,-73,385
465190,687,-516,7283,112,345,35,385
465195,123,567,2033,164,657,72,385
465200,506,918,4490,207,-102,-190,385
465205,879,-99,3370,121,449,-427,385
465210,397,-366,2077,169,371,-432,385
465215,-127,-470,1957,368,-173,-421,385
465220,82,-801,3274,395,-899,-305,385
465225,1125,634,6730,-827,-899,5,385
465230,-130,269,3691,-551,142,37,385
465235,188,1018,6250,-354,-757,-114,385
465240,695,223,7770,142,-35,-375,385
