timestamp_ms,ax,ay,az,gx,gy,gz,wheel_pulse
501045,333,25,4315,39,-6,-42,386
501050,330,34,4330,33,-10,-42,386
501055,329,40,4320,28,-13,-44,386
501060,344,33,4328,43,-10,-48,386
501065,343,33,4325,36,-5,-43,386
501070,342,43,4324,40,-10,-43,386
501075,342,34,4332,41,-6,-48,386
501080,335,36,4297,33,-8,-42,386
501085,336,33,4324,31,-6,-40,386
501090,344,55,4307,33,-12,-45,386
501095,230,152,4573,25,-8,-42,386
501100,-78,604,4714,54,70,-95,386
501105,-460,300,5708,51,195,-268,386
501110,-633,348,6362,60,796,-380,386
501115,-1614,895,5291,50,1350,-492,386
501120,-2725,-980,4777,-369,1213,-727,386
501125,-1926,-1050,3960,-346,1305,-543,386
501130,-1504,-820,3437,573,749,-110,386
501135,-1521,-1599,4770,695,191,410,386
501140,-308,288,2818,225,923,873,386
501145,-470,333,2033,-303,484,934,386
501150,-33,-296,4101,-188,-899,764,386
501155,-1372,1131,3275,829,-837,491,386
501160,-1504,1011,4130,427,-324,205,386
501165,-1222,-500,3057,-608,-110,-47,386
501170,-1083,608,4321,1027,-1024,-191,386
501175,-409,5,7153,436,-861,-321,386
501180,-1051,-707,2531,466,714,-282,386
501185,-850,28,4330,512,-95,-163,386
501190,-838,158,3180,378,69,-142,386
501195,-933,566,2445,303,74,-171,386
501200,-638,1283,3622,541,-496,-299,386
501205,-527,500,4079,262,-411,-515,386
501210,-533,-341,2768,-208,-182,-545,386
501215,-287,-1303,6199,32,-881,-450,386
501220,-730,-456,5256,71,-383,-97,386
501225,-376,723,7091,-244,-274,134,386
501230,-497,488,5773,-385,615,0,386
501235,-370,236,3326,-19,1083,-148,387
501240,-89,410,3456,309,481,-247,387
501245,-250,295,4093,1153,334,-415,387
501250,-519,-547,3443,953,668,-423,387
501255,-416,-1130,6832,-592,200,-111,387
501260,-590,120,2019,861,1139,-3,387
501265,-518,-73,3165,1085,356,-109,387
501270,-61,-4,6317,878,-318,-133,387
501275,-1002,-317,2610,457,388,-104,387
501280,-227,-1213,1799,-143,-113,8,387
501285,-158,-1424,2787,-1170,-1057,444,387
501290,-724,1374,5068,272,-1185,748,387
501295,-378,1115,6013,-867,-474,590,387
501300,-171,-16,6735,-363,-137,393,387
501305,158,855,6479,460,592,289,387
501310,517,-324,1093,660,1789,40,387
501315,92,1014,4384,700,359,-64,387
501320,662,-117,2576,500,666,-329,387
501325,-169,-1729,3841,-672,-400,-95,387
501330,-620,23,2270,-397,-376,479,387
501335,468,1603,6052,-946,-333,583,387
501340,839,577,7003,-214,-121,200,387
501345,383,-26,3197,440,207,4,387
501350,-63,833,4564,690,116,0,387
501355,825,-64,5070,-468,107,-124,387
501360,-33,12,4676,227,-1,-239,387
501365,-259,957,6729,251,-44,-314,387
501370,-55,398,2932,-935,857,-505,387
501375,414,-605,1805,-343,642,-686,387
501380,-87,-211,1292,875,-268,-686,387
501385,503,1370,5979,356,-1060,-669,387
501390,280,-539,1812,-2014,-59,-624,387
501395,-438,137,3804,886,-1433,-622,387
501400,175,614,8467,1128,-1432,-601,387
501405,21,-1923,4425,324,-17,-525,387
501410,549,-87,4076,282,-201,-142,387
501415,46,1379,4697,150,-48,-92,387
501420,-108,446,2878,-759,471,-305,387
501425,338,-369,1786,95,-110,-437,387
501430,181,-477,3557,578,-1058,-360,387
501435,513,1425,7697,41,-1044,-166,387
501440,480,171,4363,-659,-251,-323,387
501445,-36,-535,3972,-390,-789,-331,387
501450,-313,498,4427,849,-635,-343,387
501455,218,-198,4391,63,207,-394,388
501460,534,-1060,6377,-143,-119,-250,388
501465,418,-99,5946,317,399,-5,388
501470,196,-135,1669,303,981,40,388
501475,422,105,2696,214,-239,162,388
501480,-90,617,6427,370,-776,156,388
501485,-114,-610,4006,-1620,278,166,388
501490,-548,748,-1301,-357,549,260,388
501495,204,533,4167,1747,-1498,-100,388
501500,285,5,2880,292,-1001,-282,388
501505,-7,524,7718,-446,-1183,-145,388
501510,1012,-289,6806,-1154,-163,-126,388
501515,1329,-244,7730,-443,-169,13,388
501520,-11,954,5913,-249,389,113,388
501525,967,456,4811,54,329,-92,388
501530,937,657,5106,239,-108,-194,388
501535,441,82,362,62,749,-318,388
501540,570,-488,650,-348,-567,-278,388
501545,491,517,547,1032,-1924,-298,388
501550,1143,535,4454,1726,-3012,-446,388
501555,1203,-1500,1698,-746,-1819,-376,388
501560,239,638,5821,-1901,-1572,-83,388
501565,1723,-788,10302,-2300,-966,-112,388
501570,875,-563,8093,-1682,-9,80,388
501575,-914,1529,1799,-180,721,209,388
501580,1004,820,9636,-212,-795,-235,388
501585,1248,113,4266,-851,1605,-453,388
501590,316,-1168,-1205,-557,1484,-422,388
501595,843,-106,6993,289,-1252,-156,388
501600,-56,-834,1216,2458,411,-371,388
501605,1016,-288,7220,86,-783,-111,388
501610,950,-185,1820,-227,22,11,388
501615,-49,-267,3800,780,-844,-149,388
501620,745,132,8690,699,-1364,-332,388
501625,736,-485,4510,27,249,-367,388
501630,139,-201,2427,552,195,-347,388
501635,662,-41,7917,571,-411,-336,388
501640,494,235,2473,346,1334,-172,388
501645,40,-222,2481,-374,778,101,388
501650,194,398,2689,321,261,296,388
501655,240,988,2230,1395,193,77,388
501660,691,759,7982,565,-193,-76,388
501665,636,-1510,3557,-255,1252,-89,388
501670,663,215,2500,-456,361,127,389
501675,1354,1243,10416,-47,-945,-40,389
501680,411,-254,5339,-99,1378,-292,389
501685,476,-454,5235,241,1185,-242,389
501690,924,-50,3736,919,985,-281,389
501695,731,-293,4374,919,922,-393,389
501700,-19,-927,2141,900,1238,-387,389
501705,604,-539,4503,-96,636,-145,389
501710,-81,201,2086,595,1240,125,389
501715,1043,240,6479,-154,424,176,389
501720,598,-907,3971,-796,905,305,389
501725,176,930,5346,-694,376,736,389
501730,209,1340,3303,-359,694,730,389
501735,219,1138,2431,-242,257,512,389
501740,261,1220,3744,-63,-56,118,389
501745,607,890,6140,449,84,-358,389
501750,222,-697,3246,896,559,-875,389
501755,814,-1316,6444,196,-443,-718,389
501760,238,-158,2063,-877,131,-143,389
501765,-215,649,4683,-50,-734,-101,389
501770,507,318,3550,342,-490,-363,389
501775,901,105,5267,-688,-662,-289,389
501780,675,-415,6302,-730,32,-88,389
501785,338,742,4462,-68,417,32,389
501790,491,656,5429,837,94,-150,389
501795,900,540,6290,460,885,-357,389
501800,521,-330,1812,-355,2039,-440,389
501805,288,-124,2882,-214,1049,-390,389
501810,402,-572,2259,347,464,-345,389
501815,894,-469,5391,-471,56,-79,389
501820,169,-396,3371,-630,664,310,389
501825,194,515,4781,-703,-216,622,389
501830,208,426,4316,-38,-279,541,389
501835,132,759,922,209,-53,408,389
501840,563,793,4601,-750,-1105,124,389
501845,151,396,4032,-956,-695,-176,389
501850,135,1721,4206,-216,-694,-587,389
501855,384,-1240,8189,280,-467,-1254,389
501860,318,-762,5598,97,856,-988,389
501865,-17,-366,961,-368,1364,-691,389
501870,622,-565,4933,253,246,-628,389
501875,315,83,2911,1307,837,-472,389
501880,354,-352,3811,246,535,-227,389
501885,481,-423,3142,-1121,187,216,389
501890,536,531,4840,-298,-438,367,389
501895,227,1628,4637,74,-401,234,389
501900,64,634,3760,754,-312,-390,389
501905,1061,-398,7753,49,-370,-646,389
501910,825,237,3868,391,781,-669,389
501915,118,1544,2592,873,51,-854,389
501920,909,73,7014,717,-256,-1357,390
501925,654,-1623,2587,209,1072,-1404,390
501930,202,-682,4864,-430,-157,-882,390
501935,52,-1535,1777,-154,171,-603,390
501940,120,-693,3988,88,-879,-133,390
501945,1086,-553,6588,-572,-999,310,390
501950,302,1116,2838,-786,16,648,390
501955,-196,616,6258,-561,-731,518,390
501960,-47,1366,5886,26,-214,262,390
501965,-1,1037,3928,480,742,-299,390
501970,247,-266,2226,101,734,-691,390
501975,577,-428,4182,-569,218,-529,390
501980,-156,-79,236,43,560,-455,390
501985,704,-306,8105,409,-1076,-470,390
501990,739,-841,3825,-503,320,-275,390
501995,114,-518,3188,-584,-243,74,390
502000,456,343,6232,-129,-1136,215,390
502005,576,1474,4604,-405,-372,169,390
502010,430,436,4213,-389,-100,-114,390
502015,180,-117,2965,-295,0,-206,390
502020,223,434,3319,69,-504,-234,390
502025,216,390,4119,-12,-746,-397,390
502030,630,-1024,3718,-583,-668,-478,390
502035,153,339,4065,-667,-890,-213,390
502040,68,36,7538,140,-1048,-215,390
502045,431,75,4753,240,-35,-179,390
502050,378,-265,4654,88,200,-149,390
502055,380,-1031,3540,53,585,-184,390
502060,519,-346,3654,-219,153,103,390
502065,438,559,3255,-133,-98,151,390
502070,371,548,3222,147,-197,-7,390
502075,650,-348,3601,212,-483,-157,390
502080,675,-266,4525,58,-756,-73,390
502085,415,-354,6216,-52,-810,64,390
502090,209,246,4601,315,-375,144,390
502095,412,45,5073,627,-354,116,390
502100,655,-256,5858,482,-95,132,390
502105,354,-434,2969,-16,677,253,390
502110,341,1191,4520,31,30,362,390
502115,448,610,4670,-193,-112,146,390
502120,526,757,6460,118,48,-166,390
502125,294,-106,4282,-13,566,-326,390
502130,121,-1005,672,-434,539,-287,390
502135,249,120,3578,194,-630,-197,390
502140,208,100,2411,668,-586,-223,390
502145,152,-497,2618,789,-1155,-236,390
502150,326,132,7076,160,-1477,-173,390
502155,92,-375,2092,169,-362,-102,390
502160,-53,186,5762,405,-1104,-31,390
502165,173,392,5097,1228,-495,-55,390
502170,570,50,5753,1115,-216,-127,390
502175,557,-1322,4343,864,386,-114,390
502180,562,-230,4461,744,298,233,390
502185,355,799,6582,731,173,418,390
502190,688,219,3749,-825,809,426,391
502195,355,1321,6696,-702,739,362,391
502200,183,-320,2272,-131,1441,114,391
502205,439,1083,2997,-190,848,83,391
502210,431,467,1601,650,762,-195,391
502215,521,54,2741,917,-58,-349,391
502220,545,-325,5109,-461,-306,-316,391
502225,-207,-152,1599,-748,245,-237,391
502230,147,442,3633,267,-1099,-300,391
502235,596,236,5638,445,-1324,-436,391
502240,404,-663,4115,640,-783,-493,391
502245,252,-1845,4825,481,-1028,-216,391
502250,334,-148,3827,687,-1228,226,391
502255,1343,1639,9439,-437,-1617,328,391
502260,1312,1110,7503,-2415,262,249,391
502265,1179,-308,8905,-2839,1310,307,391
502270,942,1550,8598,-2428,2150,454,391
502275,1434,1761,6637,-2607,3104,162,391
502280,626,719,4218,-2369,4066,-402,391
502285,-231,1603,496,-1448,4260,-977,391
502290,370,735,-815,-698,3167,-1487,391
502295,-509,-590,1350,-800,1540,-1700,391
502300,375,-503,3222,-530,796,-1697,391
502305,122,163,2474,31,757,-1565,391
502310,-309,-1972,-1353,-165,636,-1492,391
502315,26,-1794,2798,470,-1077,-1075,391
502320,-123,-847,3597,533,-1329,-598,391
502325,-895,193,2329,797,-1640,-372,391
502330,-404,-643,3372,1342,-2485,-580,391
502335,231,-988,3203,1710,-2591,-614,391
502340,-594,-1092,834,2667,-2993,-594,391
502345,183,-245,3909,2815,-3999,-541,391
502350,-77,-1771,2774,3848,-3561,-381,391
502355,768,352,13745,1812,-4313,151,391
502360,-175,-1456,245,-905,-613,563,391
502365,990,585,10758,-924,-2465,1066,391
502370,1365,866,9704,-1425,-757,1448,391
502375,764,2464,5017,-782,681,1264,391
502380,437,3772,3352,-273,613,590,391
502385,869,2903,1978,1161,32,-599,391
502390,518,-129,87,1484,-273,-1401,391
502395,508,-827,3734,1396,-689,-1610,391
502400,826,-1540,4097,-335,128,-1348,391
502405,-176,-790,-179,-728,584,-925,391
502410,102,-1285,4419,-1282,-1329,-571,391
502415,296,-159,5113,-839,-1555,-198,391
502420,136,-194,5381,-110,-1396,-63,391
502425,796,-152,7594,204,-975,138,391
502430,360,-256,5251,148,-106,260,391
502435,185,19,7990,798,-361,129,391
502440,354,-197,4825,630,552,13,391
502445,130,944,2715,57,858,25,391
502450,-51,-18,1128,371,732,-228,391
502455,518,470,1913,785,-402,-285,391
502460,465,360,2659,606,-582,-318,391
502465,449,384,4918,-186,-983,-309,392
502470,186,-99,2129,-2153,-448,-189,392
502475,530,1228,5079,-826,-1539,-175,392
502480,1102,967,9524,-414,-1839,-516,392
502485,480,101,5160,405,-437,-854,392
502490,171,-282,5447,654,-521,-862,392
502495,207,-2372,4092,715,64,-799,392
502500,854,-2548,3250,319,-83,-232,392
502505,725,-438,4081,128,-516,488,392
502510,310,32,3303,102,-272,712,392
502515,437,-89,4019,41,-542,842,392
502520,761,849,4273,161,-461,862,392
502525,112,1015,2861,-269,-227,691,392
502530,-1,1624,2128,-207,-656,374,392
502535,587,1433,5526,-506,-1327,-63,392
502540,423,763,5375,-974,-874,-342,392
502545,438,1149,5296,-281,-651,-709,392
502550,488,912,7765,26,-454,-1112,392
502555,222,-404,4661,354,560,-1364,392
502560,149,-1931,2997,769,520,-1249,392
502565,897,-2807,3389,-301,-105,-575,392
502570,1073,-2164,934,-730,-666,378,392
502575,983,-2258,97,-1829,-1887,1338,392
502580,818,-576,1607,-1920,-3475,2302,392
502585,503,2052,5701,-1429,-4386,2632,392
502590,-274,1694,6528,-1277,-3681,2239,392
502595,-343,1348,3414,-1208,-3097,1681,392
502600,856,1509,6041,-863,-3647,1136,392
502605,823,-114,6201,-219,-2639,706,392
502610,828,43,5786,-650,-1602,786,392
502615,756,154,5408,-482,-1059,776,392
502620,635,-292,4677,-433,-866,718,392
502625,738,-1062,4750,-407,-480,775,392
502630,720,-1151,3139,-217,74,1045,392
502635,397,-1031,2723,310,203,1329,392
502640,887,-174,6327,48,109,1536,392
502645,1211,374,5548,-27,1332,1510,392
502650,1831,-1028,3931,602,1973,1299,392
502655,1632,94,5354,1552,1652,1187,392
502660,1437,1902,7317,1053,1996,717,392
502665,933,930,6835,29,2991,207,392
502670,456,-709,3447,302,3679,-268,392
502675,32,1678,6492,1674,2823,-583,392
502680,685,-219,-2171,820,3459,-967,392
502685,689,13,4062,56,955,-955,392
502690,304,580,-149,1953,873,-1207,392
502695,551,-492,3759,1032,-1650,-948,392
502700,-118,-525,5731,942,-1843,-662,392
502705,-1075,27,5996,449,-860,-359,392
502710,-1119,-211,5400,-353,-202,-198,392
502715,102,313,5065,167,-310,-160,392
502720,492,-9,4277,-31,-188,-232,392
502725,1033,-1013,6227,-50,344,-276,392
502730,-127,659,101,493,1422,-311,392
502735,374,-1150,6222,258,-397,-274,392
502740,454,-205,5206,236,340,-102,392
502745,752,-1098,2630,19,644,52,392
502750,1131,-458,6077,-293,-19,596,392
502755,999,1065,5378,197,485,818,392
502760,1211,1094,5607,-176,507,607,392
502765,877,782,3594,111,977,143,393
502770,684,316,2272,359,555,-248,393
502775,677,583,5216,215,-56,-391,393
502780,407,-116,4754,105,878,-627,393
502785,780,-445,3415,-314,1061,-585,393
502790,741,-451,5372,-40,500,-504,393
502795,236,-111,4581,198,819,-424,393
502800,370,-396,3342,222,901,-205,393
502805,274,-109,3385,1066,523,-115,393
502810,755,531,5277,213,147,-95,393
502815,233,-1002,3225,-23,592,-191,393
502820,195,-601,4676,-427,-129,-60,393
502825,429,824,7045,-387,-6,171,393
502830,565,1180,7290,-330,883,37,393
502835,498,-44,5245,-11,1481,-203,393
502840,384,-319,3404,424,1628,-249,393
502845,986,347,4324,-407,1421,-76,393
502850,394,399,2250,-832,1886,-11,393
502855,-72,408,3393,-640,1380,9,393
502860,572,256,3217,115,960,-177,393
502865,801,-1046,4970,377,455,-365,393
502870,169,-971,3672,1046,699,-285,393
502875,846,-151,8818,512,224,-134,393
502880,124,-674,2561,-147,1690,-14,393
502885,184,-1524,3211,-200,879,166,393
502890,482,515,4331,179,315,498,393
502895,-43,1562,2162,363,764,463,393
502900,417,1548,4552,382,373,236,393
502905,410,830,5696,71,659,-122,393
502910,269,-90,3787,296,903,-305,393
502915,-12,24,4161,378,222,-319,393
502920,533,294,3955,254,400,-323,393
502925,375,-30,3425,-116,331,-355,393
502930,308,-412,2710,-775,-11,-242,393
502935,134,517,4929,-918,-492,0,393
502940,327,563,3820,87,-340,-116,393
502945,991,795,7765,322,-959,-272,393
502950,329,-267,4687,372,249,-440,393
502955,-36,-815,3102,394,446,-476,393
502960,738,-818,6653,407,-243,-449,393
502965,557,-748,3799,-151,666,-204,393
502970,-21,-884,1477,-1430,747,111,393
502975,389,131,3803,-628,-255,349,393
502980,444,1924,10137,92,-559,372,393
502985,413,1646,311,1421,972,-44,393
502990,10,-577,6014,469,-188,-363,393
502995,1090,250,6673,172,979,-311,393
503000,475,196,2085,483,1307,-512,393
503005,424,-644,5540,169,49,-599,393
503010,-461,-490,2507,372,924,-496,393
503015,456,840,5510,-756,588,-252,393
503020,217,-1104,1703,121,715,-234,393
503025,610,715,6483,123,-211,79,393
503030,-115,-127,1957,365,1193,-26,393
503035,370,67,5297,114,155,-48,393
503040,352,-506,4220,-686,500,118,394
503045,-77,455,3268,-766,181,359,394
503050,241,1206,3844,-573,-532,230,394
503055,292,730,2490,-195,-553,-77,394
503060,-52,97,3431,576,-1236,-254,394
503065,800,270,8905,-406,-1484,-243,394
503070,36,-509,1545,-53,184,-241,394
503075,632,446,7820,-151,-1524,-341,394
503080,299,-744,7354,-870,-188,-408,394
503085,88,-936,3581,-795,922,-210,394
503090,511,-550,3652,537,244,-43,394
503095,992,620,5740,1133,-160,49,394
503100,966,-209,8236,261,591,35,394
503105,364,-151,2004,124,1796,158,394
503110,600,88,2917,202,518,148,394
503115,528,635,3259,274,264,40,394
503120,525,-499,447,-170,267,-93,394
503125,306,-254,467,-493,-1111,139,394
503130,154,466,4019,-932,-1897,325,394
503135,-137,1044,3184,-1202,-1355,373,394
503140,520,1658,9108,-100,-2016,100,394
503145,-514,572,5520,404,-522,-440,394
503150,272,-190,4223,-962,-73,-574,394
503155,733,-705,4758,-769,79,-454,394
503160,361,239,2779,-653,87,-298,394
503165,524,-145,5503,-410,-563,-409,394
503170,395,-310,5708,-240,-91,-488,394
503175,881,-446,3039,-16,372,-430,394
503180,380,-1056,2913,-63,-249,-309,394
503185,438,78,4824,216,-678,-101,394
503190,-271,-849,1664,621,-61,-69,394
503195,562,353,7052,676,-1033,200,394
503200,1563,-76,4406,-616,43,236,394
503205,910,290,5789,-112,-398,279,394
503210,264,469,5195,8,-308,208,394
503215,733,1265,5976,260,-203,91,394
503220,465,548,5422,160,546,-159,394
503225,308,-605,2481,58,838,-247,394
503230,514,818,4488,88,209,-105,394
503235,445,-149,2386,-352,722,-199,394
503240,742,-48,5623,-451,-76,-180,394
503245,614,739,2329,-445,328,-197,394
503250,519,46,6378,-464,-561,-397,394
503255,163,-335,5008,114,38,-537,394
503260,419,-672,5385,726,336,-547,394
503265,410,-1405,4778,246,838,-276,394
503270,59,-628,1828,37,1030,45,394
503275,663,506,3960,332,17,115,394
503280,393,-52,3059,1356,109,-88,394
503285,726,211,6074,474,-661,-61,394
503290,102,180,3531,21,89,-65,394
503295,86,204,5322,522,-508,-280,394
503300,668,-103,6949,930,-549,-280,394
503305,357,557,4728,522,589,-112,394
503310,522,598,5162,723,823,-236,395
503315,543,-424,4898,1033,995,-377,395
503320,152,-1014,2879,1122,1323,-264,395
503325,47,-523,2454,796,963,20,395
503330,7,48,3621,654,593,244,395
503335,142,24,1921,-360,759,462,395
503340,5,446,3227,-1025,239,658,395
503345,241,315,2501,-1646,306,869,395
503350,-241,1302,3922,-874,-71,817,395
503355,1462,3050,7916,1272,-419,197,395
503360,705,905,7396,834,216,-560,395
503365,-223,-1556,1169,770,1719,-891,395
503370,413,-1922,1774,78,531,-452,395
503375,897,312,7829,-203,-456,-83,395
503380,62,451,295,-696,863,-63,395
503385,346,933,26,-457,-861,-169,395
503390,447,946,3538,-156,-2188,-426,395
503395,1503,1289,14411,-730,-2182,-672,395
503400,407,-1122,3335,-47,291,-808,395
503405,1041,-1357,10446,-739,-1521,-552,395
503410,316,-345,7632,-359,635,-30,395
503415,30,266,2745,-486,1624,343,395
503420,59,45,1603,190,1593,269,395
503425,283,1763,440,1439,1365,144,395
503430,-22,-1157,-260,1566,748,-421,395
503435,489,-507,558,1627,-295,-310,395
503440,1188,-383,4963,-23,-1073,-157,395
503445,-245,511,7311,-4240,-475,216,395
503450,-580,550,1696,-868,-354,227,395
503455,1006,773,7901,-821,-2242,-2,395
503460,734,391,12150,463,-773,-354,395
503465,33,472,3736,154,1520,-338,395
503470,124,-311,2516,-533,1133,-511,395
503475,-269,-1548,1298,939,867,-703,395
503480,300,-944,1075,1141,286,-452,395
503485,478,-379,3411,507,-355,-68,395
503490,68,109,2826,65,63,158,395
503495,37,431,2898,-216,-129,184,395
503500,526,-31,4438,-635,-463,127,395
503505,200,576,2885,-1081,-280,219,395
503510,-24,1130,3857,-530,-1079,83,395
503515,818,790,11054,188,-1563,-256,395
503520,1144,-43,8151,628,165,-449,395
503525,886,-244,8510,343,-115,-458,395
503530,368,-281,5063,60,1060,-416,395
503535,444,-1116,4308,-287,1295,-315,395
503540,825,134,5167,161,1017,-121,395
503545,-287,-97,-3182,657,1634,-77,395
503550,127,459,-4,182,-421,-48,395
503555,628,1205,3397,767,-492,-208,395
503560,53,310,408,179,6,-368,395
503565,111,-400,3883,-1030,-1268,-384,395
503570,-148,-1802,3761,-1801,-1019,-219,395
503575,-272,660,1957,-342,-1031,-17,395
503580,1182,2937,12717,-166,-2054,-276,395
503585,708,-373,6834,-391,281,-664,396
503590,891,-601,7296,-16,150,-490,396
503595,215,-644,4130,-249,904,-310,396
503600,419,192,3285,139,709,-218,396
503605,-61,130,1424,1464,684,-440,396
503610,-369,-676,-1002,2334,-206,-275,396
503615,664,-491,-55,752,-1328,-367,396
503620,386,-1284,5454,-948,-761,-161,396
503625,-541,35,-501,-1107,1369,136,396
503630,242,925,5652,-760,-1880,-67,396
503635,1266,127,14141,-757,-2522,7,396
503640,1,100,2941,-468,1360,154,396
503645,290,499,7066,-85,10,260,396
503650,320,306,5560,555,642,220,396
503655,759,-91,6230,-235,1096,261,396
503660,435,1084,2159,-1415,2172,301,396
503665,485,856,3597,-1069,1603,-65,396
503670,818,495,2482,-404,1170,-502,396
503675,375,740,4548,134,406,-838,396
503680,136,-1660,2744,-406,492,-973,396
503685,545,-1083,5338,-88,-339,-611,396
503690,356,-704,1041,538,-108,-485,396
503695,541,-798,4488,435,-1207,-273,396
503700,216,-1259,1543,349,-619,-27,396
503705,379,-795,3832,411,-1647,307,396
503710,284,451,5300,-176,-1768,594,396
503715,-34,1093,4330,-323,-1274,634,396
503720,-60,1339,7425,-304,-1451,336,396
503725,395,913,5364,-743,-305,36,396
503730,568,635,7544,-630,77,-232,396
503735,150,6,5255,-177,1048,-474,396
503740,336,277,4620,209,1408,-599,396
503745,915,416,6015,152,1724,-811,396
503750,379,-1507,-1089,203,2410,-973,396
503755,1535,-1109,5161,2,57,-518,396
503760,530,-1444,2155,2,554,45,396
503765,252,324,2886,366,-574,567,396
503770,264,451,4860,149,-1374,631,396
503775,270,254,4642,-13,-820,490,396
503780,466,-211,4320,-429,-354,331,396
503785,437,575,3978,-303,-669,266,396
503790,338,1837,5981,-38,-672,-58,396
503795,323,100,4177,146,338,-591,396
503800,470,118,7905,155,122,-685,396
503805,-160,-264,2509,117,1388,-611,396
503810,359,-1012,5027,-259,791,-484,396
503815,398,-191,3042,-18,1211,-216,396
503820,-147,-37,862,702,877,-124,396
503825,399,1311,2710,1469,-493,-332,396
503830,1263,524,6656,496,-980,-733,396
503835,-50,-1594,767,989,-160,-948,396
503840,316,-800,5347,1084,-2112,-657,396
503845,868,-881,8137,327,-2229,-277,396
503850,201,-30,3568,78,-761,170,396
503855,60,742,6953,126,-965,272,396
503860,59,183,4516,21,156,189,396
503865,215,178,5359,221,541,222,396
503870,56,-339,2796,727,1234,248,396
503875,144,95,3886,1091,1102,243,396
503880,1230,-692,8082,94,1430,186,396
503885,531,-161,675,74,2765,306,397
503890,737,473,8566,279,533,302,397
503895,513,-93,3728,87,1732,330,397
503900,609,243,2638,130,1269,404,397
503905,803,638,3458,-3,190,386,397
503910,130,168,3417,466,71,115,397
503915,280,435,2314,1081,-324,-150,397
503920,600,-116,5080,685,-915,-350,397
503925,362,-542,5085,1354,-132,-490,397
503930,519,-490,7631,624,189,-411,397
503935,-254,-1566,1057,512,1392,-190,397
503940,166,626,5677,859,-10,268,397
503945,206,449,3481,1009,584,274,397
503950,-492,286,1289,903,294,305,397
503955,344,81,4583,-1238,-654,562,397
503960,-203,1772,3148,-1859,115,785,397
503965,-338,1090,3012,-570,-323,528,397
503970,550,1198,6218,-929,-1112,308,397
503975,395,-684,6151,-670,-32,20,397
503980,404,445,3935,-636,104,100,397
503985,688,737,6187,344,-856,-218,397
503990,803,-287,4646,898,-72,-558,397
503995,173,-89,2645,928,217,-608,397
504000,555,-1829,5500,516,-517,-616,397
504005,473,-1106,2485,527,103,-268,397
504010,438,-570,4128,640,-363,-2,397
504015,295,-193,3594,528,-271,190,397
504020,-69,275,3593,282,-149,300,397
504025,412,1374,6798,-141,-95,279,397
504030,503,1016,2485,-164,664,18,397
504035,487,1050,5746,485,-209,-281,397
504040,698,-10,3348,848,475,-561,397
504045,279,-201,3592,512,324,-483,397
504050,75,80,4079,-352,32,-223,397
504055,179,-171,3133,-737,-217,-12,397
504060,468,930,2922,-161,-1007,-18,397
504065,420,-259,6986,100,-1792,-246,397
504070,-170,-215,3244,-115,-772,-190,397
504075,14,213,5035,-608,-1174,-169,397
504080,-46,-662,5289,-544,-854,-249,397
504085,89,117,2599,110,-501,-259,397
504090,359,-397,3289,587,-1025,-374,397
504095,616,82,6344,147,-1138,-244,397
504100,337,163,3533,-514,-286,-81,397
504105,522,125,5286,-261,-737,-22,397
504110,384,245,6003,22,-618,0,397
504115,73,528,3040,48,72,-64,397
504120,181,-38,3025,52,-356,-249,397
504125,418,511,4082,-853,-629,-185,397
504130,199,197,3139,-910,-179,-233,397
504135,241,769,2491,-596,-341,-269,397
504140,688,817,6637,-262,-1025,-510,397
504145,614,-1522,7215,162,-272,-730,397
504150,953,-580,5100,724,459,-485,397
504155,723,367,7185,1182,374,-506,397
504160,1310,-2085,6886,1762,494,-655,398
504165,921,-2614,3836,1140,992,-60,398
504170,681,-1112,3846,1294,829,529,398
504175,398,-319,1952,1031,713,788,398
504180,179,1341,3902,987,58,759,398
504185,17,306,401,829,367,477,398
504190,-10,904,3370,923,-542,284,398
504195,-99,1257,3399,484,-403,39,398
504200,-133,1115,4134,-906,-441,-124,398
504205,79,1389,3321,76,-636,-325,398
504210,604,420,5241,139,-1367,-613,398
504215,388,-336,4400,-59,-1169,-493,398
504220,-74,524,3963,-134,-1356,-254,398
504225,395,122,7212,-606,-1516,-186,398
504230,298,21,4186,-435,-719,-191,398
504235,456,-127,6269,-598,-1062,-189,398
504240,547,169,3121,373,-317,-307,398
504245,627,75,5345,171,-672,-436,398
504250,573,-157,4287,-2,-141,-446,398
504255,318,-1042,3208,-97,-133,-397,398
504260,358,-791,2647,-90,-660,-163,398
504265,557,-99,4968,-674,-1061,163,398
504270,-10,115,2594,-343,-262,332,398
504275,292,393,7469,284,-951,377,398
504280,698,1223,3031,436,-138,280,398
504285,1067,-198,5075,148,-647,56,398
504290,789,539,6041,377,-230,94,398
504295,354,513,3911,59,345,52,398
504300,464,-174,5886,329,-247,-117,398
504305,341,102,4566,372,258,-136,398
504310,274,-134,1727,172,515,-141,398
504315,617,170,3910,-1151,-393,-95,398
504320,115,636,1730,-982,-51,-78,398
504325,-55,1164,1918,-795,-780,-178,398
504330,145,1629,2514,-842,-1501,-465,398
504335,423,1270,2103,-576,-1759,-932,398
504340,1770,-25,13340,-1849,-2550,-1157,398
504345,577,-492,2787,-472,-328,-1086,398
504350,901,-569,9882,-613,-1979,-1058,398
504355,888,-2452,10312,333,170,-1029,398
504360,1274,-2622,6578,682,1737,-427,398
504365,-215,-2011,3180,132,1957,386,398
504370,145,-60,3457,598,1682,946,398
504375,289,-291,-79,1385,2130,916,398
504380,573,180,527,1756,896,938,398
504385,458,2670,2569,1069,73,946,398
504390,480,540,2237,-194,-19,553,398
504395,444,1544,9042,-1353,-650,399,398
504400,123,1342,3084,-465,25,-12,398
504405,434,1587,8355,-657,-836,-546,398
504410,579,297,5338,-137,660,-1016,398
504415,409,-885,5996,759,582,-1067,398
504420,239,-1894,2606,941,1082,-719,398
504425,21,-1034,673,1313,704,-153,398
504430,767,731,6318,668,-408,83,398
504435,856,-1547,2052,21,1247,39,398
504440,241,-291,1944,52,1013,381,398
504445,-29,16,4950,386,332,490,398
504450,347,-290,5705,125,467,540,398
504455,798,28,2726,-734,794,725,398
504460,1147,2531,4353,-178,-123,798,399
504465,671,1400,5692,-435,-634,155,399
504470,220,1428,5021,620,-286,-563,399
504475,547,42,6440,752,-291,-1002,399
504480,765,-717,5337,859,46,-1108,399
504485,477,-942,1867,878,357,-1005,399
504490,625,77,7146,151,-238,-802,399
504495,372,-1167,3352,-273,1221,-562,399
504500,345,-792,4257,-796,939,-50,399
504505,404,887,4247,-575,893,344,399
504510,295,818,5963,-385,861,433,399
504515,116,-128,3718,117,1724,307,399
504520,-17,-128,4317,1048,1555,218,399
504525,267,637,5083,1171,1406,159,399
504530,398,-849,3921,978,1687,-117,399
504535,676,-982,5092,-55,1458,31,399
504540,599,257,4204,-665,1581,303,399
504545,159,196,1397,-598,1133,303,399
504550,428,1407,3836,-67,-72,136,399
504555,325,1319,4570,278,-113,-163,399
504560,79,-46,2993,431,-106,-531,399
504565,128,-945,4872,1283,-379,-654,399
504570,1505,-368,9361,307,101,-508,399
504575,125,-2449,3443,388,1831,-188,399
504580,175,185,5535,536,1028,349,399
504585,467,131,5084,912,1606,394,399
504590,-46,1597,3853,471,1849,441,399
504595,351,849,-544,-435,1771,155,399
504600,664,239,2382,-82,270,-14,399
504605,156,733,3111,305,-114,-80,399
504610,-50,542,2913,-443,-322,-145,399
504615,-108,674,3780,-436,-778,-295,399
504620,482,-95,6024,-467,-936,-476,399
504625,326,-627,6029,-909,-301,-295,399
504630,161,656,6674,117,64,-223,399
504635,163,-280,5844,422,609,-374,399
504640,476,-303,6589,-289,1126,-205,399
504645,329,37,2452,-614,2282,-21,399
504650,774,-292,1830,-517,1357,-64,399
504655,779,940,4705,25,301,-109,399
504660,335,883,1941,-8,512,-323,399
504665,660,-654,5707,-357,-797,-616,399
504670,347,-827,5030,749,-742,-620,399
504675,164,-465,4537,763,-733,-417,399
504680,32,-358,5045,490,-486,-136,399
504685,-58,-716,3590,745,193,-57,399
504690,299,-388,5692,947,86,84,399
504695,624,997,5291,483,930,343,399
504700,478,349,7000,766,1410,195,399
504705,202,910,5286,857,1734,80,399
504710,463,-636,1266,694,1894,-23,399
504715,670,426,4092,951,429,209,399
504720,-203,1680,2611,405,232,310,399
504725,21,-227,1541,-248,-284,143,399
504730,-3,398,1563,-541,-1106,151,399
504735,543,258,8459,-428,-2361,37,400
504740,318,1648,7714,189,-1472,-244,400
504745,373,73,4713,-68,-559,-644,400
504750,451,-751,6736,153,-654,-712,400
504755,206,-896,4730,539,140,-579,400
504760,102,-488,3839,434,404,-373,400
504765,755,-773,4686,-912,649,81,400
504770,368,-15,1073,-1673,1286,667,400
504775,-12,1447,3419,-1257,-3,869,400
504780,578,1062,3822,-961,-99,398,400
504785,44,519,3141,-612,23,155,400
504790,-82,1086,1604,-150,-751,27,400
504795,290,27,4965,611,-1884,-416,400
504800,276,-1035,5487,1311,-1420,-712,400
504805,202,-1211,3490,1021,-1178,-596,400
504810,718,-852,6996,324,-1866,-190,400
504815,916,-405,7434,-252,-1150,46,400
504820,333,276,5844,-611,-160,305,400
504825,480,488,4831,-165,-388,289,400
504830,514,673,3831,309,-473,63,400
504835,238,555,2522,582,-368,-118,400
504840,-88,1132,3793,409,-843,-185,400
504845,53,-795,3596,-520,-691,-302,400
504850,36,-613,-664,-710,-294,-126,400
504855,338,563,3613,-301,-1792,74,400
504860,277,-423,5623,149,-1634,17,400
504865,-31,-30,3245,511,-1013,251,400
504870,120,827,3953,444,-1478,393,400
504875,801,944,10212,-40,-1568,85,400
504880,470,666,4962,-412,408,-303,400
504885,304,13,3955,-651,405,-506,400
504890,523,339,5451,-980,-160,-575,400
504895,178,765,2230,390,237,-829,400
504900,769,572,2124,470,-398,-962,400
504905,794,-1246,3472,923,-921,-981,400
504910,414,-468,5680,1617,-1132,-660,400
504915,550,-1216,5681,802,-805,-178,400
504920,834,-1421,6506,865,-44,175,400
504925,824,-994,4535,892,693,520,400
504930,652,761,5214,1081,298,734,400
504935,803,-226,4601,1107,825,573,400
504940,94,-174,1031,780,1366,724,400
504945,442,785,4477,943,83,889,400
504950,348,374,2458,849,194,680,400
504955,278,552,4983,455,-219,514,400
504960,21,2311,3693,-198,58,481,400
504965,-77,1545,3877,-348,-336,66,400
504970,239,1094,4387,315,-410,-425,400
504975,916,365,4441,879,-478,-784,400
504980,803,-540,7023,100,-765,-788,400
504985,164,-141,3602,-472,-156,-457,400
504990,142,13,5025,-324,-641,-348,400
504995,497,-179,4630,391,-191,-402,400
505000,358,246,3840,1055,123,-372,400
505005,39,127,2904,1229,208,-454,400
505010,249,-837,1159,1051,101,-549,400
505015,290,-874,1276,946,-470,-329,400
505020,238,-84,2218,1501,-1013,-80,400
505025,144,47,5871,235,-1430,76,400
505030,79,-588,3958,-406,-918,266,400
505035,415,912,7384,-552,-1696,619,401
505040,616,2142,9121,-215,-897,555,401
505045,323,1899,6779,230,411,88,401
505050,433,387,5839,599,995,-339,401
505055,502,300,4127,259,1610,-474,401
505060,610,169,2700,-147,1707,-431,401
505065,588,-518,3257,127,1368,-464,401
505070,437,-1852,2847,-14,1142,-381,401
505075,449,-874,3730,236,527,77,401
505080,565,572,1762,311,361,379,401
505085,414,787,4730,470,-342,236,401
505090,397,389,6191,-385,232,101,401
505095,1,-1266,2116,-46,932,152,401
505100,97,1494,5501,-241,-117,418,401
505105,407,1609,3404,49,477,122,401
505110,605,845,5351,-529,42,-287,401
505115,60,735,4321,-269,458,-612,401
505120,330,290,3824,-504,363,-739,401
505125,307,-490,6359,83,93,-756,401
505130,35,-92,372,562,849,-603,401
505135,879,110,6745,-247,-507,-447,401
505140,372,-444,4384,89,430,-495,401
505145,113,-1196,3520,-753,275,-282,401
505150,455,85,6911,-448,-64,35,401
505155,280,959,4244,-201,605,131,401
505160,38,566,3734,210,424,21,401
505165,95,73,2591,549,582,-94,401
505170,375,-389,3254,598,296,-90,401
505175,667,692,4322,481,526,71,401
505180,503,344,5051,-502,1024,16,401
505185,444,-175,6355,245,1087,-192,401
505190,563,309,6482,181,1027,-139,401
505195,653,-733,3559,-265,1336,24,401
505200,577,799,5286,-443,651,311,401
505205,310,849,2697,-1035,1265,262,401
505210,119,1457,1709,-766,722,199,401
505215,242,887,3333,-23,-367,-382,401
505220,443,441,5575,105,-355,-933,401
505225,383,-342,4934,-735,-103,-998,401
505230,381,435,4089,-155,-197,-1118,401
505235,332,-743,3055,966,-672,-1389,401
505240,750,-405,5032,1063,-1362,-1151,401
505245,73,-1325,2111,1257,-435,-950,401
505250,-90,-1474,3159,646,-1018,-578,401
505255,-316,-722,4925,160,-1142,3,401
505260,299,672,5540,-90,-721,478,401
505265,-501,1193,4211,705,-330,286,401
505270,629,564,8019,-272,-263,91,401
505275,1029,1605,5608,-133,1307,93,401
505280,16,1899,2753,-270,1352,-99,401
505285,999,131,4469,502,298,-607,401
505290,427,787,1625,993,642,-643,401
505295,121,525,-92,257,107,-689,401
505300,445,-580,4097,13,-1228,-860,401
505305,400,-1389,3987,-379,-922,-689,401
505310,7,-478,3291,-1127,-682,-290,401
505315,-379,-202,3240,54,-864,-309,401
505320,1288,507,11560,294,-1557,-333,401
505325,645,-440,5824,357,1090,-301,401
505330,111,-391,5801,337,1080,-67,401
505335,244,-252,4608,713,1274,67,402
505340,279,-933,1626,938,1186,221,402
505345,536,110,4040,1229,368,581,402
505350,693,472,3402,-215,647,680,402
505355,-12,65,747,-401,822,596,402
505360,489,771,6776,64,-430,437,402
505365,99,1325,3210,864,304,131,402
505370,269,864,4692,4,-186,-143,402
505375,235,333,4389,176,103,-346,402
505380,373,198,3803,242,-116,-381,402
505385,270,113,5313,415,-683,-365,402
505390,239,-81,4351,93,-293,-276,402
505395,205,-73,3199,-197,-226,-80,402
505400,78,-246,3693,-256,-539,43,402
505405,222,-983,1842,-462,-604,239,402
505410,585,930,6005,-238,-1439,517,402
505415,304,1296,6096,-630,-779,456,402
505420,507,627,6310,-881,-277,247,402
505425,116,530,5643,-746,236,113,402
505430,95,280,3951,-367,583,-56,402
505435,279,65,2052,-313,512,-58,402
505440,433,1681,3093,-464,-99,-86,402
505445,425,145,3561,-362,-28,-437,402
505450,263,129,3857,-637,-174,-544,402
505455,394,-804,2590,4,-507,-656,402
505460,706,-775,5195,-195,-1423,-361,402
505465,270,104,5138,559,-1288,-132,402
505470,764,2,6424,800,-1342,-74,402
505475,137,-321,6285,610,-581,-3,402
505480,-198,-269,3314,806,211,3,402
505485,159,-536,3341,957,-179,-7,402
505490,109,873,2619,1287,-200,80,402
505495,514,538,5102,305,132,-73,402
505500,472,-1592,-626,-227,798,-79,402
505505,547,-298,4472,-116,-1695,501,402
505510,-107,1849,5406,180,-1927,806,402
505515,582,983,8018,-410,-1638,690,402
505520,351,1248,3969,233,-557,509,402
505525,348,562,5490,241,-497,158,402
505530,341,-425,3263,619,379,-102,402
505535,705,-485,3970,562,-31,-8,402
505540,698,434,5079,-326,-31,161,402
505545,326,229,2455,-1040,404,155,402
505550,353,752,6012,-773,-618,71,402
505555,210,1173,4827,-431,225,-60,402
505560,445,1005,3953,843,623,-334,402
505565,1277,1496,3934,1470,110,-784,402
505570,1070,1136,5955,1982,-34,-1378,402
505575,351,-2238,2451,2286,560,-1757,402
505580,1177,-1254,3805,1941,-643,-1196,402
505585,829,-2595,6253,1910,-703,-623,402
505590,278,69,4549,1627,-54,67,402
505595,534,-529,5729,1032,-65,355,402
505600,207,132,3764,915,397,825,402
505605,-117,1015,4988,717,587,1025,403
505610,-519,1829,5185,170,1173,923,403
505615,-458,813,1117,-591,1755,727,403
505620,-355,1555,2532,-1081,738,394,403
505625,-148,980,592,-1238,794,115,403
505630,338,247,-140,-1035,324,36,403
505635,-134,-596,223,-1282,-748,150,403
505640,457,-139,2004,-1871,-1770,288,403
505645,38,1486,8024,-1319,-1805,228,403
505650,1271,2235,6519,-556,-440,15,403
505655,387,-245,9865,702,-1792,-614,403
505660,644,965,5253,1225,-608,-767,403
505665,456,-798,4907,403,-95,-1093,403
505670,647,-1812,6841,2,-186,-908,403
505675,94,-608,1127,96,803,-606,403
505680,434,-1203,2772,543,-96,-428,403
505685,424,17,2467,463,-278,68,403
505690,607,1185,5848,608,-411,242,403
505695,-254,-239,1845,-195,718,35,403
505700,439,-486,5442,332,-652,136,403
505705,216,1012,6723,28,-632,428,403
505710,460,1840,4003,63,303,226,403
505715,964,2100,8443,-548,16,-133,403
505720,614,608,3538,-489,1371,-610,403
505725,712,209,3781,-859,785,-801,403
505730,716,465,3609,-908,470,-792,403
505735,266,303,1806,-102,501,-964,403
505740,607,-819,3273,-231,-176,-909,403
505745,477,-1078,4929,5,-616,-510,403
505750,29,-792,2511,-400,15,-65,403
505755,171,-143,4056,46,-320,307,403
505760,263,464,3125,968,-283,380,403
505765,572,414,6859,1568,-837,140,403
505770,611,-232,3782,301,202,49,403
505775,-375,1446,3467,254,378,-74,403
505780,667,-125,8843,-582,-604,-303,403
505785,439,804,4796,-419,577,-381,403
505790,255,320,3334,206,442,-592,403
505795,333,157,3746,157,116,-565,403
505800,258,911,2873,106,461,-493,403
505805,580,44,4058,501,162,-637,403
505810,339,-736,3101,-141,-12,-491,403
505815,316,-456,3770,-397,-706,-199,403
505820,326,463,5957,266,-825,-17,403
505825,68,80,2659,1197,13,33,403
505830,388,204,4454,1003,-511,52,403
505835,369,-453,4257,806,-244,-16,403
505840,609,295,5126,504,-233,147,403
505845,56,253,3654,296,-51,103,403
505850,170,191,4427,-408,-377,-2,403
505855,7,545,4631,-444,-77,-81,403
505860,-48,918,2517,-1061,280,-26,403
505865,986,313,1541,-1983,82,32,403
505870,528,3417,5228,-1124,-522,41,403
505875,1039,2706,6219,793,-376,-824,403
505880,677,220,2864,685,4,-1371,403
505885,496,-1027,2600,1410,-485,-1386,403
505890,135,-763,1852,1584,-1074,-1277,403
505895,702,-234,4198,950,-2076,-1280,403
505900,437,-1776,3689,33,-1639,-1208,403
505905,-148,-1314,3018,-251,-1480,-822,403
505910,72,-903,7353,344,-2496,-463,404
505915,95,76,6382,68,-1307,26,404
505920,-14,677,2284,555,149,311,404
505925,693,1039,8261,-44,-375,535,404
505930,1371,852,7890,-1064,1072,664,404
505935,492,-360,5263,-655,2083,686,404
505940,259,1940,5908,-1363,2126,946,404
505945,407,2529,4183,-792,2907,551,404
505950,461,1422,1600,62,3047,-54,404
505955,1208,947,116,453,2230,-548,404
505960,1292,-627,1679,486,1026,-833,404
505965,582,-653,3290,483,309,-773,404
505970,88,-2428,806,-1253,-211,-377,404
505975,169,-705,3409,-996,-1858,195,404
505980,183,494,5385,-674,-2302,343,404
505985,653,-96,8482,-774,-1944,317,404
505990,249,78,7656,-159,-579,276,404
505995,-55,435,6241,-149,281,241,404
506000,192,575,4243,-71,962,161,404
506005,304,126,2889,497,1321,-50,404
506010,439,278,2829,929,1266,-61,404
506015,95,499,2916,749,1118,-5,404
506020,368,-493,2724,-192,953,78,404
506025,325,-856,-8,-269,470,362,404
506030,387,123,5935,474,-1596,709,404
506035,497,1590,5225,32,-1259,801,404
506040,536,518,4308,331,-1137,432,404
506045,636,573,6615,682,-1638,180,404
506050,571,289,5345,70,-863,72,404
506055,204,447,4779,-477,-236,50,404
506060,293,1045,3940,-327,-318,-88,404
506065,198,1157,3779,552,-364,-544,404
506070,496,-74,3128,721,-263,-826,404
506075,1034,-389,5947,-1089,-103,-556,404
506080,388,831,6924,-1654,832,-130,404
506085,610,1046,6933,-414,337,-165,404
506090,698,-211,4029,51,131,-322,404
506095,1145,-67,7086,-522,8,-133,404
506100,165,166,2274,-329,1298,49,404
506105,506,88,7303,-416,132,147,404
506110,253,462,1844,-284,1250,109,404
506115,243,818,3900,734,515,-187,404
506120,162,-25,2864,2179,653,-721,404
506125,488,-1079,2871,1981,221,-947,404
506130,61,666,1565,1847,-66,-888,404
506135,613,73,8102,828,-871,-990,404
506140,-123,-1849,2080,1067,378,-939,404
506145,800,-2658,4895,-582,-1022,-55,404
506150,1337,1419,11754,-694,-877,1007,404
506155,-35,1269,4985,-297,1455,1155,404
506160,376,1299,5408,-290,1109,898,404
506165,94,681,3282,409,1877,474,404
506170,539,-557,1461,508,1427,276,404
506175,840,2301,2193,776,453,210,404
506180,-113,1152,4567,574,485,-306,405
506185,103,-48,1594,140,834,-622,405
506190,260,-651,6629,356,-307,-534,405
506195,238,130,4284,781,541,-305,405
506200,354,-481,2778,1329,538,-280,405
506205,634,552,6550,1629,31,-241,405
506210,100,-258,4336,1213,1172,-369,405
506215,327,104,6751,803,1156,-265,405
506220,368,-118,5903,438,1857,-217,405
506225,1225,229,5433,-359,1927,47,405
506230,354,2240,4542,68,2164,358,405
506235,696,-68,596,408,2022,-71,405
506240,-331,-772,-3460,1164,1166,92,405
506245,153,879,3781,35,-1226,507,405
506250,178,1013,5763,-2131,-1073,495,405
506255,-505,773,1817,-422,-478,207,405
506260,-6,1179,2996,561,-1198,-110,405
506265,1015,1158,9977,142,-1780,-450,405
506270,489,-514,6379,168,439,-737,405
506275,283,-565,6705,164,1065,-647,405
506280,215,-1101,3075,112,1936,-460,405
506285,252,-503,2198,318,1369,-21,405
506290,455,295,1675,69,863,353,405
506295,326,-354,490,-1251,514,574,405
506300,1107,2623,7627,-1447,-560,931,405
506305,518,1445,2936,-783,-233,751,405
506310,298,1187,5956,-849,-1243,343,405
506315,406,2032,6037,-144,-411,-75,405
506320,503,891,5187,-494,365,-636,405
506325,339,-469,4389,123,567,-987,405
506330,549,-1062,3992,375,599,-1028,405
506335,162,366,3463,576,634,-1032,405
506340,302,-651,2875,1239,365,-1203,405
506345,765,-1354,7414,1024,-173,-1077,405
506350,-85,-1012,-285,67,987,-446,405
506355,597,-75,9981,266,-852,49,405
506360,372,1137,5030,746,675,367,405
506365,318,2510,4166,-321,648,467,405
506370,378,1869,6709,-407,1014,107,405
506375,-87,824,1500,-553,2067,-244,405
506380,262,677,2754,-166,1288,-488,405
506385,445,1753,1470,375,1310,-708,405
506390,-66,371,507,614,848,-1072,405
506395,-279,-212,-1077,565,-209,-1316,405
506400,554,-1718,5355,763,-1828,-1181,405
506405,50,-1719,4712,-453,-963,-647,405
506410,-39,-1319,3885,-75,-1344,-188,405
506415,277,1066,8526,231,-2226,198,405
506420,411,366,7936,165,-920,95,405
506425,304,539,7573,724,-56,-53,405
506430,530,333,6880,-292,661,-87,405
506435,124,287,3093,-658,1808,-41,405
506440,-161,1034,2294,-236,1303,-34,405
506445,434,1410,897,383,730,-242,405
506450,892,552,3179,258,417,-482,405
506455,589,93,2153,-580,910,-419,406
506460,-6,-458,389,-1438,607,-158,406
506465,236,661,2754,-1206,-688,5,406
506470,1389,1438,9373,406,-1796,120,406
506475,296,-68,3546,-190,-243,-172,406
506480,259,-951,6665,-421,-19,-7,406
506485,278,34,5824,-440,587,180,406
506490,236,350,3802,-39,708,59,406
506495,166,355,1872,137,688,-153,406
506500,224,644,2785,676,185,-322,406
506505,-356,679,1890,864,132,-563,406
506510,-9,-376,2382,1518,-321,-812,406
506515,157,-166,2197,2108,-667,-813,406
506520,569,-194,9306,943,-1427,-607,406
506525,431,-597,4863,255,19,-177,406
506530,-3,479,7374,214,-455,66,406
506535,497,-697,6129,-250,37,245,406
506540,372,1210,4229,-441,149,635,406
506545,74,1692,2585,-9,-197,569,406
506550,-30,456,738,142,-699,382,406
506555,-76,843,4278,1294,-1619,240,406
506560,216,413,4166,-819,-904,239,406
506565,249,207,4108,-2447,-114,219,406
506570,174,239,3066,-1704,-153,200,406
506575,973,453,7730,-797,-1135,70,406
506580,483,1307,5301,-332,-258,-183,406
506585,304,898,6559,-678,-186,-411,406
506590,332,211,4185,-383,507,-539,406
506595,423,-131,2361,71,84,-573,406
506600,691,-339,6124,152,-835,-410,406
506605,-120,-25,978,144,333,-299,406
506610,184,13,4846,-519,-613,-128,406
506615,536,183,4945,-106,-123,-91,406
506620,1234,-144,4186,-542,84,-130,406
506625,867,690,8446,-161,-482,23,406
506630,278,628,4588,-208,870,-21,406
506635,46,561,4493,179,661,-178,406
506640,682,243,3854,-202,359,-264,406
506645,562,368,2891,413,335,-362,406
506650,-4,1130,2174,689,-196,-476,406
506655,-192,311,3724,821,-1058,-676,406
506660,317,-424,2893,511,-775,-709,406
506665,389,687,10337,-621,-1051,-495,406
506670,-251,-586,394,-665,711,-553,406
506675,1141,173,10892,-693,-1291,-281,406
506680,668,-282,4843,-745,1087,206,406
506685,689,-1279,5379,-498,794,723,406
506690,495,1012,4664,-11,742,1166,406
506695,598,-313,1169,-305,937,1122,406
506700,13,640,2214,341,-120,1004,406
506705,-388,1430,1949,405,-859,685,406
506710,350,297,4412,1040,-1655,-13,406
506715,510,156,2287,1596,-1081,-607,406
506720,168,497,6466,514,-1031,-932,406
506725,-444,-355,4555,1192,-234,-1052,406
506730,171,-1599,7716,349,-572,-771,406
506735,753,-20,6560,1,504,-206,406
506740,541,867,5693,123,1156,5,406
506745,462,1547,4787,1244,1280,-256,406
506750,169,764,2548,1234,1461,-531,406
506755,60,-306,2700,1532,989,-627,406
506760,-76,-3109,387,1952,469,-407,406
506765,1296,-661,5534,971,-1412,528,406
506770,836,612,7306,-1736,-652,1191,406
506775,417,-316,1295,-1286,283,1589,406
506780,990,2946,8838,-1218,-1634,1690,406
506785,482,3051,7267,-833,23,1024,407
506790,-253,3193,2272,-416,1329,82,407
506795,275,1804,5249,514,767,-953,407
506800,-256,289,1611,1174,1431,-1674,407
506805,-187,-1056,1409,1727,684,-2020,407
506810,1133,-2198,804,1401,-149,-1750,407
506815,478,-1531,2875,221,-777,-805,407
506820,-452,329,2715,-222,-311,-316,407
506825,203,-243,8062,283,-1435,39,407
506830,35,364,5977,190,-511,478,407
506835,54,827,6753,352,-351,568,407
506840,120,891,5273,295,359,374,407
506845,201,941,2946,65,864,202,407
506850,176,694,4024,-20,540,-113,407
506855,274,-392,2183,83,558,-405,407
506860,696,-790,3364,-495,-121,-251,407
506865,208,342,5132,176,-553,-21,407
506870,198,185,6037,45,-367,123,407
506875,226,-305,4511,-153,191,322,407
506880,311,632,5210,-366,80,612,407
506885,231,1169,5006,-264,321,611,407
506890,212,1104,2731,-711,590,395,407
506895,512,2200,5660,-296,44,38,407
506900,231,821,3833,152,772,-465,407
506905,159,-741,540,471,859,-763,407
506910,570,-212,4445,461,-449,-681,407
506915,388,-9,4665,168,-48,-526,407
506920,340,-989,5271,-11,82,-302,407
506925,101,-879,3779,-205,-55,135,407
506930,355,513,5337,369,-662,412,407
506935,583,1279,5422,65,-323,378,407
506940,682,1096,5669,-320,-20,213,407
506945,279,726,5594,-447,425,11,407
506950,290,1036,2249,-376,743,-179,407
506955,443,791,4164,109,-414,-486,407
506960,240,258,1718,193,-185,-640,407
506965,137,-216,2820,345,-900,-625,407
506970,302,-218,5152,-409,-1312,-461,407
506975,-133,146,2686,-427,-632,-301,407
506980,164,212,5263,-363,-1073,-217,407
506985,121,592,6663,-146,-673,-217,407
506990,415,-33,5277,-1148,264,-128,407
506995,556,1060,7089,-916,687,22,407
507000,16,447,2467,-1086,1361,-61,407
507005,689,730,5282,-116,344,-264,407
507010,441,997,2283,275,1199,-498,407
507015,642,-309,2649,930,75,-705,407
507020,224,-1340,2636,1238,-665,-477,407
507025,-358,-265,1263,1633,-774,-190,407
507030,123,-844,4903,523,-1751,-52,407
507035,447,-330,6822,-155,-1005,152,407
507040,-295,58,-52,579,-180,395,407
507045,494,1024,7492,568,-2412,539,407
507050,151,1157,4750,402,-919,490,407
507055,419,1452,7090,97,-986,343,408
507060,448,1224,7659,401,-511,69,408
507065,524,427,4496,-183,381,-109,408
507070,349,377,5470,-577,524,-70,408
507075,-163,782,2223,-615,1027,-118,408
507080,392,427,2178,-203,267,-233,408
507085,775,1163,2680,518,-23,-471,408
507090,487,-174,4269,500,-123,-811,408
507095,147,-331,3037,1046,31,-829,408
507100,776,-523,8739,629,-353,-724,408
507105,1415,-252,5765,130,945,-495,408
507110,897,-1172,5782,-195,722,-76,408
507115,797,442,6747,-305,429,355,408
507120,369,683,2370,-383,1221,390,408
507125,284,932,3466,-336,367,286,408
507130,-330,860,-386,883,187,142,408
507135,38,1032,2613,1097,-1147,-9,408
507140,-109,1173,3188,1169,-1023,-290,408
507145,93,-380,1163,802,-501,-649,408
507150,-144,-999,149,432,-949,-662,408
507155,122,-88,5900,-717,-2528,-319,408
507160,-360,-429,4883,-2126,-1511,-126,408
507165,458,1095,9012,-1562,-1343,57,408
507170,372,665,9524,-949,-841,19,408
507175,363,330,5599,-883,620,166,408
507180,481,834,6273,-524,922,198,408
507185,110,106,2925,-218,1568,31,408
507190,172,385,1509,753,1358,-20,408
507195,1230,-162,3034,-209,500,-59,408
507200,760,-73,-1213,-1101,909,-76,408
507205,464,-506,1159,-1065,-505,-52,408
507210,310,1500,6740,-1510,-1860,99,408
507215,225,80,3809,560,-1808,-299,408
507220,325,-623,6623,220,-2213,-470,408
507225,251,274,6723,456,-1312,-353,408
507230,421,14,6630,-76,-681,-364,408
507235,451,404,7527,56,-183,-367,408
507240,191,1093,3716,-51,1035,-480,408
507245,246,531,4398,681,1029,-845,408
507250,279,-648,2484,537,1528,-960,408
507255,343,-1120,2622,214,1039,-585,408
507260,408,-18,4223,-347,729,-115,408
507265,482,657,5117,-266,622,108,408
507270,1021,-55,4059,-117,189,216,408
507275,796,95,4136,-691,-140,485,408
507280,111,1380,5344,-556,-348,611,408
507285,551,1292,4261,-1223,-206,460,408
507290,275,997,4926,-657,-330,116,408
507295,280,797,4815,-734,340,-153,408
507300,-1,329,3211,-313,1044,-427,408
507305,206,773,4420,740,889,-725,408
507310,386,-1147,2497,835,1079,-1009,408
507315,975,-777,6134,333,596,-654,408
507320,339,-601,4546,166,1453,-264,408
507325,298,-1268,3756,504,672,85,408
507330,562,-862,2435,199,122,578,408
507335,746,695,4124,251,-758,933,408
507340,-366,2793,4850,579,-926,742,408
507345,104,1776,5318,-105,-688,133,408
507350,131,737,4428,-108,-134,-426,408
507355,186,224,6267,39,-176,-731,408
507360,50,700,3643,974,966,-967,408
507365,303,-80,4088,1218,1163,-1205,408
507370,320,-481,4467,1494,1272,-1155,408
507375,163,-690,3923,990,1721,-871,408
507380,291,-785,3451,1429,1653,-541,408
507385,346,-1098,1786,1391,1093,-53,409
507390,1176,-687,7782,580,-34,476,409
507395,387,1321,3607,694,1158,844,409
507400,-16,43,2892,-5,396,907,409
507405,285,783,4918,-191,-153,1029,409
507410,114,1700,2833,-55,434,907,409
507415,-126,1693,5182,374,63,614,409
507420,58,1261,4107,-596,644,322,409
507425,-73,2023,916,-355,1262,-112,409
507430,423,883,5473,351,240,-672,409
507435,490,1117,6672,840,624,-1012,409
507440,466,-372,2845,343,1188,-1172,409
507445,736,-1159,5244,-105,98,-879,409
507450,103,163,4695,-375,274,-426,409
507455,-50,-513,4024,-586,107,-206,409
507460,-98,66,3678,-679,-160,89,409
507465,-100,882,4280,-532,-200,264,409
507470,-92,725,3876,-180,141,142,409
507475,585,1740,5616,-39,492,-60,409
507480,107,-429,1975,-254,1341,-481,409
507485,457,234,6946,503,762,-619,409
507490,-544,276,2541,411,2006,-671,409
507495,552,-359,4670,67,987,-649,409
507500,1141,-540,5051,-566,734,-353,409
507505,445,-19,4168,-587,599,45,409
507510,259,865,3383,-506,-191,427,409
507515,575,765,4624,97,-803,370,409
507520,-38,921,3914,576,-392,256,409
507525,-235,446,5094,499,-413,124,409
507530,-60,-400,4454,-8,5,-67,409
507535,220,-345,3474,-534,492,-82,409
507540,-156,138,2292,-533,661,3,409
507545,315,507,4599,-678,156,34,409
507550,565,1463,6948,-1417,539,86,409
507555,359,1496,6439,-681,807,-109,409
507560,441,96,4510,-778,608,-333,409
507565,1164,562,7857,-104,264,-364,409
507570,837,88,3601,-393,1364,-455,409
507575,685,-171,5208,-318,559,-504,409
507580,291,-178,3618,-247,442,-534,409
507585,209,-21,3509,636,338,-509,409
507590,-67,-232,1373,778,339,-417,409
507595,-107,-356,2013,969,-612,-326,409
507600,60,52,2963,460,-826,-210,409
507605,418,16,5625,851,-555,-103,409
507610,-471,65,687,138,437,40,409
507615,-505,92,4855,-1566,-1132,168,409
507620,-534,990,4913,-589,-723,112,409
507625,309,1122,8344,-768,-349,103,409
507630,437,250,4751,-177,744,42,409
507635,439,208,6126,-162,-45,143,409
507640,334,1095,3871,370,355,180,409
507645,23,1407,1255,1166,279,-92,409
507650,-189,446,-178,1522,-806,-545,409
507655,708,-175,5209,1250,-1999,-822,409
507660,537,-58,3778,-81,-568,-976,409
507665,149,12,4264,-801,-638,-992,409
507670,703,-716,8262,-1339,-1724,-704,409
507675,554,613,7623,-1216,-363,-254,409
507680,-174,632,4961,-970,844,-13,409
507685,230,-117,6038,-891,271,197,410
507690,216,1037,2544,-168,1090,333,410
507695,344,290,3898,-369,558,170,410
507700,75,485,3001,385,760,66,410
507705,580,570,3652,207,158,-179,410
507710,268,274,4203,-141,-112,-450,410
507715,80,-114,3643,348,26,-697,410
507720,-91,-180,2860,777,-32,-750,410
507725,290,-651,5275,889,-646,-692,410
507730,535,83,6394,-408,-328,-386,410
507735,322,-1085,4418,-785,514,-208,410
507740,24,471,4916,503,392,84,410
507745,215,291,4853,240,470,124,410
507750,323,1033,4633,363,616,184,410
507755,-290,799,1048,673,653,101,410
507760,-256,685,1338,395,-284,4,410
507765,-36,487,2272,483,-736,-184,410
507770,366,-463,4700,1072,-1083,-328,410
507775,-129,61,201,656,-286,-190,410
507780,760,434,10148,-1189,-2638,-99,410
507785,870,-692,10459,-679,-2067,-114,410
507790,140,-618,4453,-608,-548,159,410
507795,390,35,7128,-665,-828,463,410
507800,534,-377,5720,-909,-282,796,410
507805,599,591,5000,-649,15,1071,410
507810,498,1473,3067,-610,285,1049,410
507815,515,1990,3151,-185,19,646,410
507820,555,1512,5087,303,-104,97,410
507825,145,737,3244,-141,496,-396,410
507830,-52,0,1570,-669,441,-646,410
507835,314,-43,3518,-1442,-262,-584,410
507840,96,535,3464,-1490,-142,-583,410
507845,224,468,6167,-633,-592,-681,410
507850,161,-176,3791,-617,26,-628,410
507855,323,63,4576,-397,-621,-506,410
507860,-2,264,4944,463,-795,-580,410
507865,433,-133,6098,687,-714,-564,410
507870,198,-198,5301,384,-32,-440,410
507875,-350,-920,2729,305,368,-463,410
507880,20,-763,3689,707,-292,-299,410
507885,374,-13,4817,579,-470,-27,410
507890,91,-369,3255,98,37,98,410
507895,162,15,3345,-306,-149,386,410
507900,250,799,3454,-362,-437,534,410
507905,553,1080,4334,-159,-933,453,410
507910,420,790,5223,-513,-1038,362,410
507915,-117,883,2992,-406,-822,283,410
507920,313,943,7747,-463,-1711,144,410
507925,342,478,1690,-587,-527,-129,410
507930,838,-440,7203,-591,-1660,-219,410
507935,575,-101,6164,-371,-809,-115,410
507940,341,-54,5600,459,-524,-100,410
507945,435,-553,5468,510,-107,-87,410
507950,393,-4,5087,609,607,11,410
507955,396,-130,3955,410,1375,-4,410
507960,232,-94,3236,613,1709,-22,410
507965,181,479,3087,669,1660,-32,410
507970,18,601,1676,797,1381,-143,410
507975,145,688,3203,425,207,-198,410
507980,327,1133,3983,243,-181,-272,410
507985,104,404,3822,306,-292,-428,410
507990,551,-101,3912,282,-835,-409,410
507995,173,1090,7194,497,-1361,-322,410
508000,503,756,6868,42,-596,-492,410
508005,452,502,3076,1130,224,-771,410
508010,394,235,6371,901,-239,-940,411
508015,21,-193,5041,1053,935,-1012,411
508020,-170,-1765,1539,1176,1545,-959,411
508025,493,-3010,2111,253,429,-283,411
508030,468,1539,5054,144,126,726,411
508035,111,880,5973,-650,503,818,411
508040,-60,1197,4285,225,332,826,411
508045,30,1863,4096,770,-9,588,411
508050,111,-165,1887,828,201,219,411
508055,364,-328,2849,138,-701,240,411
508060,570,-125,5027,-461,-1086,360,411
508065,-35,808,2876,-353,-740,466,411
508070,310,996,6782,-283,-1439,315,411
508075,136,980,5080,-33,-440,18,411
508080,110,-3,3007,-307,-146,-155,411
508085,426,-654,3718,-301,-626,-116,411
508090,497,639,4918,-447,-752,108,411
508095,349,24,5578,-793,-479,227,411
508100,716,313,6947,-756,-270,337,411
508105,774,403,7743,-434,457,377,411
508110,157,92,4224,-40,1532,343,411
508115,417,353,3404,491,1441,249,411
508120,190,882,2051,906,1507,15,411
508125,-206,710,1462,1849,1115,-460,411
508130,292,507,3427,1882,424,-867,411
508135,681,-306,3601,-121,854,-982,411
508140,-89,-314,238,-1630,957,-646,411
508145,939,261,7856,336,-1477,-352,411
508150,277,817,6530,-680,-317,51,411
508155,244,522,2136,-67,-34,252,411
508160,-123,1751,4920,285,-1395,270,411
508165,-168,1624,5053,493,-1047,-49,411
508170,-129,1105,3822,-65,-496,-362,411
508175,4,-420,5031,-351,-486,-636,411
508180,-228,-668,2052,-185,87,-589,411
508185,633,-803,5254,-867,-556,-285,411
508190,1304,226,7488,-1519,-90,244,411
508195,372,914,4810,-937,494,497,411
508200,178,724,3982,-533,16,330,411
508205,757,423,5516,155,-28,167,411
508210,429,622,3820,163,687,69,411
508215,-76,-833,3099,-1,638,-138,411
508220,76,-243,1476,-486,-8,-30,411
508225,347,292,3617,-389,-731,-50,411
508230,635,1424,7564,-1067,-490,-172,411
508235,295,20,5567,-1173,324,-361,411
508240,460,136,6961,-965,348,-289,411
508245,591,1466,5733,12,966,-342,411
508250,344,877,6076,251,980,-604,411
508255,373,-245,2845,606,1650,-832,411
508260,-197,-13,697,1264,1257,-823,411
508265,-415,560,353,1494,240,-835,411
508270,849,39,4880,1252,-583,-1050,411
508275,404,-798,2588,-395,139,-842,411
508280,-684,-295,-609,-1325,-183,-531,411
508285,59,550,6506,98,-2712,-503,411
508290,142,277,5552,-87,-1570,-521,411
508295,-21,504,6237,-384,-1095,-433,411
508300,649,-1157,8029,-194,-802,-363,411
508305,726,750,7331,-348,157,120,411
508310,958,247,6277,74,808,110,411
508315,369,477,4450,-102,1250,125,412
508320,20,509,1758,-74,1435,64,412
508325,28,923,2236,-97,536,17,412
508330,313,72,2203,-287,240,-82,412
508335,387,2154,2873,-405,371,-82,412
508340,-172,-391,1280,-218,477,-478,412
508345,-77,495,637,7,-613,-557,412
508350,774,-357,6425,-1009,-2093,-637,412
508355,335,-498,6422,-1140,-1611,-678,412
508360,799,42,9348,309,-1292,-530,412
508365,515,-217,8109,121,-506,-449,412
508370,39,-866,5052,92,248,-244,412
508375,310,-146,4387,369,451,-97,412
508380,738,-88,5474,1181,435,-101,412
508385,180,351,791,1080,879,-84,412
508390,78,284,2574,1220,-377,-46,412
508395,228,-331,4230,647,-678,88,412
508400,420,-43,3883,-162,-329,258,412
508405,248,127,2127,-549,-61,454,412
508410,3,1116,1542,-1131,-675,620,412
508415,-141,1970,4401,-1581,-1758,548,412
508420,348,1395,8218,-1644,-1796,260,412
508425,296,218,6811,-1315,-166,50,412
508430,135,861,4007,-395,500,46,412
508435,512,1179,4584,-408,-120,-175,412
508440,476,987,4704,-340,-106,-560,412
508445,205,-59,923,-714,410,-833,412
508450,595,-217,4654,-833,-731,-846,412
508455,646,-710,4802,-1052,-886,-850,412
508460,374,-717,5621,-645,-865,-666,412
508465,424,-765,6522,-500,-213,-488,412
508470,270,-459,5594,214,755,-368,412
508475,221,-385,2859,517,1221,-222,412
508480,-33,21,-738,28,628,-100,412
508485,1411,679,9102,-1867,-821,-21,412
508490,721,27,378,-3039,1982,318,412
508495,1106,1985,5601,-3423,394,569,412
508500,911,1391,8676,-2485,455,286,412
508505,1103,1708,5812,-1763,1431,-234,412
508510,1165,1248,9562,-2062,1310,-595,412
508515,892,-160,3731,-1483,2723,-876,412
508520,333,767,3086,-884,2138,-1000,412
508525,426,-108,4802,-577,1747,-1377,412
508530,-351,-987,2544,-139,2037,-1522,412
508535,25,-470,3015,456,1287,-1430,412
508540,-174,-265,2857,856,1357,-1413,412
508545,-175,-399,2087,1216,1354,-1310,412
508550,-323,-153,1738,1407,795,-1263,412
508555,-274,126,2591,1712,204,-1267,412
508560,-170,717,2502,1653,4,-1222,412
508565,-314,-981,1574,1560,-151,-1259,412
508570,-286,-174,1203,1767,-876,-1091,412
508575,-313,-742,2323,981,-1592,-861,412
508580,463,-1099,-1130,751,-1642,-552,412
508585,-670,70,-1357,1360,-3156,-229,412
508590,261,1187,4401,1096,-5411,-52,412
508595,-407,690,3723,1238,-4654,-155,412
508600,-1242,-2224,3311,-2803,-4233,-5,412
508605,-434,297,9905,-3560,-4463,307,412
508610,3895,-773,15915,-1070,-2031,500,412
508615,624,1897,12191,328,-18,605,412
508620,-278,1422,6417,665,1219,116,412
508625,-59,1528,2542,1685,2102,-520,412
508630,62,242,-346,2164,1806,-1062,412
508635,621,33,1345,2108,446,-1108,412
508640,1399,-1300,5848,1015,100,-995,413
508645,586,-495,778,669,1565,-743,413
508650,116,-1645,1200,-994,465,-444,413
508655,1096,-560,9323,-1100,-1308,48,413
508660,571,561,4712,752,650,273,413
508665,746,390,4999,500,-4,310,413
508670,410,409,5254,931,-498,328,413
508675,1,885,4760,1541,-392,301,413
508680,-305,869,4574,913,5,100,413
508685,66,3,4827,275,192,-9,413
508690,160,794,4572,-149,538,38,413
508695,-5,529,4158,-365,981,-103,413
508700,371,1123,3067,-309,1332,-182,413
508705,-55,-281,2562,-342,1308,-363,413
508710,63,-74,3661,121,545,-272,413
508715,190,-74,3424,268,474,-146,413
508720,641,-14,4170,-415,48,-5,413
508725,69,-375,2907,-495,-176,95,413
508730,220,734,5519,-510,-1080,250,413
508735,435,573,4787,-939,-755,109,413
508740,508,445,6218,-1502,-712,3,413
508745,35,229,5074,-236,-188,-166,413
508750,486,358,6903,82,-155,-314,413
508755,385,39,4686,685,1024,-501,413
508760,38,-375,2583,1174,1314,-573,413
508765,147,-1079,3048,1398,818,-435,413
508770,655,-479,4731,63,999,-27,413
508775,346,110,3179,-840,1775,286,413
508780,617,494,5265,-270,742,369,413
508785,543,-43,5262,192,510,427,413
508790,184,474,3513,334,731,539,413
508795,-169,872,3277,371,438,560,413
508800,-260,488,4007,376,202,360,413
508805,-3,130,1631,-469,229,221,413
508810,397,401,3358,-842,-583,251,413
508815,207,1265,4717,-1413,-655,234,413
508820,384,1441,5137,-1664,-517,-39,413
508825,324,651,5716,-946,-615,-358,413
508830,373,367,3856,-891,-353,-425,413
508835,235,155,4149,-428,-490,-481,413
508840,118,-246,3559,-368,-494,-519,413
508845,-35,-1421,2256,0,-671,-463,413
508850,987,-2437,3864,-512,-1444,68,413
508855,641,-1494,4590,-1420,-1440,845,413
508860,431,-467,4155,-2151,-1335,1466,413
508865,369,606,6520,-2361,-1427,1734,413
508870,1059,500,7745,-2823,-879,1831,413
508875,387,1836,1863,-2348,-47,1842,413
508880,1604,3499,7267,-552,-1793,1089,413
508885,1133,1242,4121,-582,-847,65,413
508890,324,-286,3947,91,-1279,-491,413
508895,-151,-1835,3758,159,-1905,-648,413
508900,-376,-1293,5405,369,-2311,-569,413
508905,-640,1172,222,568,-1626,-395,413
508910,385,-1744,5661,741,-2863,-459,413
508915,1513,1308,7797,-17,-1665,-179,413
508920,122,-239,3548,340,-267,-343,413
508925,1171,7,7917,884,-652,-531,413
508930,1031,-710,7361,951,766,-558,413
508935,779,-77,5499,1001,1551,-422,413
508940,1083,455,7384,881,1383,-401,413
508945,1182,941,5984,794,2341,-580,413
508950,641,2,2387,854,3134,-852,413
508955,808,1001,5664,1050,2575,-1003,413
508960,819,868,2753,1017,3279,-1268,413
508965,367,-941,2125,461,2757,-1387,413
508970,538,-1466,3813,-70,1689,-1010,414
508975,-210,800,1346,206,1346,-532,414
508980,-870,335,3448,125,19,-286,414
508985,-205,1430,5653,-418,-611,-218,414
508990,117,658,7850,-148,-224,-448,414
508995,-661,7,4339,-353,952,-593,414
509000,-44,-253,2383,601,883,-707,414
509005,820,-1867,3726,1128,71,-772,414
509010,568,-949,3789,191,361,-291,414
509015,26,-649,2468,-590,312,93,414
509020,279,-231,4096,-352,-720,330,414
509025,286,229,4635,-347,-981,478,414
509030,69,774,3096,-584,-684,509,414
509035,28,1000,3778,-429,-973,382,414
509040,-11,599,3679,-99,-865,162,414
509045,99,-332,4192,-141,-1075,-9,414
509050,511,-273,5052,-421,-1286,45,414
509055,556,-60,7046,-135,-1040,232,414
509060,-88,378,3712,-98,-214,301,414
509065,297,793,6066,-109,-639,195,414
509070,400,513,5563,188,302,53,414
509075,-18,147,2689,-87,926,-43,414
509080,13,-155,1824,-104,672,-67,414
509085,490,707,3687,-120,4,-49,414
509090,291,965,2032,241,226,-232,414
509095,535,726,4109,162,-489,-523,414
509100,680,-860,4876,380,-929,-666,414
509105,422,-558,3681,-586,-1193,-363,414
509110,52,-502,3846,-723,-1509,-134,414
509115,-156,370,4958,-500,-2065,84,414
509120,186,1075,5979,-479,-1713,67,414
509125,173,514,3741,425,-788,-252,414
509130,313,448,3576,1063,-1096,-514,414
509135,299,-1236,3833,1625,-1034,-734,414
509140,543,-1530,4570,1920,-1186,-603,414
509145,1317,-1425,9551,303,-1377,-104,414
509150,917,-338,6207,-328,260,437,414
509155,-338,171,5017,-489,139,821,414
509160,764,1885,10218,-565,208,814,414
509165,328,1247,3706,-1040,2769,496,414
509170,267,660,466,-403,2543,188,414
509175,565,1164,2459,-249,1257,43,414
509180,408,1073,2221,-294,1105,-174,414
509185,143,303,2660,-1080,886,-285,414
509190,192,645,1424,-1507,687,-254,414
509195,322,371,3081,-1031,-310,-420,414
509200,270,408,3517,-1177,-572,-473,414
509205,773,343,7900,-1423,-857,-512,414
509210,101,-895,3483,-165,-268,-736,414
509215,411,-259,7086,-408,-868,-762,414
509220,157,-1117,5584,-254,472,-841,414
509225,-111,-1344,3849,367,645,-776,414
509230,502,-696,5795,84,156,-431,414
509235,10,-1089,1514,38,1202,-48,414
509240,266,-647,3904,167,272,488,414
509245,139,432,4461,120,184,882,414
509250,86,1853,4798,84,180,971,414
509255,-136,354,2921,635,370,534,414
509260,680,446,7503,-19,-107,341,414
509265,417,934,4682,-721,987,226,414
509270,218,765,5092,-764,896,-130,414
509275,240,69,2010,-305,970,-586,414
509280,838,452,4435,1,29,-750,414
509285,383,291,3096,-133,376,-822,414
509290,264,-136,2983,51,-30,-913,414
509295,239,118,3240,264,-522,-862,415
509300,66,154,4508,354,-799,-878,415
509305,-27,-701,4274,80,-655,-825,415
509310,494,-916,3903,-1252,-487,-489,415
509315,1142,29,10676,-379,-915,-247,415
509320,790,928,9349,223,594,-133,415
509325,433,497,5227,714,1754,-327,415
509330,668,-295,3125,1790,1551,-753,415
509335,773,-811,5156,2139,951,-979,415
509340,320,-1456,2196,1701,1767,-702,415
509345,485,-2589,2414,1577,1110,-340,415
509350,371,-441,3710,1192,325,310,415
509355,-374,473,2822,906,409,630,415
509360,-298,1846,5000,277,133,730,415
509365,-125,1574,4795,5,319,461,415
509370,56,669,5485,-283,143,232,415
509375,175,1066,3927,-455,606,220,415
509380,26,383,2193,-637,674,186,415
509385,637,539,3254,-900,-108,271,415
509390,291,1786,3812,-334,-116,51,415
509395,70,12,3361,-543,-33,-330,415
509400,394,-475,3354,-305,-226,-524,415
509405,790,-1041,8591,-106,-515,-695,415
509410,579,-1491,7731,-47,430,-435,415
509415,180,-1816,4607,-37,823,33,415
509420,603,-165,4834,-238,311,575,415
509425,576,-216,3645,261,494,668,415
509430,323,692,1974,788,367,648,415
509435,141,958,2822,972,-172,515,415
509440,18,586,3382,1479,-235,243,415
509445,-121,480,2893,934,-15,56,415
509450,154,459,6259,-350,52,-49,415
509455,-550,209,2976,-851,1302,-153,415
509460,670,367,7999,-193,303,-165,415
509465,270,1302,5411,486,1183,-284,415
509470,-262,850,3263,567,1550,-418,415
509475,31,-98,2933,1116,1137,-525,415
509480,225,-447,4192,748,968,-538,415
509485,-102,177,2512,465,1250,-435,415
509490,-40,-476,2516,156,399,-528,415
509495,499,-902,4913,-262,-75,-542,415
509500,733,-1257,4199,-907,158,-224,415
509505,504,-282,5067,-725,-665,296,415
509510,405,727,4968,-442,-854,574,415
509515,77,1329,2980,-187,-697,552,415
509520,-36,1635,4035,232,-1306,301,415
509525,-591,1389,1330,390,-1212,-182,415
509530,-225,-176,3966,390,-2055,-581,415
509535,588,-857,7829,-1331,-1712,-553,415
509540,-683,1,-21,-1718,346,-235,415
509545,1535,184,14107,-882,-1695,-257,415
509550,615,-575,5579,-62,913,-343,415
509555,353,-197,3993,186,596,-319,415
509560,583,166,3767,-202,717,-226,415
509565,167,-609,1965,268,847,-319,415
509570,36,-450,1378,886,-71,-243,415
509575,266,-9,2755,767,-802,-75,415
509580,330,131,2603,238,-702,-24,415
509585,925,874,6437,-468,-962,-56,415
509590,212,-607,4081,686,-558,-182,415
509595,975,-68,9781,-207,-841,-82,416
509600,37,391,5289,-229,946,39,416
509605,394,-616,6265,-773,240,114,416
509610,166,-193,5018,-616,780,343,416
509615,-108,-25,1124,-271,1344,430,416
509620,-37,1534,244,650,229,484,416
509625,-403,859,-104,881,-705,225,416
509630,410,-520,5195,-140,-1284,70,416
509635,414,-709,3417,-784,-52,272,416
509640,780,980,5278,-2474,190,684,416
509645,764,267,10999,-88,-849,408,416
509650,196,1296,5800,-129,230,491,416
509655,481,-53,3427,1209,689,23,416
509660,1364,-350,4333,1974,-300,-254,416
509665,-212,-652,-2288,2243,360,-241,416
509670,-560,1352,2784,1772,-2043,-175,416
509675,413,-668,3717,1698,-2401,-620,416
509680,1035,898,9350,828,-1952,-734,416
509685,-595,-2013,-1696,-700,460,-616,416
509690,-52,823,7528,-371,-1802,-106,416
509695,160,-261,6103,-318,-701,70,416
509700,289,664,4823,-302,-134,336,416
509705,694,1967,3832,-645,-203,492,416
509710,804,-149,6163,-792,-607,175,416
509715,452,-537,3506,-936,397,145,416
509720,-26,890,4182,-968,37,367,416
509725,209,533,3891,-980,26,190,416
509730,101,386,3177,-910,67,54,416
509735,167,942,2998,-842,-291,-129,416
509740,405,-88,5742,-718,-599,-382,416
509745,160,183,3858,231,71,-634,416
509750,250,-673,3195,1042,-338,-910,416
509755,273,-902,4276,861,-867,-684,416
509760,656,-793,6684,-658,-807,-238,416
509765,417,-967,3293,-454,25,80,416
509770,251,773,4542,369,-858,206,416
509775,215,636,3645,135,-772,104,416
509780,186,146,5212,205,-711,-24,416
509785,-56,521,3777,425,-131,-93,416
509790,128,986,4570,239,-244,-287,416
509795,796,-543,4131,-256,-21,-538,416
509800,745,670,4616,-684,-235,-312,416
509805,179,522,4470,-280,-249,-323,416
509810,49,755,4266,33,-279,-295,416
509815,531,581,4673,-359,-310,-255,416
509820,293,265,5216,-640,-32,-239,416
509825,151,-122,3958,-259,365,-309,416
509830,276,-873,2910,125,191,-339,416
509835,657,336,4909,-423,-261,-76,416
509840,-8,64,3010,-780,278,-61,416
509845,68,426,2486,-782,47,-34,416
509850,961,252,9177,-436,-904,-126,416
509855,527,397,2795,808,180,-226,416
509860,511,-133,5902,505,-564,-321,416
509865,295,-659,5908,887,99,-344,416
509870,32,-352,4287,576,884,-249,416
509875,397,-253,5703,287,741,-164,416
509880,154,187,3348,333,1478,-221,416
509885,-278,224,39,914,1538,-393,416
509890,825,-886,3828,127,69,-294,416
509895,422,-104,3521,-1005,208,262,416
509900,38,906,2459,-915,-410,591,416
509905,560,570,8119,-1424,-1836,624,416
509910,90,1731,6422,-531,-705,557,416
509915,64,1888,2833,-454,266,114,416
509920,520,523,3975,-403,-505,-483,416
509925,796,203,5207,-133,-519,-893,417
509930,86,-563,2961,-98,201,-1222,417
509935,-223,-1286,3230,794,-333,-1437,417
509940,898,-703,6587,545,-586,-1292,417
509945,728,-2885,6119,746,-11,-950,417
509950,906,-1948,4981,-71,131,54,417
509955,1169,-191,9697,-522,128,901,417
509960,547,304,5516,-330,1467,1280,417
509965,499,655,4903,-524,1212,1396,417
509970,236,1975,4001,-222,1595,1212,417
509975,71,2099,1544,29,2210,566,417
509980,79,1487,2556,1293,1302,-279,417
509985,735,1037,1542,1078,810,-905,417
509990,109,-573,-178,546,428,-1202,417
509995,-54,696,2196,895,-554,-1277,417
510000,439,-719,3232,367,-619,-1459,417
510005,365,-467,7129,-628,-1011,-1163,417
510010,1156,-698,9306,-1899,-1095,-940,417
510015,170,505,8136,-115,86,-920,417
510020,247,-359,7053,232,1478,-1001,417
510025,250,-754,5663,254,1932,-896,417
510030,435,-2903,2541,679,1566,-439,417
510035,439,402,3321,1474,878,446,417
510040,-1038,621,-1012,1128,1255,716,417
510045,281,1013,7537,1179,-796,662,417
510050,-27,168,3162,947,1132,349,417
510055,312,191,2027,281,727,188,417
510060,561,-981,5738,-650,-220,188,417
510065,197,-463,4767,-1696,269,583,417
510070,36,813,3160,-1411,411,760,417
510075,486,1243,5414,-1072,-425,630,417
510080,728,2119,5209,-808,-173,368,417
510085,398,826,3762,-288,294,-163,417
510090,355,991,4268,-93,72,-557,417
510095,587,306,5347,-472,170,-849,417
510100,662,-1298,6021,-423,404,-1043,417
510105,111,-1129,4522,-44,869,-869,417
510110,387,-906,4340,-264,814,-465,417
510115,107,-867,2824,113,1059,-127,417
510120,1,-738,2787,643,666,135,417
510125,406,44,6403,885,-6,331,417
510130,440,411,4003,-240,981,505,417
510135,-1,486,4089,-518,964,507,417
510140,284,584,5489,-314,676,367,417
510145,275,1684,3690,87,756,171,417
510150,71,1684,2244,-312,513,-178,417
510155,-48,849,2178,-33,-258,-536,417
510160,-166,392,2081,-215,-899,-742,417
510165,22,78,3692,-762,-1444,-837,417
510170,-148,-232,3050,-1082,-934,-845,417
510175,300,-642,6425,-903,-888,-800,417
510180,1239,-549,9110,-2239,-1179,-622,417
510185,840,-2049,11037,-1529,-911,-447,417
510190,-242,-798,5006,-706,1441,41,417
510195,269,-254,5261,4,1388,173,417
510200,290,1298,2,1457,2032,96,417
510205,790,75,4947,2190,307,-327,417
510210,596,-156,2661,1424,952,-490,417
510215,269,-1004,2173,377,683,-509,417
510220,373,-959,1939,-220,-174,-232,417
510225,286,928,3564,-5,-985,35,417
510230,220,1096,6544,-776,-1135,112,417
510235,17,289,2181,-741,-261,36,417
510240,495,574,6437,-1128,-1458,89,417
510245,-19,1276,6769,-892,-755,71,417
510250,-208,1132,3942,-1649,109,-75,417
510255,194,306,5175,-327,-196,-394,418
510260,20,-19,2529,-339,277,-491,418
510265,-116,-399,3177,53,-368,-496,418
510270,106,-1152,3875,105,-424,-470,418
510275,232,-2077,4835,-570,-213,-281,418
510280,63,-859,1973,-637,390,104,418
510285,328,276,3696,255,-678,122,418
510290,658,438,8999,1069,-1270,-201,418
510295,267,-1018,3836,1685,504,-507,418
510300,186,-1551,2775,729,-486,-99,418
510305,533,-1637,4304,399,-1289,515,418
510310,384,745,4558,578,-1114,983,418
510315,514,285,4211,-521,-1058,1202,418
510320,518,1690,5577,-1287,-1119,1392,418
510325,127,3069,6670,-1183,-802,968,418
510330,-46,2277,4220,55,-304,22,418
510335,327,1152,4726,-506,87,-619,418
510340,252,154,4832,-123,701,-1010,418
510345,217,-769,4040,-382,1184,-1128,418
510350,34,-805,2497,-219,1297,-1023,418
510355,231,-1517,3234,-434,661,-755,418
510360,207,-1178,1894,-22,339,-330,418
510365,458,-663,4188,-185,-574,112,418
510370,314,-386,2278,-1106,-574,554,418
510375,203,-260,3905,-1172,-1284,763,418
510380,208,183,5944,-873,-1782,842,418
510385,192,1654,5966,-425,-1146,705,418
510390,658,1068,6469,321,-664,-27,418
510395,716,589,5927,864,-443,-738,418
510400,438,-313,4439,891,142,-1176,418
510405,189,-1381,3138,1178,197,-1366,418
510410,548,-1649,3993,653,-695,-880,418
510415,358,-755,4399,690,-854,-399,418
510420,40,-246,3434,136,-391,-31,418
510425,-46,-517,4242,-593,-791,315,418
510430,-65,-633,4570,-1364,-926,762,418
510435,296,538,6637,-1442,-837,1130,418
510440,185,1668,2512,-676,-158,985,418
510445,605,457,5778,-53,-1086,512,418
510450,398,881,1560,-85,-313,329,418
510455,648,404,4071,-634,-1255,-55,418
510460,823,428,6294,-324,-1295,-341,418
510465,591,649,5738,-244,-857,-608,418
510470,114,-243,3946,-191,-256,-900,418
510475,445,-217,5505,14,-354,-992,418
510480,481,-515,4024,164,16,-948,418
510485,603,-1946,3780,56,-123,-669,418
510490,574,-774,4457,82,-450,-39,418
510495,100,-420,5149,299,-562,336,418
510500,408,-210,5172,-56,-479,604,418
510505,52,636,3552,-472,148,768,418
510510,154,648,5454,-670,182,680,418
510515,329,327,5421,-425,855,511,418
510520,318,1888,4599,366,1278,192,418
510525,149,-602,3087,1177,1307,-504,418
510530,989,-392,3590,1320,500,-528,418
510535,231,-800,108,-209,517,-419,418
510540,886,-1654,7408,113,-1317,-304,418
510545,729,-420,5153,798,-1045,55,418
510550,91,973,6771,927,-1349,206,418
510555,-242,987,3150,542,-237,-76,419
510560,136,16,6077,672,-468,-416,419
510565,45,-335,3902,623,383,-484,419
510570,20,-1181,2312,190,506,-281,419
510575,167,-536,2470,-134,180,201,419
510580,345,2170,3769,-1058,322,607,419
510585,-123,-887,2141,-1441,817,526,419
510590,681,854,2612,-389,-223,212,419
510595,944,1094,7661,1,-1237,60,419
510600,-105,274,1572,-254,-189,-163,419
510605,1,-128,5351,695,-1632,-489,419
510610,989,-502,7347,657,-1491,-586,419
510615,143,-1013,3533,-48,-152,-512,419
510620,-199,-904,3900,-59,32,-360,419
510625,113,-605,4279,645,-325,-179,419
510630,1041,238,7035,240,-406,-46,419
510635,196,136,2125,-98,1035,23,419
510640,-147,590,3665,152,346,49,419
510645,-193,829,2282,-404,313,-56,419
510650,217,892,2356,-678,-359,-136,419
510655,276,2251,4768,-347,-1098,-343,419
510660,327,770,4282,-758,-261,-756,419
510665,157,-243,-1368,-601,-224,-826,419
510670,1366,-26,9160,160,-3269,-803,419
510675,911,-34,11812,-1735,-1810,-786,419
510680,971,-1881,6965,152,-535,-821,419
510685,847,-2190,6740,65,-815,-550,419
510690,477,-1081,8021,205,-137,-155,419
510695,227,-927,3768,74,1022,156,419
510700,438,-1136,4971,91,839,431,419
510705,236,-688,3822,537,1432,655,419
510710,345,-711,2799,730,1429,856,419
510715,699,719,3273,780,1000,1034,419
510720,458,983,705,794,1140,913,419
510725,182,3371,2963,1218,193,565,419
510730,113,1011,2036,794,-80,-175,419
510735,581,-1159,5004,7,-1083,-439,419
510740,411,704,6344,-532,-1166,-246,419
510745,601,-81,7802,-314,-944,-427,419
510750,243,-109,2931,253,-243,-550,419
510755,572,-331,9718,738,-739,-647,419
510760,791,-2382,3290,-8,1538,-374,419
510765,391,-1213,4296,-372,759,372,419
510770,846,855,2835,-97,675,679,419
510775,300,576,2631,123,673,617,419
510780,254,1539,3066,330,196,492,419
510785,591,1274,4080,-196,217,192,419
510790,-9,-62,2939,-490,611,-105,419
510795,277,391,4837,-760,-259,-87,419
510800,-112,1048,2886,-700,-25,-167,419
510805,-35,312,2035,-317,-540,-460,419
510810,666,-133,7495,632,-1537,-646,419
510815,191,-2625,2786,975,-933,-710,419
510820,103,-804,6520,1168,-1807,-459,419
510825,217,-1861,6032,1085,-777,-300,419
510830,314,-875,3701,1276,-634,83,419
510835,271,-840,3236,1663,-1148,357,419
510840,117,535,4363,1513,-1086,602,419
510845,1062,3900,5457,-1071,-226,702,419
510850,274,-736,4492,-751,561,393,419
510855,768,2210,4967,-332,21,331,419
510860,467,1720,6108,-492,372,-181,419
510865,676,1510,3966,-749,969,-558,419
510870,655,843,2688,-1071,1051,-794,419
510875,394,860,3657,-869,804,-989,419
510880,89,-69,2984,-221,757,-1227,420
510885,274,-537,1702,94,380,-1262,420
510890,407,-2159,3783,-494,-279,-1111,420
510895,91,-1414,5115,-542,-168,-660,420
510900,16,-1363,3843,37,-139,-242,420
510905,681,-239,6197,72,-505,65,420
510910,321,-840,5894,-282,398,267,420
510915,146,-196,4372,-355,1060,550,420
510920,358,156,6720,94,634,547,420
510925,371,865,3177,-80,1243,536,420
510930,248,780,2082,186,901,310,420
510935,455,18,1241,563,22,147,420
510940,921,-117,3389,1097,-1060,83,420
510945,532,839,8112,34,-1211,144,420
510950,-9,-1551,2533,-1012,284,148,420
510955,68,-39,6909,-1192,-798,536,420
510960,-54,999,5129,-1186,-142,623,420
510965,333,365,4282,-1243,525,365,420
510970,92,-338,2886,-468,894,446,420
510975,211,514,2649,208,404,686,420
510980,1027,885,5566,876,5,500,420
510985,125,623,7638,-682,1184,130,420
510990,105,-1269,1310,18,2036,-221,420
510995,984,-881,8093,-302,31,-235,420
511000,826,-237,3843,-981,1214,9,420
511005,-141,27,1342,73,594,-132,420
511010,38,-677,2423,137,-754,-224,420
511015,292,927,-125,619,-1126,-147,420
511020,562,119,2312,971,-2180,-401,420
511025,523,290,4249,142,-2356,-525,420
511030,780,104,7814,-1325,-1755,-557,420
511035,-197,-57,6602,-339,-1465,-682,420
511040,-8,252,9462,-845,-1384,-640,420
511045,924,595,7304,-636,562,-549,420
511050,1153,-161,8384,-339,1315,-517,420
511055,-195,612,2696,26,2616,-457,420
511060,773,-629,1520,736,1935,-726,420
511065,730,-711,3812,1065,839,-715,420
511070,-244,-1181,-2025,1157,899,-511,420
511075,-30,-494,1866,1052,-1224,-363,420
511080,938,-2129,4919,7,-1550,-268,420
511085,282,-1061,2748,-701,-752,181,420
511090,913,-266,8023,105,-2063,419,420
511095,-168,1147,3987,228,-972,427,420
511100,332,1164,7250,-88,-922,178,420
511105,450,496,6306,-56,374,-155,420
511110,488,-166,5609,-263,712,-144,420
511115,110,284,4229,-220,1170,-22,420
511120,563,512,6578,-253,1248,-71,420
511125,574,1135,1773,-411,2144,-158,420
511130,687,6,4874,-9,1561,-598,420
511135,805,-242,4822,131,2031,-899,420
511140,490,-2359,3535,-456,2254,-799,420
511145,421,-211,3853,274,1555,-447,420
511150,696,-274,6164,565,1221,-449,420
511155,519,-443,3334,925,1797,-355,421
511160,198,233,2943,1225,1344,-375,421
511165,507,17,2303,616,774,-524,421
511170,1040,-1411,3065,-23,-121,-405,421
511175,452,944,5159,479,-796,-52,421
511180,-63,137,3726,-309,-499,110,421
511185,-132,161,4082,-650,-900,335,421
511190,-391,1441,4117,-539,-687,398,421
511195,-223,978,3860,-798,-341,159,421
511200,-24,698,3371,-322,-390,-132,421
511205,64,994,4143,334,-605,-404,421
511210,-20,-1477,2291,748,-229,-778,421
511215,124,-1270,3127,1096,-561,-737,421
511220,410,-2733,5753,1518,-1300,-556,421
511225,992,-178,6852,1053,-918,-62,421
511230,-181,-1739,3067,-1124,84,439,421
511235,562,415,4631,-1147,-194,930,421
511240,1334,1283,9715,-809,-374,1033,421
511245,963,2316,7741,-877,1378,1061,421
511250,524,1732,3155,-691,2282,485,421
511255,714,1488,5238,234,1359,-254,421
511260,256,1139,999,605,1950,-819,421
511265,589,-1152,2100,557,1084,-1272,421
511270,594,-1197,2602,245,786,-1052,421
511275,248,-819,2180,-227,849,-779,421
511280,-304,-1719,1128,-521,263,-588,421
511285,67,-818,3788,-313,-926,-104,421
511290,573,-53,8156,-246,-1117,170,421
511295,662,940,8896,-102,-180,174,421
511300,-121,140,3018,-153,1123,-93,421
511305,62,-302,8154,149,355,-297,421
511310,176,-147,2817,104,1665,-245,421
511315,86,757,2287,683,1128,-197,421
511320,400,-352,3763,35,499,-233,421
511325,191,-729,1918,-509,645,68,421
511330,-87,788,2270,-842,-32,415,421
511335,504,1482,6389,-734,-625,308,421
511340,336,583,2474,-1816,585,44,421
511345,1459,1502,12469,-1334,-626,-191,421
511350,343,-257,5437,-520,1316,-558,421
511355,229,-716,4611,-64,1124,-772,421
511360,501,-440,3890,81,1179,-701,421
511365,451,-765,2536,33,1222,-515,421
511370,66,-1341,537,344,515,-405,421
511375,736,-266,3408,-85,-926,-172,421
511380,221,244,2397,-483,-627,-45,421
511385,-26,390,5510,-1382,-1043,-61,421
511390,11,-622,3778,-1812,-554,-118,421
511395,-254,718,5308,-517,-1518,-304,421
511400,682,935,11418,340,-793,-643,421
511405,275,-905,5339,1047,1889,-920,421
511410,446,-519,3778,1538,1241,-777,421
511415,338,-561,4085,1105,789,-657,421
511420,470,-863,3225,365,1001,-430,421
511425,525,-661,3468,-9,652,-80,421
511430,412,111,2584,-347,491,221,421
511435,147,624,2942,-276,-5,278,421
511440,235,867,4123,-301,-498,211,421
511445,269,196,2064,-522,-630,97,421
511450,265,157,4049,-126,-1356,-46,421
511455,60,-130,2874,-17,-1402,-191,422
511460,709,-730,8907,-1174,-2094,-203,422
511465,166,-15,6283,-1384,-325,-113,422
511470,-122,-137,4417,-933,-184,-141,422
511475,362,452,5806,137,-445,-333,422
511480,591,26,4711,495,529,-398,422
511485,253,-157,3021,701,763,-365,422
511490,44,-987,3965,981,386,-398,422
511495,513,-1564,2860,593,360,-205,422
511500,599,-519,4734,484,-257,130,422
511505,298,-348,4400,351,10,329,422
511510,250,-551,3867,584,-7,469,422
511515,80,456,4210,799,-197,562,422
511520,339,517,3832,164,-144,469,422
511525,456,621,5383,-253,-194,368,422
511530,263,513,4361,-252,33,185,422
511535,198,803,5913,126,-49,-116,422
511540,219,235,3963,290,597,-341,422
511545,79,252,3091,642,701,-448,422
511550,291,247,4546,614,492,-557,422
511555,177,-1060,1705,560,929,-660,422
511560,432,-1638,3331,-152,72,-279,422
511565,59,-748,421,-432,-541,254,422
511570,698,-668,6476,-697,-2464,719,422
511575,283,926,6974,-428,-2195,1142,422
511580,-255,877,3359,-423,-1785,1066,422
511585,238,1326,7590,-988,-2109,901,422
511590,-15,877,5275,-1280,-624,522,422
511595,130,1066,4703,-1151,-626,13,422
511600,634,690,6053,-1124,-613,-540,422
511605,488,69,4532,-825,404,-897,422
511610,496,-602,4492,-589,556,-975,422
511615,507,-726,4574,98,659,-909,422
511620,231,-1144,1776,598,977,-843,422
511625,765,-1028,4320,465,-57,-508,422
511630,497,-1234,2085,-161,131,-47,422
511635,76,-707,2744,-153,-732,336,422
511640,344,68,3819,-245,-1407,553,422
511645,438,959,6430,-303,-1455,556,422
511650,167,44,4393,-320,-448,355,422
511655,19,200,4056,-140,-521,258,422
511660,690,1037,7711,-643,-923,141,422
511665,46,1517,4277,-837,450,-155,422
511670,441,703,5904,-875,246,-531,422
511675,612,-326,3875,-658,485,-746,422
511680,465,-440,3633,-495,229,-559,422
511685,364,17,3129,-383,-84,-374,422
511690,138,-436,3213,-252,-516,-315,422
511695,-168,-955,2486,52,-606,-276,422
511700,125,-244,5303,-28,-842,-233,422
511705,226,-1629,5415,-568,-164,-173,422
511710,419,-221,1715,-748,211,110,422
511715,515,321,5739,112,-816,-132,422
511720,478,-168,4112,253,-187,-308,422
511725,535,-353,5171,18,-562,-238,422
511730,554,-412,5009,419,-692,-133,422
511735,524,-538,5666,560,-764,-28,422
511740,335,-16,4669,526,-343,92,422
511745,228,-697,4541,603,-149,40,422
511750,576,-13,6345,435,-76,168,422
511755,315,39,1853,529,898,183,423
511760,538,-335,4962,315,292,53,423
511765,520,-261,4019,-314,536,77,423
511770,150,101,3983,-751,348,208,423
511775,612,866,6142,-670,-177,224,423
511780,312,1075,4135,-373,222,45,423
511785,349,959,4323,666,95,-451,423
511790,692,1380,5023,1030,-5,-1108,423
511795,298,-2090,2755,218,369,-1471,423
511800,389,-407,3931,-502,-192,-1091,423
511805,308,-893,6413,-140,-774,-908,423
511810,165,-975,2635,27,-38,-620,423
511815,-137,-4,3801,-32,-494,-167,423
511820,-380,53,3105,634,-512,-90,423
511825,-65,-92,2835,1360,-951,-246,423
511830,696,44,5550,860,-1058,-374,423
511835,51,-2308,2867,-223,174,-398,423
511840,-110,-663,1274,393,-449,-91,423
511845,230,-169,7384,749,-1168,12,423
511850,1176,345,9132,234,25,-10,423
511855,731,-308,2823,527,1203,20,423
511860,725,54,4454,-34,164,234,423
511865,422,1184,4740,520,225,121,423
511870,471,848,3752,-243,537,-71,423
511875,547,191,3147,-368,728,-166,423
511880,338,-197,3440,-537,602,-181,423
511885,326,39,2694,-431,728,-141,423
511890,617,-499,4834,-473,172,-141,423
511895,340,258,3592,-333,663,-175,423
511900,359,-145,4718,436,551,-316,423
511905,5,-1297,4349,574,635,-367,423
511910,52,-315,3238,186,939,-218,423
511915,460,-1154,6016,-452,488,-109,423
511920,899,-210,5634,-1409,850,303,423
511925,-134,65,3487,-1470,1132,541,423
511930,842,1629,6375,-1028,-108,522,423
511935,776,1472,5819,-100,181,142,423
511940,329,513,3460,464,557,-242,423
511945,-128,69,1366,816,114,-557,423
511950,232,-474,5032,345,-662,-679,423
511955,113,-679,1545,-214,547,-659,423
511960,187,-757,3647,-705,-222,-595,423
511965,-113,-178,2440,-837,-36,-515,423
511970,34,-439,3310,-620,-308,-451,423
511975,51,-1118,5146,-863,-440,-267,423
511980,287,-728,6645,-1548,-208,47,423
511985,479,203,5853,-385,581,259,423
511990,44,620,5274,-597,629,255,423
511995,297,792,5365,373,459,0,423
512000,695,267,4165,381,451,-308,423
512005,371,-45,1469,234,321,-469,423
512010,573,-535,4120,176,-586,-568,423
512015,282,82,4316,467,-719,-599,423
512020,287,-590,4908,597,-727,-705,423
512025,261,-1283,3927,992,-496,-613,423
512030,80,-1570,2154,1109,-490,-327,423
512035,361,-273,5165,764,-1065,14,423
512040,117,-114,2568,-31,50,219,423
512045,365,55,3716,88,-319,441,423
512050,48,339,4939,152,-661,408,423
512055,577,485,6348,198,-633,353,424
512060,449,366,5352,-269,-51,336,424
512065,48,416,2292,20,270,198,424
512070,85,1077,3202,-113,-486,-31,424
512075,-99,406,1427,52,-482,-423,424
512080,545,-475,4602,-335,-1437,-802,424
512085,392,-40,5096,-1066,-1091,-754,424
512090,256,-392,5394,-2128,-565,-674,424
512095,882,-1539,10517,-2026,-1024,-491,424
512100,1080,-1225,7241,-1544,82,-124,424
512105,-284,175,5186,-783,653,217,424
512110,362,114,4471,-81,972,302,424
512115,30,879,367,553,1344,181,424
512120,394,-1099,328,1171,-137,-124,424
512125,819,252,4591,523,-1311,37,424
512130,327,-128,3131,-973,-479,71,424
512135,103,-618,1131,-2429,-625,204,424
512140,887,1561,9714,-2135,-2265,223,424
512145,805,1818,11584,-1031,-1353,-341,424
512150,182,-525,7151,-408,604,-1074,424
512155,541,-1149,5009,-189,1214,-1101,424
512160,612,-760,3228,-68,1374,-861,424
512165,901,-1135,5261,-463,1004,-658,424
512170,-56,-369,-289,-154,1948,-517,424
512175,194,-258,2376,388,240,-448,424
512180,487,265,3458,637,-29,-382,424
512185,360,-906,718,383,-74,-476,424
512190,199,-339,1456,-57,-1122,-363,424
512195,-182,-1295,1157,3,-1484,-349,424
512200,320,-1579,3745,-245,-2816,36,424
512205,1170,339,10331,-1922,-3001,493,424
512210,391,285,8941,-117,-1817,500,424
512215,63,959,6350,21,-1242,367,424
512220,78,226,7456,-184,-233,48,424
512225,25,486,3978,452,990,-217,424
512230,365,-333,3942,385,846,-391,424
512235,314,-400,1608,123,1473,-381,424
512240,541,-420,2947,271,914,-360,424
512245,391,-1020,22,169,770,-266,424
512250,812,-623,3995,-757,-668,124,424
512255,304,-906,1124,-650,-764,618,424
512260,681,-333,6138,-1035,-2496,923,424
512265,-12,-33,3386,-264,-1691,783,424
512270,510,-202,7281,346,-1988,483,424
512275,159,-762,5602,478,-652,127,424
512280,316,-530,3668,315,-511,234,424
512285,450,133,4012,40,-412,227,424
512290,258,227,4349,534,129,88,424
512295,-78,991,3205,781,464,-28,424
512300,655,72,7123,220,280,-331,424
512305,1,243,1719,105,1319,-425,424
512310,574,-848,3804,-397,298,-406,424
512315,440,352,4446,-422,351,-133,424
512320,333,1115,6065,-715,358,-38,424
512325,418,129,3566,-627,965,-228,424
512330,441,-193,4048,-266,407,-376,424
512335,444,-256,3020,274,280,-495,424
512340,255,-560,2761,620,69,-675,424
512345,66,-476,2799,1137,-143,-999,424
512350,476,-1341,3476,1497,-383,-970,424
512355,-128,-1955,2755,1742,-201,-802,425
512360,596,-909,5116,1439,-545,-490,425
512365,585,-1714,5397,344,-164,44,425
512370,855,-418,7229,22,-11,587,425
512375,765,606,8257,-581,192,868,425
512380,663,1760,6554,-265,746,754,425
512385,860,2015,6365,-176,822,412,425
512390,562,1745,4703,-307,1515,-122,425
512395,385,1144,3535,-28,1652,-681,425
512400,77,145,2644,350,1534,-1091,425
512405,-185,-767,1557,758,1233,-1274,425
512410,710,-1462,1913,906,428,-1299,425
512415,1602,-1815,3930,-1195,42,-903,425
512420,312,-1470,3396,-1064,-123,-469,425
512425,-459,-932,3127,-781,-1165,77,425
512430,18,-1152,5524,-901,-1049,386,425
512435,-41,-12,5888,-344,-358,600,425
512440,98,112,7063,-369,161,609,425
512445,-233,-29,1920,-411,1650,526,425
512450,396,2,4537,-248,1368,422,425
512455,340,-965,1947,59,1695,230,425
512460,546,236,2534,227,838,247,425
512465,-335,451,2503,91,483,144,425
512470,602,-1020,4607,-110,-512,97,425
512475,497,-1017,4461,234,-930,231,425
512480,523,-82,5647,84,-1456,396,425
512485,139,-303,4137,-152,-921,441,425
512490,270,-170,4303,-480,-1052,497,425
512495,465,559,5097,-1084,-947,493,425
512500,332,814,6336,-911,-224,272,425
512505,587,221,6445,-328,360,-32,425
512510,1068,-64,6747,500,846,-297,425
512515,265,-1203,5394,1504,1829,-589,425
512520,365,-864,3093,1409,2294,-524,425
512525,638,-1692,1674,421,2012,-204,425
512530,276,-1539,950,455,1201,259,425
512535,256,-234,2365,574,-95,599,425
512540,634,193,5592,-822,-349,869,425
512545,223,1183,-544,-1240,439,1047,425
512550,506,1537,9319,-405,-2068,660,425
512555,717,2121,7525,217,-803,92,425
512560,678,617,7008,-167,117,-505,425
512565,494,-646,8228,43,1005,-913,425
512570,148,-1428,3507,201,1856,-1005,425
512575,406,-494,3403,511,1373,-934,425
512580,136,-827,23,123,1746,-819,425
512585,-813,-1370,1964,609,504,-641,425
512590,198,-394,1498,884,173,-381,425
512595,934,-376,5543,700,-245,-134,425
512600,66,214,3518,14,879,109,425
512605,927,-438,6679,1219,-46,65,425
512610,482,-320,7328,1563,55,-139,425
512615,573,-577,5744,785,1032,-161,425
512620,399,-1237,3176,124,1124,112,425
512625,293,341,2841,328,357,270,425
512630,309,-143,838,321,67,311,426
512635,-98,1066,2570,179,-937,472,426
512640,-396,1244,1746,-392,-1166,390,426
512645,-318,844,2727,-1183,-1336,164,426
512650,-595,1808,2688,-732,-899,-232,426
512655,490,-315,5770,622,-1320,-709,426
512660,827,-1419,7106,1408,-984,-755,426
512665,369,-1883,7474,1226,-116,-527,426
512670,-31,-1718,4478,461,901,-161,426
512675,333,-1527,4149,-45,751,168,426
512680,797,-770,5238,-109,678,608,426
512685,709,1374,2703,287,1032,733,426
512690,585,322,3152,833,273,353,426
512695,772,8,2393,155,-116,188,426
512700,608,95,4915,-211,-754,283,426
512705,445,-516,3284,-238,-951,472,426
512710,616,507,7067,-369,-1702,681,426
512715,47,921,5263,-461,-643,595,426
512720,303,472,5789,-97,-557,268,426
512725,-32,286,5845,311,-78,5,426
512730,226,990,6804,390,411,-293,426
512735,412,-1022,2717,-289,1200,-685,426
512740,375,-1901,2193,-736,745,-407,426
512745,249,-299,3640,-806,434,119,426
512750,-6,-691,3214,-324,577,317,426
512755,-6,-327,3219,-107,-3,630,426
512760,108,506,2496,10,-157,803,426
512765,608,-459,5454,-292,-275,594,426
512770,207,76,3053,-1072,320,532,426
512775,201,1071,6868,-370,-550,309,426
512780,332,637,4214,-48,-205,-179,426
512785,287,-405,1431,627,-175,-696,426
512790,1062,-242,9520,786,-1525,-904,426
512795,0,-558,4786,-171,380,-852,426
512800,129,-1145,3737,52,314,-795,426
512805,793,-663,5216,761,-325,-634,426
512810,546,-672,3430,886,267,-448,426
512815,383,-2145,1083,841,86,-160,426
512820,480,-203,1992,657,-1037,485,426
512825,389,-154,5797,-10,-1749,790,426
512830,-42,385,2213,212,-1202,864,426
512835,347,1242,8147,-87,-2304,749,426
512840,229,1052,5647,-727,-700,366,426
512845,19,1015,4784,-618,-178,-84,426
512850,127,405,6358,-149,12,-505,426
512855,293,-118,4221,3,761,-706,426
512860,675,-765,4015,-307,806,-648,426
512865,812,-1744,1986,-773,752,-393,426
512870,231,-306,3725,-1108,-76,136,426
512875,463,606,4740,-451,-494,413,426
512880,765,95,3921,220,-651,254,426
512885,733,-1216,2094,756,-731,-65,426
512890,722,-520,5550,590,-1592,92,426
512895,25,-24,3735,424,-1086,120,426
512900,453,-903,5372,232,-1255,-23,426
512905,512,-505,4308,382,-646,-58,426
512910,155,425,6788,1085,-458,-64,426
512915,675,179,7885,1029,405,-230,426
512920,882,-461,4765,731,1543,-384,426
512925,1047,-391,5853,389,1448,-253,426
512930,473,248,3506,-116,1851,-99,427
512935,238,647,5168,-186,1599,-128,427
512940,566,251,4300,-320,1608,-113,427
512945,413,-383,2493,-306,1546,-41,427
512950,-173,194,2286,55,1210,13,427
512955,83,330,2358,275,674,-93,427
512960,358,-2039,2892,494,360,-230,427
512965,378,501,3078,911,-147,-285,427
512970,478,916,7311,1038,-937,-608,427
512975,89,-691,3281,1020,26,-989,427
512980,-32,-1371,4879,554,-598,-975,427
512985,164,-637,5986,307,-262,-678,427
512990,276,-1019,4787,369,600,-440,427
512995,242,-525,5126,558,850,-181,427
513000,171,-331,2405,651,1319,-2,427
513005,1010,-225,5516,-483,849,286,427
513010,805,714,6517,-612,1114,552,427
513015,364,1767,4832,-596,1310,510,427
513020,403,365,4720,-433,991,120,427
513025,456,1195,3231,-27,1044,-82,427
513030,-244,404,2777,76,946,-457,427
513035,85,-1515,1062,468,586,-749,427
513040,515,-1016,4411,17,118,-594,427
513045,31,-1220,3490,-483,830,-231,427
513050,293,-367,2949,357,152,-33,427
513055,271,192,4305,812,-408,-99,427
513060,728,-788,7631,125,-335,-123,427
513065,269,-388,4234,-297,525,42,427
513070,189,53,4292,-138,103,175,427
513075,361,1119,5460,-121,48,194,427
513080,-82,1238,3869,130,505,-100,427
513085,442,266,6502,-19,35,-459,427
513090,158,-769,3358,-257,1108,-495,427
513095,-210,-939,3219,-692,1021,-153,427
513100,166,-280,5983,-911,675,206,427
513105,79,17,2563,-240,1198,189,427
513110,603,21,5582,635,457,-35,427
513115,570,-563,4230,676,1041,-375,427
513120,405,-424,2826,506,678,-237,427
513125,-73,-446,1741,-6,37,-167,427
513130,660,-69,6409,-418,-957,-202,427
513135,483,129,4244,-494,-111,-243,427
513140,759,400,9180,-859,-371,-310,427
513145,-90,-168,3517,-273,735,-381,427
513150,266,-56,7065,271,-65,-324,427
513155,116,37,2727,370,1435,-288,427
513160,-37,-313,664,645,1316,-293,427
513165,396,159,4783,1029,162,-278,427
513170,604,-278,4225,-329,930,-287,427
513175,360,-91,3820,-510,980,-267,427
513180,539,-324,8239,-602,-99,-274,427
513185,51,-344,3695,-563,1129,-315,427
513190,693,-963,6963,-468,364,-242,427
513195,217,-478,4043,-109,1029,4,427
513200,161,-41,3375,327,474,165,427
513205,-112,352,2542,431,379,110,427
513210,90,633,3068,158,120,-37,427
513215,628,599,6056,-695,237,-237,427
513220,-281,224,2498,-1150,1286,-447,427
513225,104,382,4782,-635,-105,-573,427
513230,84,18,4347,-892,187,-645,428
513235,166,-594,3553,-738,195,-649,428
513240,397,-725,5327,-455,-572,-423,428
513245,198,-741,4235,139,-46,-263,428
513250,334,-161,4142,319,-337,-210,428
513255,-23,-306,2803,463,-334,-323,428
513260,22,-572,2633,841,-1012,-467,428
513265,554,-238,6398,121,-1562,-425,428
513270,114,-554,3636,-485,-317,-303,428
513275,73,12,5457,22,-980,-212,428
513280,217,172,5158,274,-666,-294,428
513285,509,-640,6449,567,-192,-300,428
513290,389,-410,4500,341,619,-121,428
513295,638,-243,5709,339,656,-94,428
513300,359,-203,2283,302,1177,-78,428
513305,118,-310,2419,318,466,-141,428
513310,592,-560,3301,374,-217,-113,428
513315,408,-218,2396,463,-510,61,428
513320,691,-25,8177,-4,-1333,154,428
513325,269,-245,4200,5,-204,217,428
513330,24,608,6300,52,-547,209,428
513335,-164,616,4223,-121,302,-10,428
513340,165,-1006,3245,-224,256,-217,428
513345,589,-313,3057,-551,-41,18,428
513350,293,-516,3728,-448,-59,266,428
513355,256,-232,4363,-152,-377,506,428
513360,59,323,4219,145,-370,588,428
513365,135,365,4911,313,-402,393,428
513370,495,495,5404,-194,-207,75,428
513375,198,-151,5231,-162,346,-308,428
513380,117,-646,4421,-248,175,-432,428
513385,323,-34,3551,-148,23,-364,428
513390,180,330,3696,412,32,-412,428
513395,221,-311,5074,792,-19,-491,428
513400,123,-2005,1750,576,359,-390,428
513405,458,-1241,5023,3,-563,139,428
513410,31,495,4535,-304,-313,601,428
513415,-166,594,2349,-556,-67,611,428
513420,-159,1111,3740,-153,-657,498,428
513425,-154,281,2992,-254,-529,256,428
513430,73,-502,3502,-619,-711,104,428
513435,231,-48,4299,-2,-946,126,428
513440,1131,1133,7211,391,-1587,-35,428
513445,639,-1160,7819,601,-1111,-366,428
513450,811,-202,7580,570,-500,-359,428
513455,601,-1710,6692,369,260,-345,428
513460,343,-1156,5422,407,685,-59,428
513465,135,-826,3127,-50,1046,217,428
513470,255,-167,2568,-176,898,384,428
513475,268,-220,1248,63,745,457,428
513480,422,303,1510,185,61,551,428
513485,105,436,2069,39,-535,555,428
513490,115,687,4697,-710,-1118,566,428
513495,-2,726,4904,-660,-1051,409,428
513500,-90,1463,6013,-50,-1220,44,428
513505,514,502,7334,-454,-679,-472,428
513510,425,589,7371,-97,185,-815,428
513515,322,-727,4265,399,757,-1207,428
513520,719,-711,4552,660,627,-1327,428
513525,540,-2642,2016,795,767,-1148,428
513530,629,-1972,3520,1076,-95,-568,428
513535,16,-813,4547,865,-406,114,428
513540,6,-924,3237,-119,4,585,428
513545,199,-307,3703,-80,72,888,428
513550,124,448,5290,-294,-61,963,428
513555,-43,1381,4148,-340,554,746,428
513560,-103,1328,3431,-376,827,287,429
513565,628,425,4792,-952,630,-141,429
513570,438,140,3686,-718,745,-271,429
513575,85,410,5319,-696,71,-241,429
513580,197,240,3948,-331,233,-239,429
513585,458,-527,2356,-204,-90,-283,429
513590,214,-3118,4763,252,-784,-240,429
513595,1,1244,5052,1191,-879,-245,429
513600,948,-1465,5771,1020,-737,-821,429
513605,-206,-2051,3412,1527,31,-867,429
513610,210,-1303,5874,1800,-618,-653,429
513615,636,-1204,5530,2038,-6,-355,429
513620,565,-376,5356,1681,364,159,429
513625,441,-377,4252,1592,789,348,429
513630,183,57,2715,1581,783,503,429
513635,95,587,3508,1377,244,518,429
513640,-35,1058,3730,1309,86,391,429
513645,-84,108,2744,841,246,212,429
513650,156,-289,1613,795,-317,267,429
513655,321,198,5258,970,-1269,412,429
513660,248,552,5197,534,-727,450,429
513665,936,1772,7982,-187,-617,289,429
513670,619,81,6333,-507,584,-120,429
513675,403,926,7075,-934,993,-156,429
513680,262,106,5609,-935,1581,-293,429
513685,197,756,3451,-940,1912,-425,429
513690,-8,-467,1635,-757,2055,-542,429
513695,64,-619,221,-225,1450,-422,429
513700,248,-450,1541,-507,608,-292,429
513705,103,-923,3332,-179,193,-137,429
513710,-290,-1428,1738,1150,-36,46,429
513715,60,-990,3497,1653,-828,157,429
513720,114,-580,4509,2000,-1056,154,429
513725,114,-1551,4036,1592,-1057,151,429
513730,-36,-1209,4249,1189,-1177,439,429
513735,498,-401,7569,82,-1329,650,429
513740,129,732,3284,906,-336,694,429
513745,283,2901,7632,1155,-1249,457,429
513750,555,461,5687,1022,83,-192,429
513755,269,-513,4685,958,400,-228,429
513760,-58,-470,3285,521,210,54,429
513765,386,718,6020,-620,-217,373,429
513770,360,1080,3534,-1622,644,537,429
513775,-121,733,4487,-1343,722,408,429
513780,246,1945,4170,-1259,921,227,429
513785,335,614,3953,-776,882,-153,429
513790,353,302,4791,-770,867,-436,429
513795,-47,-115,1365,-775,1373,-628,429
513800,133,-613,1475,-189,355,-809,429
513805,904,-1717,5469,302,-674,-980,429
513810,530,-1205,3581,775,-446,-684,429
513815,821,-1202,6068,976,-1201,-540,429
513820,194,-1766,5407,458,-771,-242,429
513825,5,-1071,4996,-61,-552,92,429
513830,-155,-293,5106,-40,-603,305,429
513835,378,630,7533,-251,-367,414,429
513840,132,1295,2012,-1009,929,426,429
513845,13,839,5094,-793,307,327,429
513850,309,1360,5164,-763,777,243,429
513855,406,1223,4787,-780,929,99,429
513860,413,-18,3509,-586,853,-254,429
513865,589,730,4373,-772,503,-337,429
513870,252,63,4216,-633,589,-501,429
513875,157,-179,2747,-123,569,-636,429
513880,8,-838,3938,641,-203,-762,429
513885,142,-982,2482,898,-317,-752,429
513890,89,-2088,2925,581,-953,-563,429
513895,-274,-1409,2650,649,-1399,-232,429
513900,292,201,8512,153,-2081,67,429
513905,-208,74,2053,-296,-243,89,429
513910,-73,339,5975,0,-917,45,429
513915,369,664,5712,193,-257,48,430
513920,555,718,5676,-83,138,20,430
513925,625,138,4252,-558,492,64,430
513930,319,112,3854,-950,590,238,430
513935,386,510,4184,-916,538,258,430
513940,190,354,2112,-816,797,140,430
513945,308,256,3099,-518,457,31,430
513950,465,1768,3485,158,371,-270,430
513955,569,-1415,5854,-226,141,-798,430
513960,512,-476,4414,137,211,-877,430
513965,284,-1019,3978,55,-337,-958,430
513970,466,-1676,3365,-81,-869,-723,430
513975,438,-476,3417,180,-1361,-401,430
513980,148,792,5603,685,-1596,-355,430
513985,-365,195,4839,518,-1089,-518,430
513990,-767,-1222,4235,484,-884,-522,430
513995,-272,218,5529,595,-929,-285,430
514000,4,-92,4822,652,-380,-296,430
514005,266,49,2587,776,192,-286,430
514010,334,-874,1992,499,-88,-296,430
514015,313,-328,4246,-108,-775,-44,430
514020,450,361,5708,-341,-697,170,430
514025,521,350,5212,78,-437,226,430
514030,413,422,5663,334,-325,199,430
514035,146,602,3479,546,376,10,430
514040,486,-323,4070,262,233,-294,430
514045,678,-1528,1873,-157,119,-286,430
514050,574,-111,4303,-1198,-568,195,430
514055,-204,471,2350,-1090,-270,259,430
514060,634,1110,5715,-1345,-1227,175,430
514065,622,811,6257,-652,-768,-119,430
514070,271,632,4347,-256,-18,-408,430
514075,111,-446,3925,-16,9,-714,430
514080,45,-170,5163,309,-191,-867,430
514085,-194,-210,3708,511,264,-1012,430
514090,-310,-1192,2635,532,275,-1025,430
514095,-86,-593,3645,682,-158,-857,430
514100,344,-1704,4965,96,-172,-646,430
514105,156,-1086,1975,-295,475,-76,430
514110,147,191,3851,398,-798,232,430
514115,658,96,6485,50,-1382,273,430
514120,37,1134,5857,-384,-526,262,430
514125,73,687,5072,-548,-489,-4,430
514130,259,536,5140,-150,-608,-313,430
514135,428,-292,5035,-219,-278,-502,430
514140,80,-1502,2496,15,-102,-348,430
514145,655,-43,4271,-349,-842,157,430
514150,382,97,2734,-303,-417,274,430
514155,300,515,4404,-591,-1112,355,430
514160,-27,574,2116,-1085,-954,258,430
514165,61,625,4506,-1196,-1404,59,430
514170,42,612,4506,-1953,-963,-111,430
514175,35,1164,4147,-1630,-564,-377,430
514180,930,1608,8921,-1153,-1028,-894,430
514185,584,-160,5617,189,441,-1573,430
514190,391,-1267,5071,866,774,-1727,430
514195,513,-1059,4416,1419,880,-1673,430
514200,761,-2149,3974,829,203,-1369,430
514205,1483,-1325,5074,615,-437,-593,430
514210,220,-2085,1969,964,251,-25,430
514215,13,-1129,2411,773,-879,452,430
514220,395,-300,4507,381,-1590,771,430
514225,193,509,5051,73,-1174,864,430
514230,269,872,6669,-875,-834,781,430
514235,49,874,4067,60,-199,373,430
514240,72,656,5103,217,-613,-33,430
514245,255,357,5779,423,-2,-251,431
514250,118,-219,2885,487,630,-331,431
514255,79,-314,2967,418,302,-374,431
514260,396,74,4173,-202,213,-397,431
514265,1008,-758,5614,-656,242,-291,431
514270,299,92,3693,-42,191,-160,431
514275,606,-60,6374,489,-840,-267,431
514280,672,-154,4572,638,-407,-253,431
514285,404,-823,2462,628,-564,-247,431
514290,103,-635,2936,783,-1498,-261,431
514295,425,-448,6009,327,-1688,-141,431
514300,-11,-38,5470,522,-659,52,431
514305,414,408,7212,696,-310,36,431
514310,584,-101,6265,840,497,-88,431
514315,665,-111,5284,1194,1072,-145,431
514320,647,-753,4146,1213,1361,-127,431
514325,394,-894,3477,1095,1251,101,431
514330,253,-39,3741,924,1021,421,431
514335,402,-32,2342,703,681,548,431
514340,489,238,3481,749,-13,593,431
514345,335,676,5138,125,-79,628,431
514350,-336,857,2726,-290,445,449,431
514355,-161,518,3510,76,-61,102,431
514360,147,502,4658,449,-266,-185,431
514365,849,-88,4931,-154,-231,-364,431
514370,433,-187,5400,97,-142,-454,431
514375,176,-523,4192,298,36,-517,431
514380,428,-829,4400,516,39,-420,431
514385,222,-851,3458,736,121,-199,431
514390,78,-379,3143,505,-67,45,431
514395,-5,-737,2331,577,-174,156,431
514400,425,-1081,2540,649,-877,346,431
514405,740,229,7919,357,-1509,640,431
514410,296,-76,4608,-239,-192,805,431
514415,215,499,6567,-292,-219,918,431
514420,568,2117,6641,42,289,768,431
514425,535,1049,6040,94,687,316,431
514430,384,619,2769,141,1158,-73,431
514435,38,55,2338,223,793,-327,431
514440,-23,-24,2147,196,313,-417,431
514445,-93,-521,-166,53,128,-460,431
514450,204,-604,3936,-221,-785,-337,431
514455,624,-960,5388,-1496,-216,-125,431
514460,-29,-861,1669,-612,207,102,431
514465,417,-311,8428,-141,-1410,303,431
514470,571,473,7888,261,-28,448,431
514475,442,453,5614,-181,832,411,431
514480,588,157,6127,103,765,208,431
514485,514,-217,2385,205,1130,37,431
514490,373,-383,2987,286,233,37,431
514495,-50,515,1752,452,-4,77,431
514500,-27,-327,2824,290,-505,-102,431
514505,63,-98,2369,71,-724,-118,431
514510,932,-355,7773,-1133,-1081,-76,431
514515,-202,-1441,-1028,-1128,740,54,431
514520,-12,827,8776,-598,-1629,427,431
514525,-5,287,4001,91,-297,446,431
514530,368,1384,6095,482,-1162,316,431
514535,839,630,6342,-590,-733,10,431
514540,156,-595,3133,-795,151,-197,431
514545,532,-141,3368,161,-741,-122,432
514550,591,-19,3088,687,-1109,-204,432
514555,574,-762,4127,945,-1008,-429,432
514560,177,-1138,4369,750,-861,-415,432
514565,153,-124,5409,87,-672,-316,432
514570,-171,-1327,1239,868,-24,-461,432
514575,314,-726,4157,1254,-1387,-346,432
514580,273,-670,5167,992,-830,-138,432
514585,223,-391,5168,847,-472,191,432
514590,349,725,5892,541,-505,338,432
514595,312,538,6010,281,172,269,432
514600,455,-490,5384,-189,548,326,432
514605,578,207,2821,-618,369,647,432
514610,874,1354,4530,-1399,-552,794,432
514615,243,619,3434,-634,-506,622,432
514620,-12,744,2310,-4,-490,396,432
514625,347,150,3371,643,-1028,227,432
514630,952,1137,4657,1365,-1139,-26,432
514635,338,-1358,2032,1832,-519,-688,432
514640,368,-1764,2008,302,-882,-654,432
514645,-31,-730,3391,384,-1807,-265,432
514650,-259,1065,5062,-6,-2560,-256,432
514655,239,797,5681,-1565,-1765,-416,432
514660,35,530,5298,-509,-875,-713,432
514665,255,-257,3011,308,-1124,-961,432
514670,573,140,4492,100,-1579,-803,432
514675,171,-613,5400,-975,-890,-538,432
514680,-157,35,3281,-454,31,-236,432
514685,586,417,6565,-262,-606,-135,432
514690,363,391,4538,572,224,-293,432
514695,356,-360,2763,924,344,-435,432
514700,742,-1071,3906,910,-192,-340,432
514705,362,-511,4463,501,-17,-73,432
514710,588,-1018,3080,-97,-300,154,432
514715,678,-728,5856,-720,-919,460,432
514720,598,971,5032,-506,-547,639,432
514725,753,1189,6157,-262,-581,342,432
514730,784,760,3794,-155,168,-133,432
514735,801,-440,2017,129,-125,-428,432
514740,930,-407,5034,-129,-944,-305,432
514745,83,815,1654,459,-383,-165,432
514750,730,59,5312,-248,-1415,-229,432
514755,280,-731,4281,-607,-697,-195,432
514760,8,-30,5723,-221,-741,-15,432
514765,483,-237,6031,-358,-423,-51,432
514770,743,-397,6827,-565,31,2,432
514775,349,730,3511,-495,706,95,432
514780,343,617,4496,-184,288,-130,432
514785,500,680,4186,249,424,-399,432
514790,895,109,6142,55,202,-686,432
514795,425,-37,1519,-660,733,-800,432
514800,487,-1106,4373,-575,-247,-853,432
514805,218,527,4824,-281,-243,-688,432
514810,182,583,4673,20,-113,-814,432
514815,397,-12,5243,301,179,-1000,432
514820,738,-1258,4196,286,386,-985,432
514825,864,-1442,6201,24,347,-755,432
514830,582,-1048,5270,-291,1032,-328,432
514835,1095,479,5957,-622,892,103,432
514840,856,826,6901,-661,1093,154,432
514845,360,469,2300,-367,2077,34,433
514850,993,242,2897,-235,1150,-134,433
514855,779,93,2232,-450,755,-213,433
514860,-19,-192,1900,149,219,-308,433
514865,133,-967,3386,108,-788,-352,433
514870,244,-1336,3013,581,-809,-399,433
514875,216,-707,4437,1673,-1072,-412,433
514880,1142,-124,7977,1121,-1256,-330,433
514885,557,108,5650,606,-318,-290,433
514890,493,895,6683,679,-495,-413,433
514895,1167,584,11150,-47,223,-479,433
514900,242,-1024,3263,313,2515,-450,433
514905,532,-338,4589,-95,1347,41,433
514910,811,1700,5845,488,1385,119,433
514915,114,416,55,993,2454,-247,433
514920,173,-413,2064,1194,1039,-364,433
514925,-118,31,1062,844,1140,-425,433
514930,711,-600,3206,-444,733,-455,433
514935,251,182,209,-822,1078,-351,433
514940,-457,-183,2961,-838,-711,-296,433
514945,277,318,9973,-1147,-1696,-139,433
514950,1017,-345,7584,-545,526,-269,433
514955,-431,-810,5308,-354,1344,-124,433
514960,-5,-728,3226,122,1273,71,433
514965,781,258,4586,330,636,333,433
514970,196,-94,1319,827,1470,405,433
514975,631,1113,5495,539,517,482,433
514980,402,-175,1337,-641,1348,260,433
514985,367,967,2730,66,492,114,433
514990,328,753,3436,16,-5,-208,433
514995,300,61,1673,36,-125,-489,433
515000,455,-145,4000,224,-831,-611,433
515005,818,-152,7740,225,-1056,-693,433
515010,969,-956,11492,94,-418,-493,433
515015,376,-1989,5284,-615,756,-56,433
515020,80,100,3758,-673,717,455,433
515025,462,379,4112,503,684,307,433
515030,482,1040,2140,707,871,220,433
515035,287,717,2279,1347,489,-48,433
515040,322,-29,2853,959,134,-214,433
515045,704,-198,5193,-313,522,-93,433
515050,-264,539,968,-680,1401,8,433
515055,-305,289,2771,-1289,125,-119,433
515060,620,315,6047,-777,-605,-267,433
515065,966,828,9535,-1274,-428,-140,433
515070,-331,-375,2744,230,1065,-315,433
515075,328,-886,2844,230,-230,-252,433
515080,130,-715,2135,762,-656,-88,433
515085,250,-469,4485,-796,-927,38,433
515090,362,-885,1680,-1010,-519,248,433
515095,409,712,3600,-530,-1784,460,433
515100,321,847,8490,-121,-1954,209,433
515105,298,529,5274,-267,-479,42,433
515110,256,621,3768,120,-257,-198,433
515115,437,-886,4871,-93,-369,-483,433
515120,539,-770,3586,-233,66,-312,434
515125,439,-530,4011,-596,-272,-72,434
515130,618,572,5059,-422,-465,121,434
515135,430,357,4024,-560,78,57,434
515140,145,81,4076,90,12,-109,434
515145,500,-871,2574,151,-64,-156,434
515150,175,-589,2285,387,-429,-25,434
515155,222,327,5827,-279,-725,29,434
515160,315,382,4489,-1059,195,-150,434
515165,585,-649,4554,-64,82,-332,434
515170,439,-488,4841,550,-373,-469,434
515175,1370,-549,7166,969,-844,-456,434
515180,866,-747,3710,-95,-249,-3,434
515185,341,-578,3586,-768,-693,322,434
515190,662,187,5997,-908,-1375,514,434
515195,383,745,4391,-762,-872,464,434
515200,398,1401,4851,185,-557,164,434
515205,315,-783,1633,675,-271,-307,434
515210,582,-68,3739,613,-1131,-219,434
515215,46,-1029,2586,801,-271,-153,434
515220,-425,-72,2757,959,-513,73,434
515225,892,738,6878,42,-1111,94,434
515230,286,-1017,605,-239,-148,-57,434
515235,608,-90,9642,-136,-1840,218,434
515240,308,399,5859,-572,-549,426,434
515245,267,24,6136,-355,-486,342,434
515250,493,230,3295,132,-207,285,434
515255,212,512,2118,533,-496,96,434
515260,786,814,5064,-134,-1009,-90,434
515265,814,85,2987,-401,-252,-364,434
515270,850,-338,3690,-294,-669,-546,434
515275,1167,-223,6705,-899,-992,-444,434
515280,810,23,7090,-1071,-65,-306,434
515285,457,461,4499,-875,581,-273,434
515290,857,290,5233,281,332,-516,434
515295,390,-472,3183,545,1049,-658,434
515300,314,-1144,2571,-435,729,-459,434
515305,546,-917,2665,-87,34,-217,434
515310,567,63,3863,177,-491,-89,434
515315,303,-575,3238,-30,-278,-24,434
515320,207,-883,4407,701,-444,33,434
515325,194,-864,1548,1327,-447,170,434
515330,1139,723,10142,291,-1439,296,434
515335,248,-8,734,-302,662,294,434
515340,267,-116,6746,-183,-1218,238,434
515345,622,1836,5608,942,-849,42,434
515350,567,1584,4783,553,-544,-353,434
515355,543,-175,6873,238,-180,-706,434
515360,39,128,2907,-72,1016,-712,434
515365,197,-937,5493,-550,904,-738,435
515370,586,-593,4334,-529,1466,-519,435
515375,450,732,3287,-5,1290,-401,435
515380,694,-693,2857,771,1032,-652,435
515385,662,-422,3483,157,561,-355,435
515390,-225,-176,1672,-103,460,-140,435
515395,586,-286,4941,414,-506,-203,435
515400,802,-1174,3168,762,-332,-212,435
515405,463,-1245,5257,578,-709,42,435
515410,497,-723,3236,-122,-461,426,435
515415,522,515,6145,-342,-885,697,435
515420,186,782,4155,-134,-244,520,435
515425,366,-418,2966,120,-582,167,435
515430,203,930,6348,726,-958,134,435
515435,750,505,4956,157,-11,-98,435
515440,551,608,4487,805,319,-437,435
515445,494,-897,3418,1164,180,-707,435
515450,265,-1016,4026,832,-63,-519,435
515455,-105,125,4361,878,226,-309,435
515460,412,195,4793,759,297,-242,435
515465,488,-1713,1154,550,532,-184,435
515470,902,-394,7562,283,-631,219,435
515475,1526,2009,7021,-2101,520,728,435
515480,782,577,7446,-1659,1064,606,435
515485,1249,704,4882,-1178,1029,322,435
515490,650,1742,5509,-644,699,-22,435
515495,319,898,3671,-529,1296,-590,435
515500,-180,-109,830,328,1518,-1013,435
515505,-96,-611,1289,1288,452,-1171,435
515510,1268,-642,6262,181,166,-1053,435
515515,587,-1781,-2,-1813,2248,-632,435
515520,-365,-1424,-3327,-1857,1807,-259,435
515525,939,-8,9818,-945,-2019,-79,435
515530,357,-4,8238,-1396,-40,-129,435
515535,546,-507,7143,-464,525,-270,435
515540,513,101,6927,-311,397,-141,435
515545,173,77,2351,690,1123,-244,435
515550,306,-544,2016,1011,423,-332,435
515555,68,-526,402,1899,-278,-358,435
515560,-305,-578,-577,1760,-1369,-274,435
515565,-93,980,3205,301,-2273,-141,435
515570,990,-1887,7787,-3563,-1216,49,435
515575,1466,4398,3774,-2878,1510,398,435
515580,1146,750,11506,-578,-1654,-252,435
515585,-528,330,3349,308,47,-693,435
515590,836,285,6320,600,910,-987,435
515595,529,-879,2383,1456,1378,-1007,435
515600,438,-2264,5082,1596,244,-952,435
515605,376,-2290,2661,624,762,-364,435
515610,514,-707,-543,-350,448,358,435
515615,268,-96,3830,-71,-797,601,435
515620,282,1545,3207,133,-291,613,435
515625,477,23,3477,-916,-222,335,435
515630,166,861,2201,-865,-349,114,435
515635,335,586,5505,-1041,-1238,-80,436
515640,448,-373,5105,-1429,-1072,-318,436
515645,497,456,7719,-1179,-1111,-306,436
515650,256,1563,4776,-325,-198,-452,436
515655,242,-18,4464,472,-309,-871,436
515660,742,-486,5549,246,-177,-853,436
515665,350,-1736,2527,-517,687,-709,436
515670,163,-940,2511,-399,39,-390,436
515675,7,459,4243,308,-589,-305,436
515680,960,-478,4185,454,-421,-513,436
515685,233,-1049,4545,140,-200,-534,436
515690,871,-86,6403,-488,-105,-126,436
515695,459,-218,4998,-77,634,-17,436
515700,857,510,5712,255,317,-7,436
515705,927,341,4955,146,776,-89,436
515710,628,99,1798,54,1319,-189,436
515715,750,555,3593,517,467,-308,436
515720,-56,609,2653,1125,588,-573,436
515725,-142,-1452,644,1137,397,-741,436
515730,352,137,4777,391,-663,-461,436
515735,195,-752,4515,-462,236,-383,436
515740,124,-732,3101,653,240,-381,436
515745,735,-692,9596,277,-565,-347,436
515750,959,-2817,2694,-345,861,34,436
515755,498,-1274,3035,-1006,-528,999,436
515760,184,1751,1840,-516,-883,1584,436
515765,205,2522,4589,-415,-1709,1395,436
515770,128,1157,2433,-1187,-1176,891,436
515775,151,1654,6234,-790,-1431,298,436
515780,-77,359,4302,-1509,-421,-84,436
515785,-257,-637,2426,-774,-61,-411,436
515790,580,-45,3284,-693,-355,-419,436
515795,514,206,2814,-340,-400,-434,436
515800,-40,346,50,967,-681,-752,436
515805,1715,-1190,11716,-696,-2502,-728,436
515810,966,-1648,2497,-1668,-692,37,436
515815,728,-1092,7329,-1234,-2231,349,436
515820,788,524,7578,-670,-1666,473,436
515825,697,275,6236,-997,-594,250,436
515830,866,-97,4267,-172,266,-157,436
515835,520,1212,3701,122,411,-394,436
515840,668,-175,3735,361,1111,-736,436
515845,368,-1097,2963,817,1723,-868,436
515850,165,-1339,-1609,194,1142,-455,436
515855,1506,14,6580,768,-1416,-194,436
515860,873,70,5117,1022,-130,-123,436
515865,709,-1468,4279,38,-389,41,436
515870,737,-1089,7212,1491,-1473,-95,436
515875,531,-787,4181,1887,-458,-180,436
515880,382,697,4760,919,-414,21,436
515885,-91,-185,4647,-241,74,-3,437
515890,50,-479,2538,-278,746,82,437
515895,981,958,5943,-538,590,338,437
515900,474,1220,4841,506,1464,351,437
515905,111,887,5182,845,1697,-26,437
515910,729,9,4754,1261,2124,-376,437
515915,727,-1523,2087,1169,2387,-383,437
515920,-172,-305,2150,811,1610,58,437
515925,237,144,1459,-303,890,216,437
515930,678,-227,1450,535,-155,133,437
515935,1250,-479,6418,500,-1385,155,437
515940,460,321,4367,-553,-775,243,437
515945,459,402,8912,-61,-1241,44,437
515950,12,93,3428,-163,323,-307,437
515955,279,-29,3920,48,13,-571,437
515960,286,-156,1494,1104,304,-736,437
515965,326,-409,2409,1411,-128,-806,437
515970,497,-750,4842,642,-219,-639,437
515975,431,-1265,2619,-76,700,-298,437
515980,143,-853,3081,628,-423,98,437
515985,1279,1009,10689,314,-1737,327,437
515990,481,260,6769,-147,498,392,437
515995,-80,-215,2336,-159,823,436,437
516000,674,329,6918,218,-331,441,437
516005,642,889,3645,201,904,300,437
516010,789,530,3096,-407,856,33,437
516015,508,-657,2102,378,648,-318,437
516020,856,-648,2518,806,35,-513,437
516025,851,-1290,4774,1135,-475,-544,437
516030,620,-881,7946,755,-423,-219,437
516035,849,-1163,5481,-80,611,108,437
516040,411,-245,6463,-27,545,427,437
516045,763,741,6049,-228,988,555,437
516050,481,469,1579,-179,1585,431,437
516055,268,323,1524,-559,825,445,437
516060,-358,1032,1354,-620,257,525,437
516065,-198,130,670,-129,-521,335,437
516070,319,1069,4682,-314,-1282,161,437
516075,-70,176,3321,-605,-34,-281,437
516080,257,-873,4878,-546,123,-485,437
516085,713,-449,7720,-290,-338,-401,437
516090,669,-1608,5989,515,332,-373,437
516095,555,-47,5767,230,298,-137,437
516100,738,-199,4765,-811,510,86,437
516105,706,-56,3548,-662,300,87,437
516110,707,620,4580,-40,-494,60,437
516115,761,833,3691,-558,-201,-49,437
516120,158,-6,1205,-531,239,-256,437
516125,252,-508,2420,-661,-538,-316,437
516130,148,-302,2462,-180,-885,-351,438
516135,181,65,3938,-466,-979,-396,438
516140,70,-292,2400,-1527,-592,-412,438
516145,280,-385,4461,-1351,-1343,-285,438
516150,559,938,5894,288,-1687,-341,438
516155,371,872,4954,1114,-1090,-631,438
516160,-248,-1668,5069,1914,-1021,-975,438
516165,1072,-962,7823,833,-837,-667,438
516170,490,-749,-63,488,358,-298,438
516175,1572,-649,9405,317,-1827,-156,438
516180,1182,-138,7533,390,-241,-59,438
516185,573,-364,2950,107,180,149,438
516190,448,110,5415,367,-961,168,438
516195,189,-622,2795,912,-71,-9,438
516200,180,293,2180,1023,-80,9,438
516205,76,-771,-402,917,-265,-56,438
516210,687,517,2481,346,-1251,109,438
516215,763,869,4751,-152,-968,21,438
516220,-313,-448,1595,-1924,149,-119,438
516225,-349,-36,781,-741,-949,19,438
516230,569,1668,9071,-635,-2641,236,438
516235,323,-15,7208,495,-639,-191,438
516240,812,773,6199,488,71,-255,438
516245,558,-736,4467,81,900,-388,438
516250,596,-783,3291,-285,993,-352,438
516255,593,-1886,1303,424,532,-312,438
516260,912,200,3358,619,-360,-121,438
516265,30,208,50,745,128,-140,438
516270,517,-585,4889,340,-1389,-84,438
516275,924,165,7775,-848,-1198,95,438
516280,308,-414,2634,195,-321,-7,438
516285,1063,-277,6444,76,-1829,-38,438
516290,901,-238,9240,-47,-1316,54,438
516295,266,453,3556,567,-40,72,438
516300,612,-26,3353,662,-758,1,438
516305,543,346,3123,1164,-835,-100,438
516310,107,-804,2310,707,-569,-216,438
516315,310,-481,1925,-440,-842,-33,438
516320,542,-973,5306,-931,-1073,210,438
516325,1141,1968,5342,-1570,-492,504,438
516330,624,866,6865,-1585,-381,248,438
516335,773,1014,7161,-549,-182,49,438
516340,918,1601,7370,-288,131,-326,438
516345,788,564,5963,309,713,-980,438
516350,725,-696,4126,-8,1251,-1228,438
516355,819,-2292,1056,257,1019,-1050,438
516360,889,-1537,2184,976,-354,-674,438
516365,192,496,1862,1577,-882,-538,438
516370,595,-2488,3824,1639,-1187,-534,438
516375,618,437,3929,-315,-673,-6,439
516380,354,-1232,3071,-209,-1094,100,439
516385,1008,-272,11301,-224,-2151,280,439
516390,1185,1090,7238,511,52,290,439
516395,564,449,7340,-168,10,249,439
516400,721,803,5291,-435,807,191,439
516405,577,161,3883,-358,1485,-41,439
516410,249,283,3328,-111,1598,-64,439
516415,536,463,2890,-12,1477,-64,439
516420,872,479,1491,181,1463,-198,439
516425,1375,-775,7946,346,888,-433,439
516430,944,-65,1584,-1010,2169,-396,439
516435,1285,-276,8048,-115,134,-392,439
516440,903,330,4396,269,134,-519,439
516445,72,-2176,2255,709,-318,-774,439
516450,502,-1614,2940,1219,-1174,-590,439
516455,398,211,2244,177,-1486,-214,439
516460,-277,134,3455,-169,-1509,-123,439
516465,-291,229,4389,332,-1531,-154,439
516470,86,279,5127,-129,-1248,-192,439
516475,-138,682,3725,61,-379,-193,439
516480,680,996,6879,48,130,-295,439
516485,755,281,4815,320,1582,-588,439
516490,472,-1827,3289,24,1570,-582,439
516495,1490,249,6057,-755,599,-2,439
516500,671,-1096,468,1035,1388,-104,439
516505,1001,88,5302,-143,-379,314,439
516510,750,-1050,3814,-248,-8,244,439
516515,833,-515,3834,227,-899,282,439
516520,492,631,3051,321,-943,313,439
516525,815,760,5670,-168,-786,137,439
516530,564,107,3360,-623,42,-72,439
516535,336,528,4128,-436,133,-194,439
516540,-9,302,2225,241,-34,-460,439
516545,1588,421,8892,-49,-854,-623,439
516550,735,-729,2545,-935,793,-645,439
516555,24,-224,7378,-1015,13,-492,439
516560,470,-143,3828,-15,266,-462,439
516565,1233,63,7316,531,-184,-478,439
516570,488,-788,3087,-196,1217,-390,439
516575,-177,-1198,633,94,808,-227,439
516580,154,-520,2682,689,-614,-19,439
516585,720,597,3962,570,-717,94,439
516590,780,490,3403,-183,-109,-18,439
516595,150,-120,3010,-1307,115,-97,439
516600,619,584,4765,-295,-855,-113,439
516605,49,606,3140,-337,-888,-310,439
516610,382,434,1338,-723,-1048,-408,439
516615,602,533,4428,-58,-2100,-586,439
516620,784,-1024,4611,-401,-1671,-784,440
516625,271,-1708,2667,829,-1303,-743,440
516630,392,-803,7581,1497,-1818,-575,440
516635,335,-1827,5461,1742,-675,-680,440
516640,1199,-602,7188,204,-796,-64,440
516645,1411,-139,2457,-421,557,343,440
516650,67,1223,1927,56,330,485,440
516655,885,856,4145,85,-569,344,440
516660,1100,257,4893,296,-532,237,440
516665,345,824,1950,973,54,84,440
516670,212,-127,3497,514,-744,-63,440
516675,1305,-792,10256,-2537,-1053,30,440
516680,667,225,3677,-1693,936,169,440
516685,602,-1494,4581,-1726,-473,148,440
516690,926,528,3949,-1638,-1024,410,440
516695,94,585,5022,-191,-1136,187,440
516700,252,303,2793,1473,-955,-47,440
516705,410,-774,4235,2112,-1369,-406,440
516710,1038,125,7843,457,-1124,-466,440
516715,-137,-2448,3220,25,377,-421,440
516720,411,-352,5478,-380,-518,183,440
516725,1073,790,5991,-254,-124,294,440
516730,671,824,949,174,720,48,440
516735,950,531,1732,-88,-487,-131,440
516740,680,426,4511,16,-1354,-222,440
516745,998,467,7198,-1100,-1168,-238,440
516750,615,-770,1945,-1565,85,-212,440
516755,150,-202,4735,-907,-915,-62,440
516760,1114,726,8804,-994,-891,-28,440
516765,1015,780,4642,-247,674,-349,440
516770,501,-1024,2500,-70,836,-555,440
516775,28,-1745,1767,789,184,-459,440
516780,638,-1855,3988,343,-582,-228,440
516785,1663,-748,5811,-703,-447,182,440
516790,176,-44,2986,-554,584,393,440
516795,715,1505,3257,265,-317,269,440
516800,1646,219,7127,-372,-1063,-152,440
516805,752,146,4206,-231,-85,-264,440
516810,291,-373,3910,-322,-440,-222,440
516815,471,-332,4552,379,-981,-219,440
516820,584,262,5011,563,-806,-207,440
516825,327,-322,3039,131,-158,-376,440
516830,285,-1952,914,49,-203,-331,440
516835,735,653,6386,-81,-1420,20,440
516840,379,745,4577,1382,-279,-247,440
516845,600,-487,2000,847,-201,-476,440
516850,1377,-100,9500,0,-1617,-174,440
516855,599,-438,5061,-570,388,-27,440
516860,954,-168,5911,-587,338,109,440
516865,1595,1016,7522,173,567,123,441
516870,809,1151,-549,1041,1805,-331,441
516875,641,-1482,1988,1123,172,-783,441
516880,493,-46,5132,1063,-214,-552,441
516885,36,-887,374,426,885,-563,441
516890,551,-434,8156,494,-519,-413,441
516895,1775,-1306,4677,-468,889,-220,441
516900,818,228,8347,-361,477,331,441
516905,292,1448,4969,-308,1723,534,441
516910,971,-148,1143,569,1773,59,441
516915,796,326,5204,1002,569,-149,441
516920,190,-192,836,199,1139,-337,441
516925,-16,-861,2554,-123,-33,-459,441
516930,636,-1642,5809,205,-844,-438,441
516935,481,-144,3035,545,9,-199,441
516940,310,1331,3955,358,-90,-165,441
516945,1185,902,6750,129,-314,-437,441
516950,722,-245,6075,749,-123,-531,441
516955,130,6,3482,266,169,-350,441
516960,112,-1111,2143,-243,-43,-292,441
516965,40,-219,2905,-172,-871,-91,441
516970,677,997,5705,-918,-863,64,441
516975,1858,-392,7916,-774,-32,-94,441
516980,1325,-98,4691,924,377,-125,441
516985,655,-731,5149,1029,-236,-156,441
516990,1176,-1447,3961,1045,224,44,441
516995,1234,-400,3887,219,390,444,441
517000,587,159,-725,273,309,657,441
517005,430,592,2786,-105,-1284,665,441
517010,837,1652,5635,-1376,-1104,551,441
517015,580,497,4388,-443,-59,71,441
517020,667,15,5947,405,-856,-308,441
517025,553,663,6880,759,-380,-396,441
517030,553,-140,4410,205,663,-570,441
517035,983,-265,5916,-1103,480,-458,441
517040,704,-156,4230,-1442,828,-380,441
517045,-3,592,1395,-1043,552,-322,441
517050,504,889,-241,-1473,-375,-283,441
517055,587,1540,4171,-1048,-1529,-424,441
517060,950,-728,5002,-2091,-879,-523,441
517065,-25,-597,-2296,-2924,194,-241,441
517070,160,154,2894,-2890,-2110,-44,441
517075,841,1518,4303,-2038,-2371,-294,441
517080,1086,1401,6447,-2155,-1840,-779,441
517085,662,541,3719,-3766,-1240,-1097,442
517090,1391,-4642,5930,-2587,-1955,-1189,442
517095,-478,-2552,758,171,-885,-1246,442
517100,1724,-262,17186,1424,-1438,-1517,442
517105,1674,-4466,6501,2715,1941,-1386,442
517110,1476,-1658,4742,2671,1201,-669,442
517115,373,-1749,2574,2235,1815,-198,442
517120,1553,-1189,-1119,2624,2035,261,442
517125,2209,-3,7514,1337,525,731,442
517130,533,2006,2378,1362,2294,722,442
517135,1039,1112,2491,1522,1300,496,442
517140,1051,-790,5413,1266,13,282,442
517145,104,1340,2998,1893,1005,367,442
517150,-445,386,2809,1404,995,205,442
517155,873,-641,7185,-12,439,14,442
517160,394,-562,1509,494,1607,5,442
517165,724,1139,6394,593,434,154,442
517170,54,535,2744,918,1506,-20,442
517175,544,-508,3742,421,858,-110,442
517180,309,-1881,2721,499,511,-28,442
517185,439,-1024,3032,143,-375,447,442
517190,444,1189,4588,674,-786,561,442
517195,376,-194,4667,-528,-156,327,442
517200,828,-375,8767,-1045,-76,424,442
517205,737,1527,4052,-845,1260,450,442
517210,1076,108,3904,-177,1077,68,442
517215,1717,612,2303,-362,777,-28,442
517220,1150,344,3273,-358,184,-261,442
517225,853,194,3534,-1282,-325,-251,442
517230,725,15,7467,-1145,-476,-287,442
517235,1540,592,5648,-92,440,-576,442
517240,488,-1457,3052,1071,471,-1135,442
517245,930,-974,8161,963,-67,-872,442
517250,393,-571,3382,-301,2400,-342,442
517255,321,-966,487,127,2155,-205,442
517260,1407,-303,7907,-154,328,42,442
517265,338,844,951,-462,2329,172,442
517270,305,434,4018,418,997,-80,442
517275,1504,289,5583,887,238,-322,442
517280,673,-186,5491,235,1076,-329,442
517285,350,-958,2614,-120,1608,-168,442
517290,849,291,5891,-1288,506,200,442
517295,116,91,4352,-2580,1352,617,442
517300,364,1203,3024,-1736,1991,554,442
517305,557,-167,2362,-1338,1707,308,443
517310,833,393,3945,-178,1583,288,443
517315,133,181,2399,60,2274,122,443
517320,142,-686,4664,-159,2108,111,443
517325,733,932,3325,-732,2133,215,443
517330,1324,1208,7233,163,990,-392,443
517335,1276,645,1732,-302,1629,-930,443
517340,421,-768,7764,29,339,-1153,443
517345,-42,-3144,1322,992,544,-1077,443
517350,708,-422,2377,1566,-827,-615,443
517355,-117,541,2038,1700,-655,-83,443
517360,771,1168,1394,1050,-502,-245,443
517365,235,-954,1707,1538,-702,-636,443
517370,816,-105,7104,987,-1267,-602,443
517375,243,-130,2396,-1398,511,-395,443
517380,629,1492,4236,-369,-782,-187,443
