timestamp_ms,ax,ay,az,gx,gy,gz,wheel_pulse
272565,118,-398,4292,32,-18,-38,115
272570,127,-386,4290,39,-2,-35,115
272575,113,-394,4301,44,-13,-41,115
272580,118,-398,4297,36,-13,-38,115
272585,128,-403,4327,34,-11,-39,115
272590,116,-399,4310,30,-15,-38,115
272595,113,-393,4308,29,-5,-37,115
272600,116,-399,4303,31,-9,-47,115
272605,124,-397,4309,41,-18,-44,115
272610,116,-403,4313,31,-10,-42,115
272615,110,-396,4297,36,-12,-45,115
272620,136,-384,4302,29,-13,-43,115
272625,71,-289,4468,37,-22,-38,115
272630,-228,25,5029,29,46,-86,115
272635,-537,242,4464,-18,258,-226,115
272640,-592,208,5699,-126,251,-414,115
272645,-1133,287,2637,-87,857,-618,115
272650,-1269,27,9900,-138,-72,-875,115
272655,-4355,-2419,6645,-1224,1932,-993,115
272660,-4365,-2453,-2215,-487,3146,-329,115
272665,-2181,-516,3104,-525,483,641,115
272670,-1156,185,3894,-112,408,770,115
272675,866,731,2339,33,721,762,115
272680,-1053,433,4736,-264,-106,320,115
272685,-1279,2243,-629,85,550,-176,115
272690,-1279,-599,2222,-664,-1228,-888,115
272695,-1439,-2212,6261,-22,-1892,-1137,115
272700,-584,-1285,3882,388,-1309,-778,115
272705,-926,-1280,3377,221,-1638,-334,115
272710,354,-1249,8123,413,-2055,-28,115
272715,-758,-1164,3252,2941,-496,26,115
272720,-253,42,6004,2757,-1122,-2,115
272725,-862,2330,8873,1694,-989,-96,115
272730,284,-172,5853,-1459,941,-73,115
272735,451,-232,7767,-967,1536,-125,115
272740,-569,-726,5822,-833,1671,-92,115
272745,-165,306,3592,-180,2117,-50,115
272750,-249,254,238,-311,2265,-94,115
272755,-963,-431,1884,-693,881,-203,116
272760,-1215,-282,438,-172,297,-206,116
272765,-222,-242,3241,-590,-724,-290,116
272770,-876,-318,3607,115,-498,-327,116
272775,-1479,68,3485,-145,-440,-251,116
272780,-1338,3,5346,-851,-767,-385,116
272785,-1169,-1249,3733,-745,-474,-473,116
272790,-486,-193,6183,-137,-1151,-372,116
272795,-307,-585,5905,507,-505,-382,116
272800,-537,164,2555,355,56,-423,116
272805,-258,-1581,3681,-266,-904,-551,116
272810,-122,-1039,3544,-216,-1077,-333,116
272815,340,-568,7187,-568,-1159,-130,116
272820,-108,60,4872,-725,129,-68,116
272825,-502,158,5007,-723,-21,-95,116
272830,-336,55,6192,-512,-187,-248,116
272835,-226,-420,2302,1167,790,-449,116
272840,-244,-387,3177,534,173,-487,116
272845,-56,-1518,2238,-317,-253,-413,116
272850,460,-1973,2939,-277,-1204,-79,116
272855,352,250,7185,-64,-1743,319,116
272860,136,261,6645,-676,-922,329,116
272865,-190,-335,3777,-251,-774,141,116
272870,137,-46,4903,111,-1285,62,116
272875,145,-411,5296,692,-750,-94,116
272880,-41,-568,3490,302,-10,-148,116
272885,159,-1413,4665,-72,-223,-135,116
272890,202,-636,3566,560,-123,-34,116
272895,255,281,6543,490,-383,40,116
272900,338,-589,4288,-155,585,25,116
272905,-143,-711,2290,187,669,129,116
272910,288,-386,4210,477,-386,257,116
272915,374,377,6710,508,-349,240,116
272920,-221,-70,3441,265,718,137,116
272925,-245,139,3122,129,182,-51,116
272930,306,-1246,5599,94,-221,-245,116
272935,286,-379,5324,187,317,-129,116
272940,-62,-357,3131,136,672,-83,116
272945,-34,-619,3284,270,97,-75,116
272950,365,-1376,4778,727,-267,-54,116
272955,22,-49,5433,570,82,137,116
272960,-467,-884,2530,-276,565,259,116
272965,12,-1230,4903,94,-184,359,116
272970,160,-975,4404,45,325,572,116
272975,-67,479,6858,-53,617,693,116
272980,1,-168,4285,-640,1832,559,116
272985,234,848,3624,-202,2218,439,116
272990,-240,2178,1467,1254,2071,-152,116
272995,934,-973,-3754,2039,403,-1431,116
273000,953,-3618,-1150,-2008,-2325,-850,117
273005,-1785,-1673,6295,-1034,-5006,47,117
273010,-1438,-2158,4545,613,-4564,714,117
273015,-27,409,9571,3057,-4191,944,117
273020,1339,2143,15009,-787,-2007,1086,117
273025,1959,-80,8535,462,679,545,117
273030,351,-1918,8013,826,1290,126,117
273035,152,-1484,9,1325,3808,217,117
273040,332,655,-1494,1574,2521,370,117
273045,-569,1066,2626,84,656,282,117
273050,757,1227,-799,-1077,1001,135,117
273055,-281,-976,-1136,-730,186,-126,117
273060,1316,-630,546,311,-1435,-101,117
273065,1078,12,10721,318,-2983,81,117
273070,1138,-224,7577,-807,-446,72,117
273075,369,-493,9206,-550,370,130,117
273080,724,-96,4941,-9,1170,116,117
273085,1132,-125,6692,184,806,-148,117
273090,525,-246,3306,-45,1914,-195,117
273095,60,-330,1444,-234,1821,-195,117
273100,293,-965,863,127,842,-226,117
273105,563,-722,5932,-143,-85,-121,117
273110,150,-318,3864,-618,772,134,117
273115,246,-67,2986,-289,698,197,117
273120,306,-181,3114,462,79,-19,117
273125,488,-312,5486,766,-390,-186,117
273130,294,-235,7127,153,-160,-274,117
273135,-379,-946,2583,-76,605,-343,117
273140,-509,-777,3489,243,-253,-434,117
273145,88,-1570,3873,591,-303,-379,117
273150,34,-686,3265,704,-100,-25,117
273155,337,139,6030,67,-418,243,117
273160,69,-318,2072,-243,506,343,117
273165,206,603,4070,300,-377,306,117
273170,486,477,5988,458,-413,14,117
273175,590,111,6682,-111,116,-150,117
273180,349,-549,4510,-323,826,-140,117
273185,539,-66,4519,112,413,-136,117
273190,599,673,5437,734,184,-344,117
273195,413,-450,2406,426,701,-586,117
273200,281,-702,3472,-4,356,-569,117
273205,25,-1426,1028,169,421,-414,117
273210,241,-822,5053,193,-685,-122,117
273215,382,-431,3056,327,-154,-45,117
273220,372,-616,7706,45,-584,-18,117
273225,202,-377,5855,-202,565,98,117
273230,58,-362,4574,230,948,64,117
273235,645,-1061,4744,429,732,-33,117
273240,821,-1243,3340,747,931,52,117
273245,339,86,5484,632,653,222,117
273250,-71,-809,2273,167,1007,143,118
273255,124,-915,1987,-68,249,288,118
273260,-73,76,3182,351,-366,479,118
273265,-241,449,2549,177,-241,460,118
273270,-133,-237,3632,-52,-458,320,118
273275,240,164,6948,-734,-365,342,118
273280,-64,-501,3517,-503,877,288,118
273285,549,581,7627,-67,435,314,118
273290,502,-230,7980,156,1772,45,118
273295,171,-202,2472,448,3452,-154,118
273300,19,-1096,2394,2164,2294,-544,118
273305,3151,-1142,8536,1771,330,-1008,118
273310,171,-1771,953,-1160,1308,-401,118
273315,281,-1337,1262,-990,-943,117,118
273320,678,-324,8067,218,-2880,343,118
273325,40,-472,5479,257,-1269,405,118
273330,-787,-156,2081,-172,-724,629,118
273335,-140,1617,7658,-566,-1764,729,118
273340,-16,1052,3254,-953,267,192,118
273345,60,762,3166,-398,603,-307,118
273350,553,760,6335,-547,525,-531,118
273355,150,-1710,2521,-919,1294,-695,118
273360,460,-364,5107,-900,245,-463,118
273365,302,277,1616,-1251,655,-416,118
273370,612,-362,5907,-1263,-414,-366,118
273375,369,-9,5929,-611,126,-220,118
273380,-46,-1462,2518,118,764,-331,118
273385,279,-1049,4358,423,-135,-227,118
273390,91,-506,3359,72,-101,-222,118
273395,399,-1395,5161,221,-465,-380,118
273400,295,187,5411,101,-243,-389,118
273405,-82,-1045,3589,161,289,-485,118
273410,142,-1112,5773,407,-113,-384,118
273415,194,-1064,4244,671,399,-255,118
273420,138,-1237,3879,547,311,-42,118
273425,24,-754,4125,709,65,191,118
273430,237,-511,5476,434,-62,351,118
273435,180,-50,4154,206,153,479,118
273440,88,34,4152,75,88,506,118
273445,84,12,4042,108,92,439,118
273450,174,-197,3791,32,-47,338,118
273455,179,-240,3932,252,-119,259,118
273460,276,184,5411,37,-252,205,118
273465,126,-28,5446,-18,89,75,118
273470,58,-59,4356,94,441,-78,118
273475,-88,-615,4283,126,510,-213,118
273480,37,-1179,2931,114,509,-195,118
273485,278,-587,3290,452,26,-21,118
273490,295,-11,5158,484,-373,66,118
273495,133,-648,3908,164,23,28,118
273500,74,-250,5065,158,-99,66,118
273505,-24,-45,4711,379,132,14,118
273510,75,-336,4175,252,265,-117,118
273515,361,-868,3959,394,206,-146,118
273520,230,-189,4213,690,44,-46,118
273525,167,-144,5498,255,-10,25,118
273530,47,-557,4173,215,359,35,118
273535,69,-386,4277,325,149,106,118
273540,203,-462,4220,171,214,154,118
273545,131,-520,3408,107,290,205,118
273550,210,-333,4162,326,-60,220,118
273555,32,-301,3761,518,-33,159,118
273560,50,156,5946,444,-241,41,118
273565,-59,-98,4504,195,315,-127,118
273570,-140,-179,4796,157,484,-217,118
273575,-86,-335,4382,444,575,-300,118
273580,64,-1003,3218,379,487,-338,118
273585,326,-1037,2525,347,109,-140,118
273590,136,159,6847,122,-490,124,118
273595,-119,-133,2887,143,339,107,118
273600,99,-136,4689,80,-289,81,118
273605,-79,19,4378,103,195,33,119
273610,-68,-240,3817,373,277,-127,119
273615,315,-992,4222,644,-4,-208,119
273620,95,-741,4587,486,209,17,119
273625,-213,-266,4735,151,447,177,119
273630,228,-353,4579,47,316,190,119
273635,-1,384,5134,220,397,197,119
273640,-254,-342,3937,125,801,57,119
273645,164,-814,2766,75,676,28,119
273650,60,-474,3401,416,178,98,119
273655,31,-484,4631,335,-136,131,119
273660,117,207,4184,-80,76,157,119
273665,116,-111,5170,-183,50,50,119
273670,-142,244,4886,-106,189,-54,119
273675,-165,538,4162,188,309,-267,119
273680,205,-487,3782,160,258,-494,119
273685,-23,-726,4275,181,116,-460,119
273690,-131,-232,5135,-26,91,-314,119
273695,-20,-742,3528,-168,309,-265,119
273700,99,-515,4456,-165,-74,-167,119
273705,-67,398,4728,-29,52,-126,119
273710,-53,143,1599,-127,349,-294,119
273715,141,-636,2780,-298,-532,-380,119
273720,175,-310,4693,-440,-966,-244,119
273725,-196,272,4321,-711,-666,-123,119
273730,-229,318,4997,-839,-693,-212,119
273735,-2,-607,4871,-969,-748,-300,119
273740,792,122,9967,-38,-888,-255,119
273745,953,-1040,4801,479,429,-430,119
273750,948,-2810,7011,1133,-572,-402,119
273755,1247,-2013,5681,529,205,194,119
273760,378,-1456,4650,635,660,601,119
273765,663,-995,5503,873,394,872,119
273770,149,694,3887,1112,975,948,119
273775,47,132,3363,1000,1086,763,119
273780,126,429,2717,806,1003,628,119
273785,142,359,3612,537,664,468,119
273790,-86,-18,2345,451,721,354,119
273795,-88,-63,5324,213,297,294,119
273800,-380,-320,4897,-218,696,306,119
273805,-316,-348,4502,-154,649,374,119
273810,-29,-40,3603,-132,392,379,119
273815,-30,222,3233,170,53,199,119
273820,-54,202,4694,369,-545,-20,119
273825,62,-346,4268,258,-461,-154,119
273830,-227,-388,2641,441,-611,-245,119
273835,-133,-269,5187,556,-1157,-353,119
273840,-63,-121,4556,-37,-511,-422,119
273845,75,-383,4610,4,-334,-483,119
273850,-84,-113,4161,133,-205,-510,119
273855,23,-144,3984,58,-126,-528,119
273860,129,-347,4126,298,-150,-510,119
273865,82,-386,4126,268,-112,-368,119
273870,42,-453,4348,303,-71,-223,119
273875,115,-496,5200,103,-79,-125,119
273880,142,-825,4598,-209,149,-16,119
273885,-231,-249,4163,-276,101,120,119
273890,-188,-43,4269,-172,-26,99,119
273895,65,-129,3321,-62,-20,-23,119
273900,-52,-241,4209,13,-251,-116,119
273905,-97,-301,4464,208,-215,-168,119
273910,134,-330,5885,43,-226,-203,119
273915,69,-1014,5342,-33,204,-198,119
273920,-158,-699,4013,-40,228,-5,119
273925,35,-533,3694,-28,87,142,119
273930,212,230,3700,-11,-94,215,119
273935,285,218,3947,152,-216,87,119
273940,227,126,5642,120,-311,-64,119
273945,50,-216,4828,61,172,-160,119
273950,-71,-202,4098,33,352,-253,119
273955,-125,-205,4703,67,295,-334,119
273960,-227,-756,3469,-55,448,-356,119
273965,-115,-792,3730,-67,139,-190,119
273970,-315,-199,2970,25,155,18,119
273975,-173,-54,3469,52,-170,62,119
273980,-121,-169,3745,333,-336,-17,119
273985,69,-498,5554,257,-482,-72,119
273990,-115,-164,4126,0,55,-45,119
273995,-55,39,4169,-190,-59,-120,119
274000,182,-617,5348,-165,-213,-242,119
274005,196,-1131,4556,-199,24,-162,119
274010,165,-195,3530,-131,16,75,119
274015,27,322,3440,184,-214,80,119
274020,171,-249,4846,316,-297,-92,119
274025,50,-510,4710,-47,62,-146,119
274030,-99,-506,4987,-73,39,-99,119
274035,-244,-96,4077,-195,-96,-46,119
274040,-65,-469,4895,-216,-160,-21,120
274045,62,-294,4053,228,17,31,120
274050,295,-151,5011,370,-79,37,120
274055,-84,-1387,3008,605,415,12,120
274060,168,-1166,4879,812,23,188,120
274065,213,-933,3522,589,314,379,120
274070,470,-371,5252,433,33,512,120
274075,347,-50,5184,647,197,490,120
274080,221,494,4770,628,295,379,120
274085,197,245,4662,517,542,210,120
274090,-58,-49,3615,683,685,53,120
274095,-96,-27,3641,755,516,-37,120
274100,-114,-501,3647,646,392,-55,120
274105,-160,-897,2871,538,219,32,120
274110,-117,-815,4467,47,-266,265,120
274115,-322,-32,2285,-521,-44,555,120
274120,-258,-81,5251,-616,-657,626,120
274125,-261,215,4552,-655,-401,599,120
274130,-419,513,3163,-814,-308,501,120
274135,-280,164,3186,-685,-713,303,120
274140,-134,559,4652,-951,-902,122,120
274145,-240,313,3696,-1205,-690,-89,120
274150,-353,97,3620,-1325,-866,-303,120
274155,-254,-288,5090,-1423,-1175,-441,120
274160,-267,-298,5386,-658,-946,-483,120
274165,192,-417,5832,-563,-770,-475,120
274170,-21,-1287,3669,-341,-348,-421,120
274175,186,-6,4557,-11,-802,-308,120
274180,313,-779,4891,-103,-750,-417,120
274185,428,-993,4841,-306,-596,-331,120
274190,8,-202,3693,-237,-437,-152,120
274195,35,376,5408,-120,-749,-119,120
274200,-5,140,4329,-75,-258,-245,120
274205,-133,-274,3369,-158,-162,-320,120
274210,-50,-723,4355,-229,-264,-300,120
274215,-85,-976,3700,-216,-86,-156,120
274220,167,-1230,5478,-537,-389,80,120
274225,180,-699,2343,-598,48,357,120
274230,524,683,4309,334,-888,224,120
274235,599,592,4663,737,-1094,-231,120
274240,69,-973,3791,654,-1110,-607,120
274245,-270,-789,3162,703,-1341,-711,120
274250,-365,-1285,3654,715,-1744,-677,120
274255,-199,-661,4756,871,-1831,-468,120
274260,-225,-543,2802,877,-1490,-341,120
274265,-304,-583,2644,845,-1845,-249,120
274270,5,172,3470,855,-1935,-181,120
274275,450,842,6308,660,-2285,-208,120
274280,591,544,5434,1577,-2203,-497,120
274285,1479,-390,10265,1511,-2141,-735,120
274290,632,-547,8190,1576,-353,-727,120
274295,1568,-1329,6137,478,831,-458,120
274300,1567,-2058,7919,283,1392,-13,120
274305,676,-355,6041,98,2038,644,120
274310,386,226,3327,-41,2492,848,120
274315,-113,687,2162,199,2439,753,120
274320,-24,578,1783,471,2215,496,120
274325,50,724,1789,183,1815,188,120
274330,-33,648,2805,-209,1366,-102,120
274335,-175,321,2396,-496,1224,-385,120
274340,-183,-266,2566,-436,620,-557,120
274345,55,-691,5376,-340,-169,-484,120
274350,-346,-1872,5271,-180,189,-235,120
274355,-644,-1725,4105,194,377,216,120
274360,163,-904,5884,448,-126,613,120
274365,341,-508,4623,54,371,822,120
274370,20,61,3298,-108,474,862,120
274375,-28,534,2832,-38,243,598,120
274380,213,410,4307,40,5,256,120
274385,380,349,4497,97,92,7,120
274390,111,23,4171,-65,280,-164,120
274395,-118,-100,3416,150,187,-285,120
274400,75,-232,5705,480,-222,-335,120
274405,-37,-551,5171,305,261,-253,120
274410,-100,-926,4780,170,397,-97,120
274415,-242,-496,3461,158,443,109,120
274420,-120,-460,3894,93,183,195,120
274425,51,-383,3726,18,104,263,120
274430,146,101,3748,-23,-98,296,120
274435,37,344,3894,-51,-187,179,120
274440,46,54,5062,131,-285,-41,120
274445,79,-269,4667,376,-97,-215,120
274450,26,-243,3820,255,44,-252,120
274455,-54,-15,5671,-6,13,-294,120
274460,76,-810,5060,131,422,-376,120
274465,156,-330,5048,331,370,-318,120
274470,23,-911,3599,207,570,-234,120
274475,86,-990,3945,-1,393,-11,120
274480,133,-416,3502,2,297,234,120
274485,19,187,3495,266,-21,341,120
274490,51,623,5131,-5,-172,256,120
274495,123,-51,5277,-54,257,90,120
274500,-207,123,4462,4,444,-20,120
274505,51,-366,4200,138,290,-142,121
274510,214,-489,3422,-16,306,-155,121
274515,205,-461,4724,170,16,-163,121
274520,150,-947,4646,124,169,-148,121
274525,107,-264,3438,347,134,-32,121
274530,-110,-262,5907,458,-253,-46,121
274535,-281,-322,4728,161,382,-50,121
274540,-132,52,4237,288,410,-51,121
274545,13,319,4664,343,208,-144,121
274550,-66,-537,2174,179,534,-252,121
274555,240,-386,4017,92,-136,-152,121
274560,214,376,2284,383,-239,-113,121
274565,557,244,6845,478,-1089,-312,121
274570,207,-204,4267,-23,-92,-340,121
274575,40,61,5708,151,-205,-344,121
274580,87,-187,4923,255,-101,-542,121
274585,138,-363,3933,204,-151,-638,121
274590,-70,-418,3350,169,-309,-670,121
274595,-116,-562,3690,187,-545,-644,121
274600,-148,-567,3618,439,-603,-574,121
274605,-10,-475,5081,449,-771,-449,121
274610,202,-594,5311,61,-391,-304,121
274615,137,-848,4885,-65,12,-90,121
274620,-16,-406,4825,-14,159,205,121
274625,124,6,4941,-116,237,331,121
274630,80,-114,4191,-99,545,320,121
274635,34,2,3230,-203,638,359,121
274640,41,52,3816,-51,477,354,121
274645,78,-56,4486,-419,482,335,121
274650,-74,-49,5321,-628,588,309,121
274655,-210,-160,4361,-609,993,281,121
274660,-162,-394,5171,-639,1065,278,121
274665,-130,-89,5025,-521,1403,297,121
274670,-230,-553,3551,-526,1558,274,121
274675,-156,-1194,3296,-549,1395,391,121
274680,-184,-509,2024,-576,1383,693,121
274685,102,1048,4197,-10,551,669,121
274690,272,-114,6269,-452,322,319,121
274695,-173,299,3411,-626,1044,125,121
274700,-152,291,5234,-344,357,-202,121
274705,-293,-537,5230,49,468,-541,121
274710,-260,-1415,3731,11,710,-534,121
274715,-271,-986,3249,143,396,-280,121
274720,-219,-656,3413,203,153,-66,121
274725,-341,-423,4165,138,113,90,121
274730,-83,110,4472,-185,185,194,121
274735,86,580,3629,-206,351,154,121
274740,-76,579,5223,-30,203,-29,121
274745,30,484,5289,-3,654,-264,121
274750,71,-465,3672,46,848,-478,121
274755,101,-921,4179,206,480,-466,121
274760,-227,-630,3475,268,607,-300,121
274765,227,-941,6104,-247,405,-148,121
274770,-75,-854,4218,-182,1121,53,121
274775,-257,148,5105,-110,773,193,121
274780,-404,-130,3685,-296,1215,107,121
274785,-149,926,1133,-9,1147,-57,121
274790,614,1675,3742,932,-132,-661,121
274795,215,111,4970,891,-256,-1331,121
274800,-406,-1821,2140,958,64,-1622,121
274805,-298,-1524,4481,1289,-1148,-1378,121
274810,131,-1688,3525,497,-1490,-901,121
274815,-421,-1644,1899,-306,-1855,-261,121
274820,-313,844,4309,453,-2513,202,121
274825,-470,1546,3510,-293,-2179,153,121
274830,-445,114,2263,-269,-2635,-104,121
274835,-22,184,3858,-121,-3497,-189,121
274840,-8,-226,3317,-235,-3250,-219,121
274845,-50,-984,3335,-597,-3195,-132,121
274850,49,-522,3606,-642,-3024,79,121
274855,-85,-311,3315,-606,-2850,137,121
274860,-201,-219,2987,-584,-3120,123,121
274865,894,1501,8903,923,-3428,-50,121
274870,1267,2276,14996,1932,-2152,-507,121
274875,996,-2013,5481,679,574,-587,121
274880,843,-3009,5957,872,834,-172,121
274885,68,-1003,6497,515,664,630,121
274890,534,-114,5732,610,1236,915,121
274895,358,575,2634,447,2156,953,121
274900,-119,695,1427,488,2209,773,121
274905,-331,1378,1847,501,1562,423,121
274910,271,1621,3489,258,880,48,121
274915,99,826,3868,-327,1061,-367,121
274920,-127,-221,2424,-293,1267,-681,121
274925,-142,-215,3731,-373,224,-718,121
274930,-234,-1049,5161,-672,-315,-596,121
274935,-321,-665,5316,-583,-19,-249,121
274940,-235,-953,4224,-184,152,-34,121
274945,-120,-810,3636,386,-146,79,121
274950,137,-652,4830,10,-569,194,121
274955,90,-290,3495,-312,-216,260,121
274960,61,433,3937,-342,-668,156,121
274965,180,358,4773,-431,-917,-86,121
274970,136,12,4266,-308,-612,-283,122
274975,19,-518,4281,-107,-540,-319,122
274980,154,-597,3767,34,-373,-211,122
274985,195,-148,4125,128,-435,-85,122
274990,263,-473,6028,-179,-371,-76,122
274995,335,-711,4688,-373,157,12,122
275000,208,-53,4604,-367,39,121,122
275005,171,136,4223,-313,105,82,122
275010,-65,-140,4609,-204,87,-15,122
275015,-40,43,4015,-34,111,-71,122
275020,-4,50,3846,175,-53,-208,122
275025,-217,-436,4057,276,-119,-358,122
275030,-28,-1182,5328,145,-261,-371,122
275035,96,-1230,3890,74,175,-135,122
275040,103,-622,3594,-125,-19,133,122
275045,105,-568,4322,-331,-342,249,122
275050,30,582,4385,-389,-379,306,122
275055,82,691,3930,-251,-252,141,122
275060,212,699,5058,-183,-181,-105,122
275065,-7,-367,4334,27,124,-339,122
275070,240,-172,5125,168,-69,-385,122
275075,189,-69,4299,-171,272,-417,122
275080,153,-959,3679,-240,202,-432,122
275085,51,-183,4681,-55,-260,-303,122
275090,-8,-639,3942,-266,-82,-170,122
275095,-79,-218,3034,88,-119,-60,122
275100,-166,-448,3909,135,-533,-74,122
275105,-26,-1052,4930,-40,-635,-21,122
275110,120,-731,4064,-256,-481,171,122
275115,139,251,3986,-365,-640,309,122
275120,-47,331,4674,-360,-872,195,122
275125,9,-140,4070,-292,-689,82,122
275130,131,212,4542,-263,-597,68,122
275135,117,12,3708,-99,-466,-76,122
275140,200,-353,4866,-9,-640,-233,122
275145,286,-408,4695,-165,-310,-280,122
275150,156,-881,4474,-138,-76,-277,122
275155,284,-854,4907,-83,-118,-190,122
275160,153,-961,5472,104,33,-51,122
275165,106,-359,3948,125,261,134,122
275170,187,44,3678,366,108,182,122
275175,159,366,4096,495,-64,97,122
275180,245,104,4739,209,-14,-113,122
275185,196,-154,4034,66,106,-269,122
275190,46,-24,4135,-105,-69,-336,122
275195,-69,-829,4440,-38,-195,-371,122
275200,52,-510,3857,-19,-262,-212,122
275205,87,-165,4417,18,-360,-66,122
275210,17,-445,3683,167,-267,-29,122
275215,-34,-608,4140,458,-442,10,122
275220,244,-216,5762,303,-462,42,122
275225,148,-595,3442,119,106,30,122
275230,317,-716,4758,125,-301,61,122
275235,246,-349,4203,182,-206,127,122
275240,289,-149,4758,117,-299,153,122
275245,414,-61,4825,54,-185,163,122
275250,60,193,3833,289,13,180,122
275255,-165,43,3793,585,-85,102,122
275260,10,-40,5685,274,-20,-8,122
275265,-36,-489,2938,-113,606,-78,122
275270,124,-796,4403,-64,-35,-60,122
275275,40,-85,4772,99,-84,22,122
275280,88,-642,4137,-83,135,58,122
275285,33,-1055,3837,-45,185,223,122
275290,54,-246,4007,387,-77,406,122
275295,259,27,4959,415,-277,423,122
275300,176,6,4466,147,142,328,122
275305,266,-353,4742,-102,413,245,122
275310,158,255,5405,15,556,210,122
275315,14,174,5324,152,812,23,122
275320,255,-171,5327,179,1151,-168,122
275325,-15,-565,3934,475,1660,-227,122
275330,-136,-922,4371,606,1578,-128,122
275335,-100,-597,4540,554,1665,66,122
275340,-62,-79,4749,70,1873,192,122
275345,-208,-265,4442,-54,2067,219,122
275350,-207,170,4833,197,2005,229,122
275355,-491,1652,1587,328,2233,85,122
275360,106,1150,2528,1494,1338,-604,122
275365,-189,-961,4664,1859,832,-1353,122
275370,529,-2508,1328,1923,821,-1669,122
275375,-6,-3876,2212,1117,-381,-916,122
275380,-411,-2253,1239,1111,-1256,188,122
275385,-1082,1766,6396,1588,-2493,886,122
275390,-136,-339,4155,1442,-1649,793,122
275395,-631,594,4405,1186,-1661,707,122
275400,183,1350,8905,-899,-1551,508,122
275405,1618,1919,7320,-696,-218,28,122
275410,204,83,4683,-900,526,-300,123
275415,469,635,5133,-1053,1211,-290,123
275420,255,-222,3562,-748,1588,-336,123
275425,90,90,3374,-793,1277,-297,123
275430,519,-232,3562,-539,1481,-469,123
275435,81,361,2693,-745,1658,-402,123
275440,44,-626,4700,-591,1024,-452,123
275445,29,-888,2784,101,956,-541,123
275450,180,-1431,4160,299,42,-455,123
275455,66,-884,3199,-13,114,-170,123
275460,-329,-754,3464,-163,-127,-48,123
275465,-5,-239,6220,66,-471,-51,123
275470,-81,-379,6820,310,-101,-102,123
275475,-196,348,4949,213,458,-84,123
275480,-229,-700,3412,123,606,-228,123
275485,18,-997,2791,37,202,-98,123
275490,-70,38,2545,342,-88,98,123
275495,-65,255,3662,205,-488,97,123
275500,158,-367,4693,85,-611,70,123
275505,193,350,5615,57,-451,103,123
275510,318,-163,6717,-50,-133,37,123
275515,-84,-163,4736,-36,371,5,123
275520,114,-517,4085,-163,152,-38,123
275525,199,-268,3199,-166,135,23,123
275530,116,212,3715,-118,-16,55,123
275535,100,179,4876,-20,-165,-34,123
275540,178,-341,4524,20,61,-181,123
275545,174,-367,5538,21,92,-179,123
275550,-216,-457,4411,107,413,-198,123
275555,-267,-799,3865,98,381,-240,123
275560,-48,-706,3590,10,243,-98,123
275565,-41,-142,4415,102,65,51,123
275570,-311,-254,3728,334,182,138,123
275575,-37,281,4524,179,-9,192,123
275580,250,351,4821,-57,115,104,123
275585,-79,-4,4203,-53,411,-39,123
275590,97,-532,4060,-40,323,-148,123
275595,130,-319,5166,48,161,-110,123
275600,-3,-580,4110,29,463,-57,123
275605,-12,-934,4762,-53,342,74,123
275610,-305,-406,3618,148,559,226,123
275615,60,-29,5210,-40,377,296,123
275620,-166,-206,2789,-28,905,273,123
275625,-210,42,2311,-145,359,265,123
275630,-28,109,3595,-103,-159,170,123
275635,218,329,4639,50,-323,4,123
275640,112,-177,4808,387,-363,-170,123
275645,-214,29,5046,829,-389,-290,123
275650,17,-454,6705,619,-217,-454,123
275655,-84,-1547,3089,334,580,-451,123
275660,-67,-997,3810,116,-185,-146,123
275665,-57,-103,4797,54,-492,59,123
275670,34,108,3276,135,-168,102,123
275675,215,316,3900,430,-484,90,123
275680,245,739,5509,621,-648,14,123
275685,160,389,4993,215,-97,-201,123
275690,281,-573,4578,10,106,-366,123
275695,21,-724,4642,-129,33,-268,123
275700,-194,-207,4095,-152,109,-130,123
275705,112,-362,4291,11,48,-56,123
275710,140,-211,4623,248,91,-26,123
275715,-131,-19,5740,426,186,-33,123
275720,-58,-182,3907,213,622,-108,123
275725,-28,-980,3671,-10,512,-139,123
275730,47,-588,4476,32,185,15,123
275735,0,-14,4470,110,97,111,123
275740,-25,-426,4049,21,105,128,123
275745,-98,105,3270,240,131,163,123
275750,156,288,5247,406,-148,62,123
275755,125,-42,5508,358,240,-80,123
275760,-160,-223,3605,128,485,-168,123
275765,-170,-212,4446,-27,110,-176,123
275770,-242,-128,4109,96,190,-177,123
275775,-145,-285,4208,8,162,-134,123
275780,-213,-391,3305,140,235,-71,123
275785,-195,39,3882,331,13,-28,123
275790,-69,20,4554,144,69,-71,123
275795,-93,-294,4195,-47,324,-117,123
275800,43,-361,3596,-58,253,-119,123
275805,61,329,5325,-71,-163,-160,123
275810,-127,-292,4793,-199,126,-295,123
275815,-62,-298,3104,124,206,-306,123
275820,-55,734,4860,463,-348,-340,123
275825,-153,135,5580,-195,6,-539,123
275830,-282,-896,3390,-237,753,-673,123
275835,-536,-336,3427,85,212,-581,123
275840,-164,-71,4819,-229,-26,-518,123
275845,-261,-484,961,-194,568,-537,124
275850,291,-941,1392,-775,-779,-422,124
275855,432,-284,5153,-1464,-2170,-106,124
275860,-251,1289,4411,-1638,-1625,100,124
275865,-976,1966,1376,-1861,-1742,-21,124
275870,-194,585,4965,-2183,-3412,-370,124
275875,-219,-209,3893,-2209,-2953,-485,124
275880,-278,85,2667,-2254,-2958,-453,124
275885,-29,-1055,7015,-2167,-3769,-512,124
275890,1116,-1625,9473,-347,-2638,-439,124
275895,760,-2508,7829,-899,-1099,-210,124
275900,87,-405,7261,-54,-1129,-158,124
275905,173,-1131,6119,298,161,-198,124
275910,874,-2067,4412,784,859,-97,124
275915,494,-1510,4300,918,1040,108,124
275920,490,-425,2735,839,1254,398,124
275925,332,129,2630,765,934,502,124
275930,512,255,3920,823,635,326,124
275935,454,617,2483,688,557,233,124
275940,146,855,3865,458,2,119,124
275945,138,717,5964,486,-93,-130,124
275950,186,150,3858,275,328,-337,124
275955,73,358,5531,178,-232,-407,124
275960,-464,-346,4575,89,48,-487,124
275965,-403,-842,3330,-145,-8,-383,124
275970,-349,-1161,4017,21,-511,-172,124
275975,-326,-1022,3799,-56,-465,143,124
275980,157,-501,4429,-170,-431,348,124
275985,259,219,3748,-5,-298,294,124
275990,588,-396,4763,-52,-606,170,124
275995,299,-181,4770,-92,-519,151,124
276000,289,155,4671,80,-474,71,124
276005,442,-296,6573,-19,-485,-54,124
276010,66,-183,4184,252,349,-86,124
276015,90,118,4156,572,230,-122,124
276020,156,-17,4399,680,418,-281,124
276025,147,-215,4600,482,628,-386,124
276030,-77,-848,2157,421,774,-430,124
276035,-3,-343,4116,488,-85,-348,124
276040,-141,37,3605,239,12,-242,124
276045,-45,-347,3815,549,-263,-277,124
276050,210,115,6551,656,-658,-282,124
276055,-216,-619,3820,390,211,-327,124
276060,141,-1089,3764,298,29,-277,124
276065,285,-689,4422,343,-266,-87,124
276070,176,-145,3354,287,-274,27,124
276075,281,21,4454,92,-566,67,124
276080,-64,115,3794,262,-265,81,124
276085,101,287,6700,343,-387,18,124
276090,-54,-387,4250,166,521,-61,124
276095,-26,-398,3366,136,553,-71,124
276100,258,-483,4682,79,205,-20,124
276105,163,-254,4029,-53,417,56,124
276110,225,-575,4232,-34,284,129,124
276115,67,-398,3967,441,120,234,124
276120,-3,150,5377,637,-106,230,124
276125,223,-536,4346,133,419,129,124
276130,75,-1027,3166,53,631,164,124
276135,137,-210,3999,197,25,235,124
276140,-169,-50,4134,106,-184,184,124
276145,-14,289,4473,104,-293,155,124
276150,-71,398,3329,281,-109,49,124
276155,-27,-130,5193,554,-335,-114,124
276160,117,-793,4491,582,75,-133,124
276165,84,-499,4917,376,70,56,124
276170,-21,-248,3616,192,233,160,124
276175,53,-420,4261,100,-128,192,124
276180,122,50,4044,256,-152,209,124
276185,149,287,4405,266,-137,138,124
276190,131,260,4981,276,0,-30,124
276195,164,115,5447,196,180,-203,124
276200,-38,-132,4294,236,573,-317,124
276205,-72,-160,3055,302,496,-408,124
276210,84,-691,4678,68,19,-419,124
276215,-89,-857,3628,11,183,-216,124
276220,-134,-29,4888,96,-174,23,124
276225,-75,179,5296,273,-48,21,124
276230,-129,-815,2538,-61,500,-11,124
276235,-180,8,3870,-101,366,123,124
276240,65,131,4578,99,269,6,124
276245,228,-672,3559,12,343,-104,124
276250,-18,239,3831,34,117,-50,124
276255,-131,-21,5551,165,-1,-141,125
276260,103,-643,4874,-33,475,-140,125
276265,-128,-317,5483,14,673,-8,125
276270,-235,-622,3616,35,1019,115,125
276275,-48,-973,3475,-196,735,296,125
276280,24,-377,3759,-349,614,567,125
276285,-198,258,3704,-302,553,690,125
276290,-131,254,4775,-281,512,611,125
276295,-100,89,5021,-82,828,500,125
276300,-60,154,4260,-188,1190,419,125
276305,-39,-539,4152,-421,1395,392,125
276310,-153,-735,3052,-671,1415,543,125
276315,-513,229,2750,-857,1136,708,125
276320,-362,259,1021,-771,464,623,125
276325,-948,-20,606,229,-952,180,125
276330,-492,857,781,437,-2170,-271,125
276335,58,-1334,6799,299,-3819,-543,125
276340,218,-2155,3105,1009,-2574,-599,125
276345,59,-945,3908,2362,-3284,-417,125
276350,-385,-2023,6111,3542,-3797,-317,125
276355,-181,282,12240,3089,-3143,52,125
276360,659,690,2306,-1017,333,291,125
276365,2073,2440,14702,-438,-747,85,125
276370,1746,-57,9664,-461,1133,-161,125
276375,-1041,717,-403,-59,3138,-196,125
276380,-204,733,20,-433,2039,-240,125
276385,714,-1011,3331,-66,1011,-306,125
276390,25,646,1821,-201,1508,-174,125
276395,-66,890,232,-691,1462,-388,125
276400,393,-464,3360,-494,195,-660,125
276405,-106,195,4738,204,-290,-630,125
276410,293,-74,7084,-299,-525,-620,125
276415,163,-1154,6239,-396,233,-697,125
276420,203,-1417,5391,-241,244,-480,125
276425,-140,-735,4983,57,322,-223,125
276430,-61,-657,3788,204,321,-87,125
276435,-38,-539,2517,472,46,-4,125
276440,-16,-96,5356,381,-353,52,125
276445,-281,-247,2772,222,253,-27,125
276450,-276,-720,3741,305,-328,-93,125
276455,-367,-247,3546,16,-491,-7,125
276460,-171,479,3442,115,-597,27,125
276465,116,524,3866,224,-818,-109,125
276470,407,243,6422,187,-979,-282,125
276475,544,-433,4552,4,-270,-324,125
276480,337,-413,4565,-4,-453,-286,125
276485,251,-262,5515,-9,-460,-229,125
276490,-85,-383,2900,-110,143,-171,125
276495,69,226,4845,-73,-202,-124,125
276500,165,646,3939,-195,253,-243,125
276505,21,-224,4460,-196,339,-449,125
276510,1,-583,3430,90,373,-466,125
276515,51,-658,4080,221,-31,-378,125
276520,134,-805,4887,-106,-95,-147,125
276525,-19,-299,3398,-373,322,84,125
276530,295,517,6404,9,-84,55,125
276535,142,159,4131,112,300,-163,125
276540,-86,-173,3276,197,230,-312,125
276545,-38,-57,4478,340,-131,-391,125
276550,-288,-276,3431,0,167,-398,125
276555,-310,-579,2704,184,110,-351,125
276560,-19,-429,5430,73,-381,-244,125
276565,-79,-170,3964,-82,375,-183,125
276570,371,-1124,4873,-368,303,-89,125
276575,24,-363,3446,-65,292,154,125
276580,64,404,4778,15,-265,188,125
276585,117,-19,4148,13,-58,57,125
276590,34,-350,3457,269,-173,-15,125
276595,166,23,4231,-166,-643,18,125
276600,26,395,4518,-114,-480,-52,125
276605,-128,-461,4508,-107,-461,-196,125
276610,-229,-762,3660,48,-403,-178,126
276615,-72,-867,4365,40,-653,35,126
276620,-89,-419,4077,-233,-388,281,126
276625,-124,-440,3544,-301,-213,381,126
276630,284,127,4533,-164,-662,403,126
276635,-17,669,4854,-166,-451,334,126
276640,-183,534,3650,-224,-128,106,126
276645,-32,210,4380,62,-344,-130,126
276650,45,165,4504,349,-257,-302,126
276655,299,-318,4704,160,-165,-424,126
276660,229,-1539,3632,2,-21,-356,126
276665,129,-696,4865,250,-342,-93,126
276670,115,-748,3932,150,-186,100,126
276675,125,-124,4287,27,-199,305,126
276680,197,354,3824,-275,43,390,126
276685,71,491,4853,-187,123,241,126
276690,71,453,4664,139,409,9,126
276695,71,482,4640,129,743,-192,126
276700,29,-233,3533,100,1031,-359,126
276705,-74,-325,4000,21,1049,-400,126
276710,159,15,4901,-219,1102,-358,126
276715,86,-409,4951,-317,1465,-392,126
276720,-106,21,4905,-36,1754,-390,126
276725,84,-53,5102,189,2004,-447,126
276730,78,168,1903,228,2449,-511,126
276735,423,643,3369,1256,1542,-819,126
276740,650,-1014,-1187,1426,1076,-1334,126
276745,925,-1912,596,-491,-1383,-992,126
276750,-242,-1734,4593,-804,-3591,-455,126
276755,66,-115,3693,-501,-3632,264,126
276760,-794,888,5019,-1026,-4084,638,126
276765,-1476,1140,5461,16,-4083,379,126
276770,-1182,-299,2747,571,-3453,-8,126
276775,-333,637,3435,403,-3807,-234,126
276780,-149,-1231,5737,77,-3364,-485,126
276785,816,-1034,10775,-481,-2078,-344,126
276790,2137,-1164,2535,-707,-197,-113,126
276795,1157,144,10407,-377,-1556,108,126
276800,969,-200,7875,65,296,165,126
276805,654,-409,4339,250,923,303,126
276810,148,-790,2839,315,1050,545,126
276815,720,-496,3066,665,692,716,126
276820,527,-514,2505,377,737,780,126
276825,223,-279,3862,-14,516,740,126
276830,-41,-20,1582,-297,408,619,126
276835,895,246,5132,-188,-594,414,126
276840,399,866,4332,-221,88,192,126
276845,-40,730,4638,13,199,-109,126
276850,134,726,5453,289,93,-437,126
276855,-145,158,4123,74,590,-714,126
276860,80,-1115,4832,317,375,-834,126
276865,368,-1508,3932,202,363,-571,126
276870,216,-1440,2186,-83,246,-62,126
276875,-84,-423,4003,25,-427,328,126
276880,-314,-149,3605,186,-403,461,126
276885,78,662,5230,-103,-541,496,126
276890,94,17,5140,-90,-79,313,126
276895,243,-173,3143,-29,212,147,126
276900,588,-48,6334,218,-354,74,126
276905,406,113,4067,19,159,54,126
276910,191,-179,3436,-36,72,-13,126
276915,239,-119,4021,263,-115,-68,126
276920,512,-157,5884,199,-197,-138,126
276925,468,-616,5120,81,332,-135,126
276930,219,-104,3526,290,389,-112,126
276935,337,-622,4698,254,17,-168,126
276940,328,-126,3921,191,158,-54,126
276945,-34,455,4338,335,20,-15,126
276950,133,6,5790,-156,48,-116,126
276955,-23,-693,3876,-210,595,-110,126
276960,8,-171,3569,-63,437,25,126
276965,247,-425,4562,41,349,23,127
276970,482,-547,3849,46,441,75,127
276975,100,-110,3013,-105,318,158,127
276980,41,120,4034,102,-94,83,127
276985,389,-11,5735,84,-213,-8,127
276990,160,1,5569,-153,268,-74,127
276995,184,115,4508,106,515,-195,127
277000,181,-95,4952,408,438,-362,127
277005,646,-683,8605,-223,554,-394,127
277010,485,-2867,1014,-1479,2091,-75,127
277015,554,-1181,6367,-1866,884,685,127
277020,695,-317,6533,-1585,1384,1074,127
277025,500,1491,4837,-1028,1716,1077,127
277030,637,702,5405,-501,1827,672,127
277035,435,335,2407,-531,2248,403,127
277040,242,561,3213,-471,1666,137,127
277045,-34,615,1813,-807,1318,-145,127
277050,-419,65,3414,-948,612,-406,127
277055,-533,-173,2762,-934,491,-478,127
277060,-366,-194,4871,-185,21,-534,127
277065,-152,-1105,4600,-66,215,-546,127
277070,-238,-24,4097,396,134,-428,127
277075,-83,-8,3007,588,8,-506,127
277080,-167,-344,2404,548,-470,-607,127
277085,-288,-666,3121,404,-941,-666,127
277090,-174,-277,3301,713,-1304,-652,127
277095,-63,-392,3328,1177,-1617,-691,127
277100,-171,-116,4184,1289,-1810,-743,127
277105,-209,-544,3705,1511,-1669,-834,127
277110,361,-836,6218,1436,-1914,-783,127
277115,308,-443,4425,781,-1111,-613,127
277120,266,-896,9226,274,-1485,-439,127
277125,400,-1157,6260,-346,-285,-87,127
277130,274,88,7323,-478,-53,318,127
277135,252,357,5593,-247,792,423,127
277140,355,172,3522,38,1148,390,127
277145,239,364,2446,191,1027,358,127
277150,72,390,2766,-527,866,294,127
277155,34,-84,3567,-989,874,197,127
277160,32,-9,2802,-944,746,126,127
277165,164,883,6926,-806,165,2,127
277170,-48,-746,5490,-409,1210,-207,127
277175,-223,-1145,4077,-93,1505,-120,127
277180,-45,-1377,4767,55,1412,29,127
277185,-390,-851,3499,58,1836,237,127
277190,12,-129,3844,-86,1698,310,127
277195,476,-109,6042,346,1702,169,127
277200,49,286,4810,933,2401,-7,127
277205,-85,-697,3571,1429,2482,-224,127
277210,-569,214,1377,1624,2117,-217,127
277215,488,614,4808,1643,769,-520,127
277220,4,-1177,1542,879,941,-654,127
277225,145,-581,4420,178,-635,-360,127
277230,28,-88,6200,-1527,-1049,0,127
277235,-303,-123,5654,-1069,-388,141,127
277240,-359,329,5711,-1627,-546,359,127
277245,-142,769,5779,-1589,-388,381,127
277250,-2,1566,3285,-1003,174,129,127
277255,5,296,2700,-506,116,-274,127
277260,185,805,2814,-189,-31,-479,127
277265,361,36,3042,-510,-83,-732,127
277270,258,-756,4236,-679,-200,-801,127
277275,94,-1147,4660,-785,-141,-701,127
277280,-47,-1017,5365,-742,-189,-523,127
277285,220,-1749,6280,-562,-34,-304,127
277290,358,584,5731,-98,509,-3,127
277295,-14,-409,4447,860,306,-411,127
277300,110,-891,4472,691,-98,-554,127
277305,-64,-362,2120,511,331,-454,127
277310,-276,-209,2232,347,-242,-454,127
277315,-220,-397,4608,376,-899,-490,127
277320,-8,50,5117,391,-341,-426,127
277325,-319,-448,3018,389,592,-346,127
277330,9,-395,4562,0,-210,-153,127
277335,344,-425,6677,-180,-333,-86,127
277340,-136,-776,2814,-19,707,-83,127
277345,79,101,4372,-142,-151,153,127
277350,69,-291,5042,-522,-197,189,128
277355,131,-189,3780,-218,141,211,128
277360,-77,155,4051,-320,-339,212,128
277365,101,411,5445,-82,-698,42,128
277370,176,-35,4492,-241,-465,-139,128
277375,-278,-572,3362,-250,-371,-250,128
277380,54,-984,5747,-571,-779,-195,128
277385,-114,-1112,4640,-554,15,-8,128
277390,-184,-367,4075,-330,18,204,128
277395,207,-193,4693,-273,-292,207,128
277400,184,405,3904,-161,57,147,128
277405,-88,746,2918,84,15,-33,128
277410,-138,156,3447,309,-483,-353,128
277415,-319,-245,2671,469,-564,-586,128
277420,25,-569,5674,368,-999,-692,128
277425,158,-1404,4796,348,-308,-624,128
277430,-58,-1323,5671,-74,-373,-270,128
277435,-137,-426,5198,272,-323,2,128
277440,106,-1104,3749,11,-377,94,128
277445,544,-2541,2449,-713,-687,386,128
277450,499,-1284,1180,-845,-1571,965,128
277455,-91,1083,5290,-871,-2793,1379,128
277460,-309,1151,3712,-840,-2400,1251,128
277465,115,-367,5544,-729,-2969,1145,128
277470,89,540,4154,-509,-2535,1258,128
277475,-183,41,5298,-265,-2340,1086,128
277480,8,203,4461,-255,-2006,895,128
277485,228,184,4945,-550,-1792,714,128
277490,176,-112,5086,-646,-1189,616,128
277495,397,198,4875,-440,-746,508,128
277500,244,-488,6058,-138,-433,223,128
277505,79,-42,3431,128,227,121,128
277510,-47,586,4512,325,110,-21,128
277515,410,728,5127,390,529,-473,128
277520,-29,-785,3762,375,1036,-926,128
277525,234,-463,4895,956,866,-1099,128
277530,329,-744,5940,1113,1091,-1249,128
277535,181,-453,6201,1058,1663,-1278,128
277540,332,-1245,4737,1183,2283,-1215,128
277545,511,-1459,4599,1215,2577,-924,128
277550,36,-2051,235,2019,2638,-579,128
277555,402,-533,3766,1448,991,10,128
277560,-642,703,1622,786,1151,499,128
277565,-668,1586,3090,274,-333,629,128
277570,-630,2572,5300,-1020,-1372,356,128
277575,-491,617,4591,-274,-611,-406,128
277580,-42,-1386,2969,-23,-257,-731,128
277585,-248,-1744,5124,273,-1050,-540,128
277590,20,-1088,3493,619,-535,-192,128
277595,191,-252,2881,233,-549,88,128
277600,-66,-17,2135,84,-853,116,128
277605,480,285,6348,-55,-1449,-20,128
277610,398,355,5798,234,-639,-167,128
277615,125,-213,5257,581,-249,-468,128
277620,24,-551,4336,784,193,-639,128
277625,225,-1031,4879,484,312,-595,128
277630,68,-854,3715,-4,732,-386,128
277635,-150,-596,2617,39,700,-208,128
277640,351,-2128,327,-710,-155,75,128
277645,98,-421,2885,-1811,-1625,907,128
277650,-843,899,2964,-1768,-1521,1457,128
277655,-1031,2264,1614,-2298,-2020,1345,128
277660,125,1892,6829,-2324,-3417,697,128
277665,374,277,13105,-635,-2497,200,128
277670,1389,-422,3969,663,727,-76,128
277675,-105,-4288,5185,999,-903,-331,128
277680,575,295,8766,1874,-749,-96,128
277685,219,-856,6158,665,1391,-77,128
277690,-69,-1562,1796,-165,1800,72,128
277695,557,-961,3430,312,730,185,128
277700,384,-1323,2249,489,709,230,128
277705,466,-82,3938,480,282,531,129
277710,199,851,3753,605,321,529,129
277715,381,85,5726,25,100,296,129
277720,-38,77,3751,476,628,90,129
277725,-32,478,6829,529,180,-92,129
277730,47,290,4192,567,1054,-327,129
277735,233,-460,3853,501,780,-447,129
277740,-92,-6,3523,735,716,-408,129
277745,20,-678,4864,-56,533,-350,129
277750,155,-889,4041,102,540,-104,129
277755,-77,-330,3830,189,401,131,129
277760,-178,-488,4474,197,380,180,129
277765,152,-489,4827,414,371,208,129
277770,155,-425,5659,-70,483,314,129
277775,-59,-137,3678,111,770,374,129
277780,174,-192,3912,-34,317,251,129
277785,405,-29,4427,139,37,140,129
277790,37,510,4032,214,9,83,129
277795,-3,812,5271,268,-164,-104,129
277800,60,34,3788,-39,150,-406,129
277805,324,-878,3944,112,-13,-467,129
277810,232,-820,4611,251,-174,-317,129
277815,90,-626,3447,238,-142,-119,129
277820,182,119,6111,111,-515,62,129
277825,-90,769,5425,-249,195,21,129
277830,-72,45,5346,-182,533,-141,129
277835,14,-67,4475,9,923,-301,129
277840,300,-556,3082,358,988,-419,129
277845,298,-837,2624,465,672,-358,129
277850,-230,-534,3503,380,270,-206,129
277855,-112,-216,4181,-428,194,-89,129
277860,67,-714,5514,-160,200,-59,129
277865,125,129,3361,-33,258,51,129
277870,-60,374,5329,179,-29,-7,129
277875,112,512,5351,-106,404,-141,129
277880,128,434,4202,-332,740,-319,129
277885,98,-128,4198,-163,680,-527,129
277890,260,-384,4423,91,522,-615,129
277895,234,-1382,3414,58,550,-502,129
277900,173,-954,2645,53,344,-214,129
277905,45,-181,3783,199,-76,-36,129
277910,274,300,5232,-87,-208,-92,129
277915,431,-189,5328,488,-79,-295,129
277920,22,-542,6016,678,-258,-400,129
277925,-233,-815,2933,781,84,-416,129
277930,-277,-883,3894,554,-335,-328,129
277935,-145,-915,4933,79,-269,-162,129
277940,39,-283,3857,-17,263,113,129
277945,124,542,2961,468,21,209,129
277950,178,430,4258,298,-448,87,129
277955,162,582,4315,291,-87,-23,129
277960,-87,536,4162,-361,80,-170,129
277965,170,152,6628,-596,-63,-312,129
277970,280,-22,4206,59,603,-430,129
277975,349,-178,5063,195,230,-430,129
277980,205,-539,5277,154,480,-369,129
277985,-150,-713,2429,-216,977,-203,129
277990,-129,-512,4431,-184,449,-129,129
277995,-76,-990,3175,-146,704,-68,129
278000,-81,-939,4627,-99,456,145,129
278005,-321,-573,4762,125,826,372,129
278010,-408,-450,3587,-63,1159,524,129
278015,-376,-598,2477,19,1054,615,129
278020,-67,-216,2950,48,493,745,129
278025,-422,2044,522,-249,386,729,129
278030,1304,-571,8900,-2542,-1049,64,130
278035,883,2807,5658,-1330,623,-193,130
278040,713,485,11270,-1249,-916,-796,130
278045,528,-2182,5309,-665,998,-1140,130
278050,290,-1677,8645,462,659,-704,130
278055,528,-424,4512,383,1518,-166,130
278060,-298,-988,289,-3,2110,-33,130
278065,-417,-1162,-1741,-8,1396,6,130
278070,194,684,2532,288,103,106,130
278075,395,6,2790,29,461,-65,130
278080,-490,1117,1370,-165,757,-143,130
278085,-296,368,2833,-223,213,-340,130
278090,-584,-614,1055,-119,243,-519,130
278095,-124,-411,7002,-183,-1199,-483,130
278100,28,-1506,6057,112,-500,-301,130
278105,189,-1109,3246,117,-259,49,130
278110,75,-1187,6476,477,-1032,204,130
278115,76,-373,4304,711,-510,396,130
278120,-108,-125,4600,379,-566,361,130
278125,100,-488,4168,459,-401,181,130
278130,199,357,4327,-204,-269,194,130
278135,-60,932,1545,157,56,-49,130
278140,280,332,5579,243,-849,-340,130
278145,323,91,4622,336,-118,-429,130
278150,-1,-10,2718,2,158,-441,130
278155,336,-1027,4834,-652,-736,-274,130
278160,291,-28,5268,-845,-663,79,130
278165,-112,622,3606,-234,-312,130,130
278170,160,489,4857,-233,-829,19,130
278175,19,96,4184,34,-512,-205,130
278180,-255,-505,5424,126,-556,-444,130
278185,-224,-1109,1808,-141,-7,-502,130
278190,57,-1230,3637,-358,-636,-393,130
278195,-54,-633,4522,130,-771,-305,130
278200,129,-776,4739,-44,-503,-206,130
278205,-5,-409,3867,317,-177,-64,130
278210,-87,70,5110,651,-281,-49,130
278215,119,60,3521,399,249,-84,130
278220,391,-166,3897,118,-116,-128,130
278225,188,550,5075,115,-309,-215,130
278230,12,166,2964,-15,100,-466,130
278235,374,-78,5446,-35,-510,-694,130
278240,216,-557,4618,353,-15,-790,130
278245,310,-1293,4491,449,96,-657,130
278250,278,-1501,4321,231,14,-303,130
278255,50,-723,5431,564,-235,55,130
278260,122,-477,3643,333,84,272,130
278265,-19,381,4344,176,-168,411,130
278270,-172,766,5155,-165,-254,292,130
278275,-109,108,3305,98,221,28,130
278280,154,-461,3749,19,-113,-97,130
278285,151,-219,4441,132,-349,-69,130
278290,204,-454,3888,80,-351,-39,130
278295,122,-1282,3304,122,-471,49,130
278300,288,-127,6540,129,-778,252,130
278305,10,-335,5823,120,39,235,130
278310,240,-931,4510,-42,318,215,130
278315,149,16,3811,357,205,298,130
278320,176,299,4251,391,-24,205,130
278325,82,315,3411,366,173,88,130
278330,-162,21,3545,705,-25,-66,130
278335,200,129,4790,389,-374,-152,130
278340,156,-582,3755,190,64,-145,130
278345,-7,-184,4390,238,-194,-44,130
278350,86,30,5142,336,-311,-53,130
278355,3,-114,4873,447,-114,-90,130
278360,-37,-921,4331,454,20,-56,130
278365,-18,-334,5633,572,-64,70,130
278370,-30,371,4642,25,400,102,130
278375,-34,-120,4421,307,570,-78,130
278380,178,-513,3848,405,413,-181,130
278385,275,-442,3876,587,168,-152,131
278390,-106,22,3858,487,60,-50,131
278395,110,-136,4152,73,88,-31,131
278400,370,-30,6845,55,-41,-45,131
278405,-14,-299,4829,210,735,-96,131
278410,-60,-234,5290,302,967,-139,131
278415,-3,-880,4428,546,1391,-206,131
278420,130,-2483,-1535,262,1273,27,131
278425,966,-133,763,402,-1038,614,131
278430,-151,1986,3318,751,-2306,732,131
278435,-698,-474,4176,-97,-3003,494,131
278440,-661,388,3597,14,-3165,394,131
278445,-364,-113,5076,-128,-3727,217,131
278450,-386,-1555,2591,-731,-3255,163,131
278455,-398,-1038,2435,-639,-3584,433,131
278460,622,-280,9179,903,-3924,620,131
278465,1118,-166,1364,1142,-2341,622,131
278470,1832,1247,12186,1535,-3907,252,131
278475,1385,344,7257,319,92,-35,131
278480,181,-834,4682,477,1290,98,131
278485,84,-1431,8294,685,678,284,131
278490,677,847,6725,448,1699,473,131
278495,89,349,2188,184,3041,248,131
278500,111,174,2535,147,2040,164,131
278505,-299,1093,821,124,2146,85,131
278510,-85,-330,796,161,1661,-244,131
278515,448,-747,1391,159,815,-176,131
278520,56,-408,2794,-331,527,60,131
278525,-367,-140,-48,-108,386,155,131
278530,312,415,8139,117,-1364,206,131
278535,220,-139,5275,-109,-313,69,131
278540,-269,498,7699,467,-498,-61,131
278545,-571,11,5289,459,305,-270,131
278550,-375,-663,4177,20,853,-375,131
278555,-324,-268,3690,62,785,-257,131
278560,-27,-1014,3985,-255,474,-149,131
278565,92,-416,2662,-408,463,149,131
278570,128,423,2999,-274,-46,268,131
278575,339,528,5611,-219,-388,182,131
278580,206,397,5136,-745,340,86,131
278585,-173,48,5067,-389,657,-81,131
278590,192,-18,4527,-119,458,-209,131
278595,412,-644,4317,-186,592,-240,131
278600,109,-740,3356,35,814,-39,131
278605,4,-596,3463,80,435,72,131
278610,131,-379,4281,42,62,74,131
278615,112,558,4817,-574,166,4,131
278620,121,-525,5382,-52,275,-270,131
278625,-62,29,4798,580,-12,-364,131
278630,-181,-556,4152,591,92,-440,131
278635,-148,-1342,2331,595,64,-374,131
278640,-364,-885,3062,383,-667,-125,131
278645,57,103,4485,-421,-646,120,131
278650,-99,-142,2207,-273,-139,225,131
278655,243,809,5755,68,-1022,251,131
278660,88,523,5046,122,-373,52,131
278665,138,479,5778,74,-196,-145,131
278670,76,68,4584,-299,350,-274,131
278675,-13,-254,4318,-417,517,-334,131
278680,322,-544,4244,-202,322,-303,131
278685,374,-65,4405,68,213,-241,131
278690,283,-275,4059,50,216,-225,131
278695,332,-539,3848,-272,225,-219,131
278700,45,-565,5179,-135,259,-219,131
278705,-121,-841,4052,-63,326,-171,131
278710,-105,25,4954,154,53,-54,131
278715,21,214,4062,352,424,-161,131
278720,-101,-90,2943,490,365,-311,131
278725,-190,-415,3045,679,93,-400,131
278730,-199,-336,4472,369,-119,-382,131
278735,-47,-587,3481,-186,259,-304,131
278740,70,-673,3892,-286,117,-104,132
278745,223,-40,6003,10,-261,69,132
278750,-15,542,4141,239,172,51,132
278755,94,-406,3448,365,93,-113,132
278760,220,-254,4209,-387,-112,1,132
278765,-72,421,5596,-352,18,40,132
278770,141,-238,3848,-387,162,-84,132
278775,173,118,3402,-14,-167,-143,132
278780,91,8,4335,52,-358,-177,132
278785,-203,-866,2616,-320,-89,-188,132
278790,-89,-948,3987,-46,-692,-53,132
278795,188,110,6993,40,-914,150,132
278800,-260,-197,3704,-109,71,123,132
278805,-148,-298,5360,-172,-168,7,132
278810,87,9,5870,-184,240,-27,132
278815,-38,-177,3988,-261,911,-88,132
278820,107,-270,5065,94,793,-197,132
278825,-47,-482,4592,385,1323,-204,132
278830,25,-1237,3433,593,1571,-148,132
278835,-106,-741,3836,764,1365,94,132
278840,-149,-280,3864,531,1585,272,132
278845,-23,1136,977,959,1744,169,132
278850,-9,710,2710,2422,402,-532,132
278855,1150,-2923,-726,2947,-286,-1028,132
278860,-175,-2434,509,1528,-2294,-313,132
278865,-142,483,5523,1900,-3863,231,132
278870,41,1705,15197,138,-4048,352,132
278875,-729,-403,4944,-2157,-275,248,132
278880,-528,-657,9225,-1833,-1193,487,132
278885,-75,1318,5892,-1101,-137,806,132
278890,975,3277,2235,-325,746,415,132
278895,438,412,1913,48,335,-354,132
278900,357,613,3133,-172,458,-547,132
278905,-109,-312,1068,-720,935,-701,132
278910,458,-885,1452,-801,209,-863,132
278915,541,-214,4801,-802,-482,-782,132
278920,547,-49,5699,-560,-575,-633,132
278925,268,-469,4828,-469,-292,-522,132
278930,-185,-1415,3586,-155,146,-357,132
278935,320,-1289,8161,375,-570,-45,132
278940,263,-999,6499,71,343,243,132
278945,-69,675,4765,95,749,353,132
278950,90,-85,4363,282,442,18,132
278955,145,174,3370,402,656,-154,132
278960,-262,630,2746,752,426,-327,132
278965,-369,541,3706,390,-160,-488,132
278970,-93,151,3283,-125,197,-600,132
278975,-214,-964,1327,-237,296,-595,132
278980,71,-662,4493,-252,-955,-266,132
278985,-43,-43,4419,-376,-778,40,132
278990,193,-156,4807,-16,-793,143,132
278995,526,-447,7656,-380,-884,216,132
279000,38,-256,3434,-12,421,231,132
279005,597,-691,7123,-156,-331,181,132
279010,74,-475,3433,-233,763,194,132
279015,206,-43,4223,192,268,157,132
279020,413,31,6181,125,38,73,132
279025,1,-198,1755,-21,975,-22,132
279030,223,-207,4281,350,5,-62,132
279035,50,-420,3613,437,205,-19,132
279040,-307,-740,3245,456,29,73,132
279045,22,-187,5321,747,-420,147,132
279050,-278,-118,5131,79,138,198,132
279055,-336,203,4409,-46,441,141,132
279060,-205,-318,4306,37,500,5,132
279065,112,-246,3198,101,484,57,132
279070,8,664,4076,393,47,58,133
279075,433,20,6201,-45,-66,-40,133
279080,230,-472,2077,-251,736,-81,133
279085,108,-96,5658,22,-258,-57,133
279090,-71,-493,3572,154,439,-138,133
279095,314,-266,5435,87,39,-132,133
279100,163,154,4872,-173,456,-158,133
279105,32,217,4555,-200,653,-256,133
279110,-20,-459,4067,-77,730,-404,133
279115,59,-816,2905,336,656,-351,133
279120,380,-470,5475,231,69,-116,133
279125,-157,-323,2801,-34,718,65,133
279130,62,-479,4447,-266,165,177,133
279135,345,257,4789,-256,-122,243,133
279140,89,420,3967,-422,-25,170,133
279145,284,496,4425,-227,-292,-28,133
279150,169,103,4888,-109,-318,-218,133
279155,-51,455,3379,-215,21,-286,133
279160,133,-528,5200,-445,-213,-425,133
279165,128,-516,3164,-232,256,-406,133
279170,183,-268,4908,12,-89,-385,133
279175,437,-265,5781,343,169,-452,133
279180,384,-924,4843,5,629,-384,133
279185,119,-27,4749,-242,834,-183,133
279190,-119,351,3335,-109,847,-211,133
279195,296,410,3721,8,448,-409,133
279200,332,777,5134,187,335,-633,133
279205,12,727,2609,-273,947,-874,133
279210,131,-184,4392,-493,599,-1138,133
279215,30,-598,3106,-585,645,-1213,133
279220,270,-791,6519,-852,313,-1181,133
279225,214,-2861,1438,-2095,792,-814,133
279230,1105,-3345,9145,-2151,-1051,64,133
279235,-443,1854,2607,431,1231,518,133
279240,392,-276,7889,-452,-254,468,133
279245,420,410,6617,1579,85,322,133
279250,-250,-374,1036,1958,927,201,133
279255,-536,134,-240,2195,193,194,133
279260,-705,-305,4227,799,-1004,-5,133
279265,494,-689,4918,-630,2,-104,133
279270,-215,-635,2540,54,1261,-80,133
279275,474,1064,4682,-274,-154,-91,133
279280,936,190,10293,381,-1777,-257,133
279285,-83,-1444,4827,-173,560,-251,133
279290,19,-671,2754,673,503,-66,133
279295,518,-702,7105,358,-971,92,133
279300,214,-222,4963,527,102,242,133
279305,-131,322,2429,415,270,203,133
279310,36,534,4218,323,-537,-6,133
279315,198,626,3826,-131,-82,-214,133
279320,-83,420,2596,-354,276,-441,133
279325,-59,121,3465,-106,-298,-624,133
279330,366,-606,5560,-38,-607,-655,133
279335,209,-206,5493,439,125,-494,133
279340,436,-305,5488,-329,304,-252,133
279345,272,-706,5634,-50,277,-107,133
279350,17,4,3887,-184,659,62,133
279355,65,2,3805,-98,399,43,133
279360,31,-63,4346,187,189,-115,133
279365,-97,-528,3692,335,353,-191,133
279370,-166,-253,3447,553,109,-260,133
279375,122,-390,5114,345,-172,-368,133
279380,114,-1112,3779,147,377,-309,133
279385,235,-1049,3516,1,12,-79,133
279390,183,-23,6547,305,-400,121,133
279395,42,-497,4647,92,413,212,134
279400,-22,-247,4610,465,335,352,134
279405,188,360,4487,596,410,373,134
279410,-128,106,2621,35,629,292,134
279415,88,168,4648,-354,-18,292,134
279420,-48,604,3753,-201,224,171,134
279425,-52,140,4235,-352,-55,19,134
279430,178,-50,5217,-159,-356,-50,134
279435,-40,-294,1907,114,-50,-116,134
279440,439,-523,5816,-77,-1114,-115,134
279445,-155,-1046,4483,-294,-415,-21,134
279450,-263,-76,3666,-114,-469,121,134
279455,-271,110,6142,100,-734,60,134
279460,-240,4,3636,450,119,-47,134
279465,-166,-162,3799,553,-117,-196,134
279470,170,-577,4185,-165,-260,-213,134
279475,253,-575,3991,-340,-111,-54,134
279480,68,-317,4510,-125,-419,72,134
279485,221,-145,5294,-51,-567,182,134
279490,22,151,5743,122,-274,236,134
279495,193,64,5529,43,147,190,134
279500,95,-136,5322,14,300,113,134
279505,97,-454,5244,-161,270,78,134
279510,72,204,3156,-45,307,51,134
279515,254,-256,4485,-211,-211,-15,134
279520,-54,-217,4089,138,-88,42,134
279525,147,-55,4112,-133,-292,60,134
279530,209,-995,3675,-464,-296,155,134
279535,-85,-252,4135,-292,-633,398,134
279540,-135,475,3989,-228,-824,394,134
279545,-79,281,5799,-373,-970,251,134
279550,-252,110,4462,-408,-287,128,134
279555,5,158,3708,-324,-209,-43,134
279560,249,-761,4927,-177,-435,-178,134
279565,155,-421,3434,-134,-139,-108,134
279570,207,-535,4014,-155,-531,-56,134
279575,112,-546,3966,-266,-505,54,134
279580,-35,-527,3706,0,-460,170,134
279585,194,109,7194,31,-697,221,134
279590,255,-627,5964,-29,472,162,134
279595,138,-943,4383,-67,914,248,134
279600,41,-133,3761,-84,905,438,134
279605,52,176,4557,-361,876,514,134
279610,-254,-76,-357,-432,1264,557,134
279615,504,1586,4389,482,-755,568,134
279620,-63,-733,1197,789,-983,-175,134
279625,-236,-409,4556,288,-2381,-273,134
279630,-936,-982,2771,253,-2346,-268,134
279635,-975,-692,2284,438,-2626,-314,134
279640,-756,318,3734,809,-3518,-337,134
279645,642,-339,7162,1249,-3459,-381,134
279650,370,-279,3270,2034,-2260,-506,134
279655,481,-1595,4897,2210,-3256,-383,134
279660,2097,-21,13653,0,-3448,108,134
279665,1267,-1461,3725,-756,-209,375,134
279670,674,1745,8111,-289,-1368,938,134
279675,764,282,7467,260,-316,552,134
279680,14,732,2339,742,744,295,134
279685,34,1550,2585,498,125,177,134
279690,170,774,4074,379,40,-190,134
279695,90,-94,2643,475,661,-512,134
279700,155,-48,2513,830,686,-643,134
279705,209,-371,4449,1062,365,-714,134
279710,-78,-161,3201,511,1010,-704,134
279715,351,-1324,3701,192,603,-642,134
279720,723,-588,7216,367,-204,-336,134
279725,270,-381,2484,320,367,-2,134
279730,-277,-203,5301,845,-617,107,134
279735,49,-52,7634,558,-431,193,134
279740,-52,-612,2759,86,589,201,134
279745,-151,-492,4236,-25,-439,299,134
279750,-261,608,4248,5,-384,276,134
279755,-193,299,1993,298,58,-33,135
279760,190,38,4549,105,-469,-201,135
279765,63,-67,2896,297,-84,-237,135
279770,471,-307,6108,100,-617,-235,135
279775,152,-507,3051,285,-108,-175,135
279780,19,-392,4355,299,-583,-19,135
279785,76,55,6622,64,-504,133,135
279790,159,-43,4239,-96,154,179,135
279795,73,496,4652,210,-21,90,135
279800,200,210,4234,454,95,-152,135
279805,379,-676,3151,228,205,-324,135
279810,119,-696,2722,350,8,-256,135
279815,168,200,5539,272,-483,-104,135
279820,187,-894,3373,-176,54,-131,135
279825,343,-893,5274,-348,-411,76,135
279830,-110,198,3824,201,-185,283,135
279835,26,123,4700,110,-485,246,135
279840,-11,296,6648,-278,-452,240,135
279845,-291,497,1840,-400,286,168,135
279850,26,548,5375,64,-673,-36,135
279855,43,467,2957,152,85,-270,135
279860,-74,294,4104,525,-136,-461,135
279865,317,26,5668,343,-328,-580,135
279870,218,-729,3373,-436,339,-645,135
279875,221,-871,5442,229,-229,-553,135
279880,419,205,5321,-45,-291,-260,135
279885,-131,-334,2721,76,148,-192,135
279890,437,254,5619,-53,-681,-110,135
279895,115,681,4224,-172,-37,-162,135
279900,-112,-97,2344,-142,11,-359,135
279905,266,117,4785,-239,-652,-410,135
279910,-263,-433,2382,-70,-176,-472,135
279915,95,285,6222,126,-823,-423,135
279920,296,12,5487,-224,36,-461,135
279925,5,-637,2575,-191,475,-429,135
279930,569,-472,6162,-148,-445,-288,135
279935,-96,-721,2355,6,469,-189,135
279940,331,-911,4629,-207,-210,11,135
279945,354,138,5360,-384,-187,220,135
279950,46,225,2799,-496,466,205,135
279955,151,21,4971,-58,-261,70,135
279960,252,257,5045,316,-151,-81,135
279965,-170,224,3216,515,216,-210,135
279970,335,-373,5840,52,-210,-355,135
279975,69,-847,5235,17,349,-328,135
279980,-17,-577,4359,-135,579,-125,135
279985,-31,-386,4056,-146,738,1,135
279990,-79,-432,3735,-60,1048,88,135
279995,26,42,4996,2,1135,158,135
280000,30,484,1356,51,1844,110,135
280005,146,3315,4954,1310,763,-378,135
280010,703,365,4126,-1309,764,-1023,135
280015,926,-925,5706,-2593,548,-1116,135
280020,420,-253,5039,-1727,-225,-1010,135
280025,411,-153,6603,-2097,-1185,-700,135
280030,-607,-873,3858,-2306,-112,-548,135
280035,-314,-300,6627,226,-103,-566,135
280040,63,762,5231,47,528,-564,135
280045,201,544,4471,142,543,-693,135
280050,276,-856,1428,473,1063,-877,135
280055,246,531,2236,987,636,-928,135
280060,134,-1560,2795,1108,567,-1109,135
280065,93,-1141,5240,365,412,-877,135
280070,-218,-2038,1926,-519,798,-608,135
280075,183,-296,4642,-522,7,-185,135
280080,340,-88,7000,-303,19,-29,136
280085,139,126,5509,-107,650,46,136
280090,28,-30,3878,367,677,5,136
280095,60,-597,3656,638,365,-25,136
280100,187,-45,3328,181,24,57,136
280105,-26,304,3535,341,-259,-67,136
280110,-285,281,2022,105,-140,-249,136
280115,-263,-494,4067,-103,-659,-430,136
280120,79,-437,4679,148,-563,-444,136
280125,609,-434,5200,-220,-379,-259,136
280130,306,-197,5624,499,-192,-140,136
280135,443,-119,7070,415,-169,-27,136
280140,728,-1085,6138,261,539,13,136
280145,437,-1136,5344,323,915,263,136
280150,209,-338,2968,624,1027,530,136
280155,227,9,3355,627,762,609,136
280160,76,272,2671,188,571,480,136
280165,-19,189,867,-312,339,332,136
280170,158,729,1671,-1147,-431,274,136
280175,-143,1219,3276,-1453,-1007,139,136
280180,-417,420,4317,-145,-1232,-232,136
280185,59,1906,6483,-144,-1344,-389,136
280190,644,167,7357,-1321,-960,-709,136
280195,-275,-1241,4322,-465,-163,-816,136
280200,306,-751,6646,-85,-895,-583,136
280205,381,-827,4965,138,255,-377,136
280210,335,-686,3778,-22,502,-188,136
280215,266,-1409,3399,118,327,-150,136
280220,559,-398,3486,121,-27,25,136
280225,315,52,3657,397,-201,47,136
280230,83,-86,3311,507,-147,-34,136
280235,434,-195,5682,535,-404,-144,136
280240,179,-648,3008,197,167,-136,136
280245,375,-333,5275,287,-363,-18,136
280250,252,715,5155,69,-145,68,136
280255,160,749,4864,452,97,-93,136
280260,604,474,6046,250,84,-295,136
280265,80,-566,3025,248,722,-431,136
280270,37,-275,3359,228,141,-329,136
280275,-36,-62,3584,107,136,-246,136
280280,90,-791,3056,91,152,-201,136
280285,282,-406,3950,256,-234,-87,136
280290,429,-472,5831,-165,-238,-16,136
280295,151,-1131,4267,202,237,71,136
280300,181,-625,5160,-70,40,295,136
280305,24,-214,4066,151,384,381,136
280310,389,888,6069,427,-31,320,136
280315,231,10,4663,522,669,77,136
280320,-7,-5,4495,780,885,-168,136
280325,77,-724,3758,634,1072,-270,136
280330,-146,-868,2273,607,1118,-164,136
280335,-66,-924,2134,716,662,-20,136
280340,809,-2679,3087,269,-180,342,136
280345,995,-1003,4472,-122,-708,1305,136
280350,-24,819,5339,-305,-937,2026,136
280355,-277,839,5073,122,-844,1973,137
280360,507,385,3962,673,-1063,1730,137
280365,1158,707,5651,1971,-1745,1225,137
280370,83,409,5663,1264,-1348,592,137
280375,1335,-1084,11336,-688,-1241,446,137
280380,-91,432,-322,-991,855,549,137
280385,641,1167,8782,-863,-1140,330,137
280390,885,773,7469,-895,774,14,137
280395,230,1134,6050,-814,1683,-340,137
280400,202,558,4131,-998,2143,-583,137
280405,377,337,2991,-634,2429,-804,137
280410,50,23,1742,-217,2330,-968,137
280415,369,-1074,3876,-264,1390,-812,137
280420,65,-289,2230,-430,1483,-361,137
280425,-40,-326,2221,-514,910,-190,137
280430,247,-643,4043,40,379,-162,137
280435,-5,-523,3302,171,255,-65,137
280440,111,-202,4504,127,-148,28,137
280445,21,153,5134,0,52,-28,137
280450,10,182,5033,-152,302,-209,137
280455,320,-418,6436,185,190,-419,137
280460,9,-255,4396,249,799,-463,137
280465,-54,-572,2410,366,887,-495,137
280470,407,-173,3522,176,70,-414,137
280475,396,20,3669,-69,-166,-338,137
280480,384,346,4748,-238,-327,-214,137
280485,6,531,4251,179,-440,-357,137
280490,23,-68,5561,786,-607,-677,137
280495,226,-927,4278,1086,-130,-794,137
280500,610,-2164,7527,456,-557,-547,137
280505,224,-1542,3857,600,563,-89,137
280510,85,-344,4910,479,637,233,137
280515,297,-718,5499,345,756,346,137
280520,-16,439,2877,197,1487,522,137
280525,-145,372,2558,138,1301,450,137
280530,149,811,3249,-301,1067,520,137
280535,-28,-287,1465,-1368,1322,592,137
280540,-5,609,3485,-1690,417,495,137
280545,-31,1475,4656,-1050,-150,257,137
280550,204,953,6202,-1022,-325,-22,137
280555,266,1222,4912,-595,158,-323,137
280560,81,-696,4727,136,-386,-759,137
280565,238,-582,6077,134,-566,-748,137
280570,-185,-1318,2997,-210,369,-718,137
280575,143,-1793,4472,-184,78,-521,137
280580,88,-544,3878,-68,189,-238,137
280585,71,-840,4143,-165,160,-172,137
280590,252,-437,3476,306,278,-19,137
280595,245,264,6138,316,-180,127,137
280600,99,144,4009,342,715,64,137
280605,268,221,4973,435,233,-47,137
280610,341,315,5627,528,20,-227,137
280615,143,-286,3847,390,292,-338,137
280620,-58,-245,2490,473,89,-376,137
280625,-48,-60,4166,-23,-576,-391,137
280630,-204,-400,4610,-54,-328,-413,137
280635,-179,-173,5529,46,-197,-354,137
280640,-170,97,3970,598,139,-388,137
280645,269,-173,3804,463,-17,-423,137
280650,235,-88,3529,-157,32,-283,137
280655,149,-35,3490,-321,24,-179,137
280660,200,418,4921,-724,-273,-145,137
280665,143,-70,5201,-464,-192,-187,137
280670,-45,479,3274,-111,161,-245,137
280675,198,221,4310,54,-214,-427,137
280680,141,-618,4998,184,-207,-554,137
280685,7,-835,4181,-27,228,-468,137
280690,58,-757,3870,-141,227,-336,137
280695,187,-887,5439,-81,-100,-266,137
280700,83,-497,5193,106,384,-124,137
280705,-70,-141,3630,358,709,-93,137
280710,182,-518,3487,531,379,-179,138
280715,61,-127,5003,536,115,-178,138
280720,-287,55,2916,60,576,-159,138
280725,-21,-264,4853,137,186,-219,138
280730,-428,454,5493,238,437,-208,138
280735,-436,255,4512,228,943,-307,138
280740,-68,-165,3833,351,1009,-356,138
280745,15,280,3771,199,886,-329,138
280750,32,330,3587,-52,1022,-381,138
280755,28,123,3645,-165,990,-518,138
280760,-49,467,3701,-46,852,-667,138
280765,-33,-327,-293,-285,434,-869,138
280770,375,-1985,1495,-1464,-1670,-684,138
280775,-203,-342,7971,-1083,-3089,25,138
280780,-781,586,4769,-721,-1820,372,138
280785,-1079,558,4898,-1333,-2038,351,138
280790,-301,-43,6333,-1177,-2419,242,138
280795,95,132,4668,425,-1456,159,138
280800,399,130,3426,752,-906,79,138
280805,1365,-1602,6531,-20,-1684,40,138
280810,852,-383,7877,89,-884,-71,138
280815,319,-1272,4092,-19,456,-139,138
280820,19,-363,3485,71,400,104,138
280825,783,-984,6641,62,314,226,138
280830,167,-8,3358,210,1212,466,138
280835,211,-266,2963,670,980,446,138
280840,48,-256,3092,928,702,425,138
280845,-681,861,3052,728,390,458,138
280850,-244,-160,4354,-42,-114,343,138
280855,-497,115,3119,-58,-73,304,138
280860,-266,488,4280,27,-721,169,138
280865,-9,209,6146,-575,-784,38,138
280870,-347,-81,2956,-428,-1,-2,138
280875,-31,-401,3180,-174,-641,-1,138
280880,240,-247,4700,402,-1285,26,138
280885,6,-690,3848,390,-1106,18,138
280890,222,117,5338,-35,-1173,102,138
280895,-57,73,3149,-344,-540,-138,138
280900,342,167,5416,35,-1122,-372,138
280905,11,352,4975,25,-588,-541,138
280910,-122,-250,4118,28,-287,-641,138
280915,55,-362,5511,320,-427,-606,138
280920,78,-397,4501,-75,280,-474,138
280925,181,-846,5342,-211,482,-260,138
280930,168,-1049,3462,-89,728,22,138
280935,359,-548,2946,-71,405,328,138
280940,183,399,5283,346,78,537,138
280945,146,445,4756,-106,340,518,138
280950,-200,493,4523,-48,282,301,138
280955,-182,406,3760,189,173,-7,138
280960,-101,-245,2844,139,110,-303,138
280965,-109,-856,4606,426,-360,-447,138
280970,-39,-840,3023,377,-278,-303,138
280975,51,-753,4052,-36,-569,-98,138
280980,-95,-722,3885,44,-398,61,138
280985,85,-779,3837,-22,-490,245,138
280990,146,355,4760,370,-793,374,138
280995,225,1244,6467,516,-798,257,138
281000,-125,433,4742,259,137,-93,138
281005,92,-49,5511,398,278,-324,138
281010,-119,-382,3481,327,785,-380,138
281015,45,-851,2676,-61,552,-243,138
281020,33,-262,3028,91,107,-42,138
281025,126,304,3875,321,-148,45,138
281030,160,578,5264,-223,-201,19,138
281035,103,388,4539,-283,321,-134,138
281040,105,-758,5561,-56,105,-290,138
281045,-241,-220,3308,244,239,-231,138
281050,-204,123,6266,437,-251,-218,138
281055,-69,-1001,3836,-151,477,-259,138
281060,27,-476,2947,193,326,-121,138
281065,64,-1141,4968,248,-19,-35,139
281070,-116,-872,2322,319,413,147,139
281075,-58,249,6393,299,-496,344,139
281080,-202,385,3828,-171,440,294,139
281085,42,700,5062,107,247,97,139
281090,323,21,5418,523,383,-189,139
281095,45,-872,3142,504,767,-258,139
281100,118,-596,5080,-33,339,-33,139
281105,165,-305,5184,-572,630,248,139
281110,26,-560,3574,-961,812,449,139
281115,214,-103,5361,-754,519,640,139
281120,-79,538,2823,-332,1107,703,139
281125,11,-242,4187,62,613,598,139
281130,-320,1030,1440,588,467,520,139
281135,185,452,2403,74,-527,115,139
281140,139,518,2138,64,-1165,-385,139
281145,-147,-726,1102,430,-2048,-845,139
281150,279,417,10807,466,-3643,-1015,139
281155,1215,-705,8084,-1233,-1016,-1007,139
281160,90,-2664,11275,-602,315,-758,139
281165,1446,-468,8801,979,738,-186,139
281170,618,209,9117,1380,1838,-148,139
281175,-593,1073,994,1220,4050,-35,139
281180,-229,-626,-2435,1585,3183,-222,139
281185,-726,-595,-2238,2288,1830,-271,139
281190,244,-62,827,1395,761,-94,139
281195,650,484,2519,108,599,49,139
281200,300,921,3418,-1494,1289,-9,139
281205,-1265,-456,1111,-1012,1650,-294,139
281210,234,-24,5882,-18,-992,-380,139
281215,-116,795,7195,254,-624,-347,139
281220,297,-548,7608,-377,685,-402,139
281225,228,-1359,5732,114,1291,-201,139
281230,3,-733,3709,99,714,151,139
281235,89,-1040,3610,-335,261,409,139
281240,-202,-990,2325,-92,588,620,139
281245,-290,808,2192,-83,264,801,139
281250,118,518,5108,-994,-202,653,139
281255,-219,107,2866,-956,744,488,139
281260,145,-17,4086,-297,269,374,139
281265,91,130,5562,5,-155,198,139
281270,-125,719,5340,579,23,-59,139
281275,528,9,6881,373,-185,-367,139
281280,-232,339,3324,448,676,-522,139
281285,-89,-653,2740,415,53,-701,139
281290,-2,-1424,3410,-68,-491,-659,139
281295,-34,-246,4596,288,-642,-377,139
281300,35,275,3994,396,-100,-286,139
281305,0,280,2222,-243,-24,-344,139
281310,71,198,4931,-528,-767,-390,139
281315,22,-152,5770,-227,-145,-434,139
281320,-120,-67,5583,-27,216,-382,139
281325,149,818,5936,629,362,-426,139
281330,71,90,3330,147,1120,-529,139
281335,187,-530,5095,-12,734,-532,139
281340,-36,-1384,2468,-122,969,-388,139
281345,-92,-626,2830,311,279,-169,139
281350,379,-697,4786,415,-198,-115,139
281355,-130,-360,3549,294,158,-35,139
281360,-325,250,3373,-520,-139,39,139
281365,-322,8,5484,-227,-438,-72,140
281370,-335,-251,4646,166,44,-144,140
281375,-140,-781,3749,338,100,-92,140
281380,6,-907,4427,154,-85,142,140
281385,-139,-379,2458,-244,139,472,140
281390,256,-118,4764,-629,-544,671,140
281395,59,546,4703,-756,-243,745,140
281400,-89,641,3796,-214,-97,551,140
281405,15,217,4798,-307,-362,316,140
281410,-305,811,3643,268,-62,104,140
281415,227,-296,5299,-35,-411,-245,140
281420,122,-1038,3896,-417,94,-341,140
281425,-30,-635,4750,91,-153,-261,140
281430,83,-176,4521,225,-281,-168,140
281435,218,-194,5043,144,-135,-157,140
281440,153,-8,4451,-130,105,-102,140
281445,-27,-538,3171,-385,276,-104,140
281450,3,268,5121,64,-383,-66,140
281455,128,231,5040,325,-20,-173,140
281460,113,-48,4657,-105,430,-184,140
281465,-19,-177,4964,-200,361,-145,140
281470,91,-398,4137,-233,437,-104,140
281475,155,-225,4162,-23,404,-8,140
281480,-22,110,3340,162,631,-2,140
281485,-65,-235,4486,74,512,-10,140
281490,-193,-197,4442,337,519,13,140
281495,-147,-862,-299,252,660,19,140
281500,989,-571,-339,-150,-1098,76,140
281505,539,773,1639,5,-3024,99,140
281510,-379,1862,7137,-511,-4256,-40,140
281515,-753,-422,3068,-62,-3592,-489,140
281520,-709,-901,4838,570,-4459,-624,140
281525,-731,-998,3251,794,-4017,-527,140
281530,-389,786,7360,39,-4199,-285,140
281535,417,-822,5131,-2889,-2239,-250,140
281540,1399,236,2677,-1879,-1134,-91,140
281545,1082,1982,6775,-2332,-2389,105,140
281550,979,-97,7786,-2566,-2079,-390,140
281555,2048,804,12940,-521,-1325,-600,140
281560,932,-330,2835,485,989,-1153,140
281565,1891,-1050,12774,149,-590,-1327,140
281570,-19,-1022,1591,666,2525,-1018,140
281575,1309,-2412,6249,841,1075,-747,140
281580,403,-874,5618,1447,1416,-197,140
281585,221,-1106,-318,1294,2338,38,140
281590,-264,-497,2149,1199,948,172,140
281595,-562,664,2153,1120,649,189,140
281600,590,656,4839,265,423,13,140
281605,454,-639,2059,63,1036,-138,140
281610,-373,691,2212,347,257,-87,140
281615,104,806,5820,468,-591,-282,140
281620,-138,-40,6184,189,61,-392,140
281625,-301,-793,4133,306,391,-322,140
281630,127,-456,5145,488,-87,-93,140
281635,313,-1102,3494,260,293,86,140
281640,269,-924,2685,139,7,244,140
281645,268,-416,4363,331,-596,348,140
281650,152,195,3992,313,-408,358,140
281655,135,238,4432,327,-235,314,140
281660,253,401,5867,120,19,222,140
281665,239,34,4204,-34,683,82,140
281670,357,333,5590,208,591,-62,140
281675,553,-27,4904,156,889,-165,140
281680,632,-669,3894,213,733,-115,140
281685,374,185,4397,317,442,51,140
281690,-137,682,5738,224,396,10,140
281695,-7,-319,3489,-144,786,-194,141
281700,101,-413,4972,56,499,-230,141
281705,-165,-278,4906,247,738,-238,141
281710,44,-1030,2892,194,840,-285,141
281715,139,-1218,4328,210,260,-117,141
281720,-170,53,4379,498,350,162,141
281725,-180,176,4853,619,311,189,141
281730,129,151,4378,-7,612,154,141
281735,-110,789,4583,94,837,104,141
281740,-142,255,3791,428,827,-163,141
281745,444,-801,3692,316,549,-280,141
281750,152,-451,4884,236,351,-65,141
281755,-149,-482,4157,-184,519,130,141
281760,189,-41,6376,-94,181,202,141
281765,-184,-274,4641,-54,735,213,141
281770,-253,-324,4464,-90,789,254,141
281775,-68,-100,3545,21,805,280,141
281780,-140,-216,3605,122,563,270,141
281785,-146,413,4965,-85,323,262,141
281790,183,177,4718,-334,376,166,141
281795,77,-230,3913,-301,464,78,141
281800,-12,-128,4622,0,279,33,141
281805,184,-65,4831,260,183,-30,141
281810,54,-619,4729,189,327,-53,141
281815,-190,-53,4292,203,452,45,141
281820,78,474,5432,22,388,16,141
281825,-181,408,4183,-135,988,-169,141
281830,-133,-229,3347,-129,834,-377,141
281835,333,-268,4063,87,287,-368,141
281840,-113,-311,4096,-96,342,-260,141
281845,56,-234,5065,-367,218,-93,141
281850,-28,-276,5366,-202,335,-3,141
281855,-9,-409,3509,-173,521,57,141
281860,-206,359,3163,-187,261,123,141
281865,-141,396,4421,-148,-39,-42,141
281870,-273,426,3370,-266,138,-199,141
281875,-121,215,5798,-435,-17,-346,141
281880,-75,-1,4386,-344,604,-476,141
281885,-90,-218,4167,-139,516,-581,141
281890,-41,-450,4290,-127,671,-594,141
281895,-67,-606,4122,133,945,-552,141
281900,83,-550,4100,556,763,-507,141
281905,297,-805,6348,556,606,-432,141
281910,75,-1050,4274,414,1532,-236,141
281915,-64,-802,5841,409,1439,-31,141
281920,-434,-493,4448,434,2019,79,141
281925,13,570,10432,-17,2112,196,141
281930,1288,-1223,648,-2758,3833,385,141
281935,128,361,8650,-3362,2286,1153,141
281940,294,1918,5070,-3138,3640,1478,141
281945,612,4915,2973,-1633,2849,657,141
281950,1028,3158,3861,-723,1637,-638,141
281955,-341,1396,-53,-356,1882,-1738,141
281960,-2137,-1656,-1453,54,397,-2642,141
281965,-416,-1269,1902,606,-2221,-2735,141
281970,606,-2286,4841,-671,-3005,-2342,141
281975,170,-1282,2817,-567,-2007,-1747,141
281980,-790,-2355,5660,-1602,-1728,-1182,141
281985,-356,-704,4080,-1345,-441,-680,141
281990,-75,43,5528,-330,-716,-471,141
281995,-110,-235,5524,-157,-549,-523,141
282000,-57,-1075,4220,8,435,-611,141
282005,-5,-577,4776,330,305,-547,141
282010,-10,-419,4453,354,81,-484,141
282015,323,-136,5977,331,28,-482,141
282020,206,-1035,4041,152,563,-449,141
282025,227,-710,3347,123,186,-244,141
282030,70,104,4711,9,-199,-131,141
282035,-6,-789,3655,36,62,-198,141
282040,-276,216,4361,204,-73,-135,141
282045,-200,349,5564,220,-108,-231,141
282050,-311,137,4096,-40,342,-384,142
282055,-184,29,3585,-131,270,-489,142
282060,-52,-689,4202,-208,-93,-498,142
282065,44,-753,4378,62,-91,-342,142
282070,-200,-525,3649,227,-53,-121,142
282075,-277,-1021,5377,-132,-389,71,142
282080,-410,-1228,3754,-218,73,330,142
282085,-478,-304,3603,-177,-221,578,142
282090,-245,312,3536,-625,-288,581,142
282095,-326,1176,3567,-553,-436,358,142
282100,-192,777,4953,33,-634,-60,142
282105,-176,358,3668,225,-64,-338,142
282110,43,-199,4655,84,-359,-500,142
282115,93,-231,4163,-77,-261,-572,142
282120,74,-507,4066,-282,-238,-593,142
282125,-307,-814,3814,-438,-273,-509,142
282130,-32,-460,5545,-29,-609,-396,142
282135,-470,-704,4932,-66,17,-318,142
282140,-186,-369,4884,-286,99,-142,142
282145,-377,-93,4285,-110,360,-154,142
282150,-371,506,1081,116,348,-279,142
282155,361,-52,5941,-241,-853,-474,142
282160,124,-256,6465,126,-259,-569,142
282165,-331,-202,2067,-189,305,-528,142
282170,-39,-882,3974,-204,-1018,-466,142
282175,-88,-762,5953,-636,-1100,-185,142
282180,-487,285,3206,-125,-350,110,142
282185,-320,78,5221,-50,-813,71,142
282190,-121,80,5643,7,-275,-18,142
282195,-195,31,2887,-423,365,-131,142
282200,-73,-469,3087,-364,-171,-238,142
282205,91,-566,2991,-714,-433,-221,142
282210,-35,80,2603,-799,-712,-148,142
282215,82,-177,5249,-876,-1149,-186,142
282220,14,25,5072,-474,-678,-214,142
282225,-141,-111,5418,-325,-586,-332,142
282230,-76,-155,6406,-152,-499,-472,142
282235,-122,-703,3715,-332,52,-515,142
282240,-166,-255,4638,-74,-306,-498,142
282245,144,-372,5151,-75,-183,-570,142
282250,-75,-890,2701,-340,343,-503,142
282255,245,-794,4415,74,-245,-356,142
282260,189,-575,3430,211,-156,-227,142
282265,7,-156,3278,264,-481,-113,142
282270,118,89,7345,-158,-758,-108,142
282275,-219,29,4220,-412,481,-109,142
282280,-165,339,5503,-450,119,-194,142
282285,60,-163,4159,-307,207,-362,142
282290,-59,-335,1777,-285,302,-378,142
282295,-24,-189,4013,277,-447,-389,142
282300,73,-123,5423,326,-241,-414,142
282305,-72,-1042,2580,55,337,-428,142
282310,384,-1779,1811,-589,-889,-322,142
282315,218,-2240,6352,-1548,-2546,309,142
282320,-547,608,4216,-503,-1377,927,142
282325,-589,848,6171,-1040,-1701,988,142
282330,-309,289,4928,-463,-1439,726,142
282335,-87,-213,3905,-313,-1059,573,142
282340,-92,-735,3379,-290,-881,558,142
282345,-155,-657,2313,-180,-850,545,142
282350,470,-67,4501,-235,-1307,552,142
282355,569,245,3283,-609,-798,347,142
282360,128,4,6414,-1172,-1023,-15,142
282365,-122,-148,3822,-1261,-223,-162,142
282370,249,-77,6037,-1036,-559,-239,142
282375,351,249,6204,-717,-371,-282,142
282380,489,639,6723,140,-219,-518,142
282385,321,-1556,7563,350,277,-776,142
282390,578,-1912,7076,815,787,-683,142
282395,138,-1996,6069,692,1174,-499,142
282400,127,-434,4054,586,1435,-171,142
282405,610,-778,4544,-301,1391,-84,143
282410,315,255,2239,793,1539,-50,143
282415,-25,990,3660,511,670,-163,143
282420,-176,272,1855,-1105,943,-329,143
282425,-548,320,2978,-647,787,-396,143
282430,-413,-25,4313,133,404,-510,143
282435,88,39,2877,121,286,-562,143
282440,-412,-54,4892,147,-446,-584,143
282445,-345,-1104,4156,-111,-206,-576,143
282450,-556,-1262,2847,165,73,-529,143
282455,328,-1340,6862,86,-1079,-424,143
282460,-48,-790,5245,2,-134,-268,143
282465,-179,-416,5385,-686,-125,-132,143
282470,30,-444,3525,-229,307,-158,143
282475,494,-719,4990,-223,-65,-123,143
282480,-12,-262,4414,-156,239,-8,143
282485,130,-620,3358,82,152,19,143
282490,386,302,5168,-73,-68,76,143
282495,59,55,4607,-323,414,56,143
282500,-136,436,5034,-719,524,-13,143
282505,-392,551,3727,-505,878,-209,143
282510,67,117,3490,-175,433,-490,143
282515,134,-371,4259,181,78,-683,143
282520,118,-685,5940,-410,97,-639,143
282525,-77,-1697,3439,-237,582,-511,143
282530,-167,-1433,3775,-473,-2,-207,143
282535,-339,122,3261,-628,-18,62,143
282540,29,-499,5915,-753,-325,-69,143
282545,87,-129,3636,-767,356,-75,143
282550,-113,593,4315,-649,115,-147,143
282555,48,377,4870,-369,20,-471,143
282560,-34,394,3334,-303,325,-690,143
282565,97,-544,3066,222,48,-913,143
282570,380,-584,6044,328,-420,-912,143
282575,230,-572,3451,-543,331,-741,143
282580,-119,-940,4049,-546,80,-623,143
282585,-390,-352,4880,-423,-85,-488,143
282590,-26,-716,4484,-619,197,-438,143
282595,320,-309,6069,-365,16,-285,143
282600,-108,-206,3733,-144,514,-229,143
282605,233,-211,5463,-232,254,-232,143
282610,-27,-867,2558,-322,611,-253,143
282615,67,-938,4091,-559,-222,-156,143
282620,-118,-597,6086,-430,-132,-17,143
282625,-113,-203,4120,-802,490,87,143
282630,100,289,5220,-341,279,-11,143
282635,-131,-465,2674,-277,688,-242,143
282640,209,-508,3872,13,-130,-317,143
282645,178,-1115,3735,-96,-302,-295,143
282650,-126,-616,4107,198,-480,-211,143
282655,-253,-173,3422,21,-652,-234,143
282660,-272,-780,5775,59,-866,-370,143
282665,-300,-296,3935,-128,-322,-255,143
282670,-509,-322,2916,-55,-494,-304,143
282675,-75,-318,4672,555,-1002,-449,143
282680,-113,-446,2014,945,-463,-483,143
282685,-292,-548,2898,1209,-1126,-478,143
282690,-39,-953,3285,1373,-1273,-465,143
282695,-157,-1605,2811,1719,-1332,-329,143
282700,-286,-2283,3641,2121,-1627,-34,143
282705,13,-1251,6007,2031,-1789,332,143
282710,-363,-1630,3078,2289,-1554,613,143
282715,833,460,19009,262,-2594,955,143
282720,662,-1005,-819,-2434,2993,1167,143
282725,688,3469,10633,-3013,282,1704,143
282730,1255,1515,10044,-3567,1258,1336,144
282735,1244,1204,1824,-1823,2120,629,144
282740,43,2834,1032,-632,1559,-63,144
282745,982,-412,2611,-387,1330,-914,144
282750,107,-796,5874,189,912,-1456,144
282755,-272,641,4728,1350,1405,-1685,144
282760,-159,-3239,4714,1992,1284,-1728,144
282765,-34,-3531,6056,607,1529,-997,144
282770,315,-2624,-336,28,2855,-167,144
282775,-802,-517,1245,705,1596,400,144
282780,-154,703,5703,429,754,434,144
282785,345,182,2494,-94,1688,328,144
282790,-503,231,2450,2,1409,77,144
282795,-177,213,5497,213,411,-278,144
282800,284,-381,5953,99,314,-434,144
282805,213,-943,3616,-38,728,-366,144
282810,-112,-199,4032,-83,260,-152,144
282815,-22,-879,2382,-601,77,-34,144
282820,-5,-823,4282,-538,-726,183,144
282825,-387,-154,4602,-604,-668,353,144
282830,-381,299,3626,-547,-501,288,144
282835,-142,18,6236,-1107,-642,109,144
282840,-126,-840,4366,-1004,258,27,144
282845,-47,-516,2982,-686,316,4,144
282850,332,-1043,4670,-858,-138,50,144
282855,123,127,4563,-678,165,220,144
282860,162,-470,4114,-655,23,190,144
282865,202,-125,5063,-640,-274,176,144
282870,21,309,5337,-534,100,31,144
282875,-178,-772,4431,-245,316,-222,144
282880,-80,-795,4705,-279,294,-281,144
282885,-237,100,3710,-169,485,-245,144
282890,-337,-216,4597,-740,364,-309,144
282895,170,-245,3669,-363,507,-414,144
282900,203,-673,3465,-118,269,-456,144
282905,136,-1658,5020,-307,-17,-228,144
282910,-113,-332,2582,-257,313,107,144
282915,-62,-61,5559,-163,-338,151,144
282920,93,-27,4547,-751,154,154,144
282925,38,-58,6452,-510,226,36,144
282930,-235,-258,4047,-364,640,-141,144
282935,-213,-898,2455,-317,508,-273,144
282940,-41,-826,3420,-44,51,-253,144
282945,63,-1181,5437,-140,-158,-101,144
282950,78,-976,3206,-385,187,70,144
282955,-193,-252,5282,73,-269,145,144
282960,288,-1024,4819,-64,-27,80,144
282965,-31,-186,3843,-70,153,89,144
282970,-130,1,5985,22,-261,-39,144
282975,-417,-70,2578,256,381,-222,144
282980,138,106,5469,535,-332,-361,144
282985,38,-335,4583,447,156,-480,144
282990,-78,-1335,3271,486,340,-481,144
282995,40,-1466,4198,308,-127,-257,144
283000,-182,-473,4461,269,-127,92,144
283005,-326,-110,4615,307,-21,256,144
283010,-249,342,4951,167,79,187,144
283015,-148,139,5326,107,388,23,144
283020,-304,-505,4995,274,893,-168,144
283025,60,-871,3907,505,716,-304,144
283030,119,-825,4101,341,423,-262,145
283035,-213,-271,3759,366,588,-197,145
283040,86,-600,6336,187,272,-183,145
283045,96,-605,6016,169,848,-145,145
283050,-398,-329,3333,626,1109,-164,145
283055,-389,166,4600,700,876,-304,145
283060,-361,-878,4165,984,1367,-605,145
283065,234,162,6767,1151,1384,-850,145
283070,-240,-590,4130,995,2450,-968,145
283075,-113,-577,3543,793,2596,-979,145
283080,240,-1735,3527,1556,2507,-1003,145
283085,1082,-4976,1749,1180,1222,-360,145
283090,1134,-1810,5726,283,-532,1325,145
283095,-810,2540,6849,1162,-466,2068,145
283100,-444,1407,5079,729,-788,1602,145
283105,-206,802,1306,1261,-979,845,145
283110,277,1271,4271,1222,-2558,230,145
283115,-372,-1867,3710,681,-2313,-263,145
283120,-2,-1070,2,613,-1952,-118,145
283125,-250,-1430,2804,593,-2824,143,145
283130,51,-350,3779,1017,-2954,304,145
283135,-250,-1134,2338,1496,-2699,212,145
283140,-177,-1007,6816,1594,-3222,239,145
283145,409,1929,2175,389,-1707,353,145
283150,-187,-712,7496,1245,-1765,-81,145
283155,160,-210,9217,318,-1069,-97,145
283160,350,-491,6261,-310,48,-33,145
283165,256,942,6630,-195,-151,199,145
283170,823,506,7425,-204,419,224,145
283175,227,1005,1327,102,1361,194,145
283180,776,445,7040,630,-65,-83,145
283185,693,-912,4138,875,956,-343,145
283190,544,-1119,4040,1124,924,-335,145
283195,209,-1495,3451,1131,850,-192,145
283200,156,-1100,4415,601,573,63,145
283205,153,-768,3669,-11,770,252,145
283210,-140,-501,4209,-168,883,299,145
283215,-244,-685,2901,11,1008,269,145
283220,-105,-1147,3972,-48,539,374,145
283225,-637,-886,2948,201,498,690,145
283230,-477,-722,3286,63,-65,1062,145
283235,-213,-59,4955,-141,-244,1339,145
283240,-194,498,4317,-52,-239,1278,145
283245,-286,-8,1514,558,-606,999,145
283250,93,439,6127,134,-1445,783,145
283255,-76,481,4084,10,-714,488,145
283260,-200,560,6415,31,-1127,180,145
283265,-157,368,4337,-384,-501,-123,145
283270,-22,493,3919,-228,-360,-381,145
283275,304,-123,3069,113,-497,-584,145
283280,482,-736,5573,-176,-651,-555,145
283285,-4,-658,3540,-41,7,-339,145
283290,117,-625,6446,-72,-514,-164,145
283295,39,-818,5462,-607,190,34,145
283300,-144,-251,3999,-490,694,283,145
283305,155,47,4657,-370,414,305,145
283310,199,-1043,3612,-706,674,237,145
283315,-125,-637,3402,-428,394,440,145
283320,-147,80,4016,-322,-58,562,145
283325,226,-177,5878,-528,-230,459,145
283330,-70,-345,3163,-938,421,387,145
283335,-212,-288,2836,-276,-41,250,145
283340,-144,-319,4577,234,-725,-17,145
283345,7,-1185,3924,95,-579,-130,145
283350,-112,-172,6055,188,-936,18,145
283355,-499,-385,2524,-68,-396,-76,145
283360,-319,-633,4530,164,-969,-164,145
283365,-149,200,4065,217,-922,-179,145
283370,-187,1075,3781,-93,-814,-272,145
283375,-172,324,3152,107,-583,-583,145
283380,-86,303,5810,512,-981,-823,145
283385,56,-403,4874,225,-518,-986,146
283390,45,-535,5429,318,-303,-962,146
283395,415,-1157,5378,418,-361,-816,146
283400,24,-1200,5577,158,23,-544,146
283405,-99,-580,3531,-7,217,-294,146
283410,334,-784,4780,-63,-383,-160,146
283415,-238,-619,3845,-92,74,19,146
283420,-482,-900,3596,45,100,170,146
283425,-356,-418,4862,-36,-188,341,146
283430,2,-959,4646,-281,-15,459,146
283435,-80,-484,2432,-291,9,589,146
283440,-209,425,3584,-73,-518,605,146
283445,33,-467,4594,-231,-564,366,146
283450,-85,-760,3825,154,-476,287,146
283455,-148,-317,7261,395,-933,352,146
283460,-316,-363,2994,2,-112,315,146
283465,-285,170,6215,-76,-560,264,146
283470,77,686,4249,-703,59,135,146
283475,57,-136,3522,-419,243,-136,146
283480,151,-405,4514,53,-181,-225,146
283485,-203,-293,1967,-35,84,-186,146
283490,-378,-463,3185,-97,-277,-109,146
283495,23,-877,3009,25,-381,50,146
283500,-41,-12,4342,566,-601,132,146
283505,-64,561,7435,18,-558,23,146
283510,-655,-203,2785,347,407,-223,146
283515,-551,125,3858,616,-479,-542,146
283520,-450,-591,5022,766,-635,-875,146
283525,171,74,5080,380,-430,-992,146
283530,-188,-698,3486,386,-256,-1048,146
283535,-95,-369,4499,549,-428,-1032,146
283540,-133,-1160,4376,959,-119,-988,146
283545,-3,-219,4862,1547,73,-883,146
283550,-158,-1280,2494,1946,578,-933,146
283555,303,-3767,-193,1727,-269,-576,146
283560,305,1461,7984,455,-1989,536,146
283565,-284,682,4626,-1938,-145,950,146
283570,101,2166,9025,-1153,-449,803,146
283575,659,1220,10675,-1429,-75,416,146
283580,-224,763,3236,-715,1714,-25,146
283585,741,804,2835,-145,987,-463,146
283590,680,305,3200,-294,781,-810,146
283595,209,-1593,1791,-17,727,-1075,146
283600,2,-1904,3228,-469,-30,-1028,146
283605,-277,153,1581,-353,-77,-817,146
283610,-599,-1433,3451,-338,-802,-772,146
283615,-550,-991,4032,-337,-703,-639,146
283620,-767,-1538,3508,-252,-612,-494,146
283625,26,-906,5011,-329,-843,-339,146
283630,-302,-160,3344,-630,-467,-213,146
283635,183,663,7924,-943,-1606,-245,146
283640,82,940,5412,35,-817,-486,146
283645,195,-28,5735,457,-538,-811,146
283650,303,-1021,4688,845,-20,-916,146
283655,466,-1320,4110,189,-73,-690,146
283660,68,-1393,2753,-63,-75,-388,146
283665,3,-784,4071,183,-353,-118,146
283670,206,-230,3220,276,-249,68,146
283675,90,-230,4778,224,-481,104,146
283680,337,-12,6051,-99,-338,62,146
283685,-77,-291,3889,-276,342,39,146
283690,-327,153,5332,-157,94,-24,146
283695,-31,-256,5292,237,153,-177,146
283700,-328,-752,2937,248,579,-161,146
283705,-287,-522,4400,531,244,-70,146
283710,436,-844,3471,165,394,-33,146
283715,194,-777,3618,110,273,86,147
283720,145,446,5244,384,-339,150,147
283725,-145,-15,4273,160,-114,38,147
283730,-210,698,4714,576,-269,-137,147
283735,15,-164,5694,659,-241,-362,147
283740,-168,-488,3490,-13,493,-426,147
283745,-34,-452,4729,240,73,-404,147
283750,21,-281,5021,176,-44,-257,147
283755,-110,-851,3707,224,406,-143,147
283760,-6,-821,4484,616,209,-8,147
283765,344,-556,5985,328,266,133,147
283770,-164,-799,2552,-166,1020,214,147
283775,12,150,5124,106,408,300,147
283780,-135,316,3960,-3,875,111,147
283785,104,288,5788,492,622,-144,147
283790,232,-269,4393,110,1146,-285,147
283795,76,-1175,2506,30,1207,-269,147
283800,153,-564,3440,463,336,-118,147
283805,-41,-620,5197,467,55,-38,147
283810,-384,-714,3469,473,476,83,147
283815,-282,-272,5820,469,164,135,147
283820,-150,-558,2640,-88,803,134,147
283825,-234,-142,4744,23,346,227,147
283830,-54,-11,4963,243,293,148,147
283835,-36,-296,3763,457,386,77,147
283840,447,295,6423,270,61,93,147
283845,-10,-398,2639,-240,992,25,147
283850,146,-994,3919,30,338,25,147
283855,166,110,4839,202,51,101,147
283860,12,79,4793,260,165,21,147
283865,79,189,6471,169,337,-123,147
283870,68,-764,3877,-62,1014,-251,147
283875,-150,-856,3148,-88,737,-161,147
283880,-223,-115,3739,91,355,-20,147
283885,-241,-17,3113,185,438,-43,147
283890,-200,-391,4343,566,133,-146,147
283895,-268,766,6581,163,238,-176,147
283900,-409,180,3388,232,1177,-412,147
283905,-427,-125,4141,257,950,-677,147
283910,31,-8,4662,761,791,-903,147
283915,79,-2050,1050,667,965,-1089,147
283920,1118,-3011,2615,-686,-541,-521,147
283925,719,-12,7157,-674,-1795,448,147
283930,-841,1343,2429,-440,-991,652,147
283935,-635,9,2687,-983,-2047,632,147
283940,-777,1616,6290,-795,-2547,627,147
283945,-502,264,5258,-1187,-1277,210,147
283950,-727,-749,223,-720,-502,-71,147
283955,348,-161,4077,-1261,-2001,-30,147
283960,428,-422,3919,-1489,-1561,-145,147
283965,67,-183,2913,-1878,-997,-220,147
283970,65,-69,3236,-2668,-1203,-236,147
283975,679,194,6461,-2663,-1882,-278,147
283980,-103,544,4051,-2666,-1321,-314,147
283985,-69,474,3621,-2568,-1438,-588,147
283990,417,-1639,9134,-1994,-1858,-847,147
283995,-56,-1958,829,140,333,-1108,147
284000,1298,-1315,11696,761,-972,-942,147
284005,550,-1998,7228,1385,1481,-902,147
284010,-559,-1995,1763,1847,2045,-703,147
284015,121,-1345,1186,1862,971,-507,148
284020,389,-468,1577,1371,599,-159,148
284025,-396,287,3477,1154,441,-137,148
284030,-436,275,2870,851,621,-237,148
284035,-649,604,686,504,561,-262,148
284040,-527,180,1666,209,-313,-434,148
284045,457,218,6550,60,-834,-506,148
284050,37,-199,3380,-183,132,-528,148
284055,-421,-1015,4670,-584,-719,-465,148
284060,65,-258,6927,115,-793,-293,148
284065,297,-857,6168,549,-179,-256,148
284070,318,-1308,5280,240,-103,-35,148
284075,263,-982,3802,159,226,221,148
284080,164,-528,2502,293,-64,337,148
284085,141,-46,4906,139,-677,277,148
284090,433,13,4162,-75,-217,169,148
284095,369,562,4576,-298,-305,9,148
284100,146,255,4225,29,-187,-231,148
284105,36,-119,5973,193,-179,-398,148
284110,51,-693,3580,442,321,-432,148
284115,-54,-1144,3658,365,226,-299,148
284120,141,-930,4164,516,121,-104,148
284125,340,-818,3694,93,62,9,148
284130,240,-249,3821,-71,141,181,148
284135,14,416,4729,125,16,140,148
284140,4,544,5108,426,24,-118,148
284145,127,339,6336,183,115,-416,148
284150,288,-536,3361,75,570,-604,148
284155,-142,-608,3886,85,35,-599,148
284160,-95,-1790,3002,236,-211,-523,148
284165,131,-1152,3614,-65,-664,-124,148
284170,-106,-551,3211,-234,-731,250,148
284175,52,-41,4355,-340,-912,403,148
284180,-7,938,4434,-395,-884,300,148
284185,-115,109,5801,-66,-859,-51,148
284190,-146,-18,3806,103,-297,-330,148
284195,199,-420,4022,444,-500,-549,148
284200,489,-852,4995,14,-534,-527,148
284205,444,-1026,3982,-309,-201,-348,148
284210,180,-999,4357,-154,-427,-107,148
284215,266,-610,4781,205,-437,69,148
284220,298,-174,5951,187,-219,151,148
284225,186,-291,4170,-215,452,153,148
284230,-90,-13,3532,-185,401,76,148
284235,-34,491,4356,16,47,-110,148
284240,127,-141,3715,28,188,-313,148
284245,-21,-514,2937,126,69,-413,148
284250,30,-1493,3089,343,-396,-327,148
284255,201,-879,4132,228,-685,-48,148
284260,-202,-1317,3922,179,-594,178,148
284265,28,-600,5925,4,-883,459,148
284270,-119,-178,4431,372,-524,470,148
284275,-179,-102,4503,673,-633,297,148
284280,90,-1206,2804,961,-383,171,148
284285,-29,-1011,3022,1204,-783,314,148
284290,-101,-615,3047,1491,-1044,501,148
284295,109,-799,3259,1562,-1030,661,148
284300,212,-879,3733,1439,-1063,826,148
284305,242,-755,2612,1331,-990,999,148
284310,441,330,8898,535,-1529,1191,148
284315,1387,-137,8695,-1872,380,1328,148
284320,1002,1909,11955,-1677,1080,1364,148
284325,708,733,8305,-1845,2302,1118,148
284330,-210,424,1618,-2144,3763,958,148
284335,-474,1963,1180,-1424,2876,536,148
284340,1091,-56,2471,19,1936,-304,148
284345,-871,614,2640,-189,1609,-662,149
284350,68,-98,2687,-326,169,-1329,149
284355,295,-1889,4959,474,-339,-1546,149
284360,-336,-1700,3134,1291,165,-1420,149
284365,-329,-2122,2794,1975,-619,-1061,149
284370,1152,-1693,7106,1356,-1118,-491,149
284375,-249,-1157,4980,396,278,-101,149
284380,-291,-908,1855,617,260,144,149
284385,77,-328,4973,1053,-601,186,149
284390,-159,615,4813,1194,138,115,149
284395,-39,-302,5579,635,433,-58,149
284400,262,-315,4592,378,717,-136,149
284405,91,-65,3329,919,491,-74,149
284410,125,271,4747,803,160,-52,149
284415,352,168,6781,-168,334,-6,149
284420,-339,-124,3018,-405,999,-9,149
284425,155,-895,3187,126,194,-40,149
284430,286,-106,4505,384,-107,58,149
284435,-132,-669,2148,176,238,88,149
284440,68,-125,4145,143,-422,145,149
284445,228,215,5487,-294,-159,-14,149
284450,223,-1006,4964,-553,346,-214,149
284455,326,-295,6397,-67,76,-116,149
284460,-202,-284,4971,106,473,-100,149
284465,-412,-847,2959,405,551,-88,149
284470,104,-725,5847,429,-65,105,149
284475,-128,-853,3488,1,631,264,149
284480,-244,-860,3150,253,300,391,149
284485,-191,-980,2492,491,-155,482,149
284490,-166,-220,4635,620,-663,642,149
284495,89,566,6648,-564,-274,744,149
284500,-176,1039,4211,-308,442,418,149
284505,-202,542,4979,172,-138,-120,149
284510,225,-166,3181,529,147,-455,149
284515,-56,-395,3285,594,-39,-439,149
284520,-202,-123,5158,432,-235,-289,149
284525,27,-593,2502,-335,161,-229,149
284530,-8,-61,4518,6,-421,-213,149
284535,299,-508,4922,360,-569,-323,149
284540,-112,-953,3172,169,-66,-204,149
284545,-210,-355,3678,412,-337,-2,149
284550,-31,47,6516,-40,-485,20,149
284555,-126,170,3011,-71,396,-31,149
284560,-47,-420,5248,-73,-136,-181,149
284565,196,-438,3900,16,146,-215,149
284570,-57,-112,3268,278,-92,-187,149
284575,180,-145,5978,-11,-405,-189,149
284580,-66,-250,4049,-311,260,-150,149
284585,-207,4,3870,59,-118,-221,149
284590,296,-674,5145,424,-503,-399,149
284595,30,-294,3695,430,-149,-312,149
284600,76,-282,5950,34,-426,-283,149
284605,-63,-448,4138,-293,119,-239,149
284610,47,-113,3316,-98,-130,-220,149
284615,95,-52,5258,-5,-420,-262,149
284620,-24,-22,3609,61,99,-293,149
284625,109,235,5986,-96,-107,-310,149
284630,-111,-15,4131,-414,756,-385,149
284635,52,-455,4679,-8,684,-495,149
284640,120,-536,4787,199,740,-509,149
284645,-64,-763,3865,499,1056,-526,150
284650,171,-773,4297,656,963,-489,150
284655,455,-812,6185,426,972,-430,150
284660,-23,-332,3994,605,1759,-452,150
284665,-127,182,3901,1379,1645,-653,150
284670,223,-878,3340,2238,1103,-996,150
284675,498,-3151,838,1277,153,-632,150
284680,-256,-1672,2925,1048,-1504,228,150
284685,-1004,1003,1987,746,-1608,861,150
284690,-2257,597,2459,936,-2262,832,150
284695,-96,95,1170,1535,-2734,614,150
284700,462,497,6302,1663,-3979,498,150
284705,482,1801,9097,375,-3026,406,150
284710,-351,-317,-2419,-838,-678,43,150
284715,745,1759,10152,-960,-3286,-102,150
284720,502,-534,9165,-1045,-1859,-373,150
284725,29,-428,3768,-1839,-591,-277,150
284730,139,236,2843,-2258,-1003,-177,150
284735,18,1157,2780,-1526,-1478,-337,150
284740,1274,-499,5233,161,-1226,-607,150
284745,982,-235,4728,985,-326,-717,150
284750,932,-4917,3310,1459,-567,-756,150
284755,487,-1872,6121,1718,-475,-341,150
284760,215,-1636,5482,1092,559,-70,150
284765,146,-1297,5058,859,805,204,150
284770,78,-623,4884,939,1030,369,150
284775,299,143,3078,897,1295,510,150
284780,-104,694,2093,969,1102,553,150
284785,-307,1056,1955,701,568,465,150
284790,-412,1049,2224,352,-24,175,150
284795,-251,174,4165,-166,-683,47,150
284800,310,-230,4488,-58,-724,60,150
284805,157,693,4011,-52,-934,27,150
284810,58,273,4740,-468,-1225,-109,150
284815,100,-1371,4108,-777,-1220,-126,150
284820,-128,-936,4675,-364,-1438,221,150
284825,111,-386,5569,-319,-1511,529,150
284830,-58,-895,3040,-185,-969,605,150
284835,25,-272,5968,-53,-1441,688,150
284840,-59,-140,3475,-317,-633,632,150
284845,216,-134,3265,-207,-649,478,150
284850,165,297,3238,-363,-958,334,150
284855,427,377,5242,-3,-1086,50,150
284860,274,-438,5052,-207,-831,-187,150
284865,-55,-29,4545,-197,-622,-186,150
284870,-67,-501,3615,-137,-407,-226,150
284875,276,-411,2873,46,-504,-158,150
284880,190,-230,3500,126,-884,-111,150
284885,100,-332,2544,355,-1045,-49,150
284890,60,122,6053,518,-1611,-2,150
284895,104,260,3188,-337,-802,-37,150
284900,156,-1056,4486,-358,-879,-70,150
284905,347,-235,4841,-177,-1083,71,150
284910,186,-67,4837,244,-1038,-55,150
284915,313,725,7239,114,-1157,-80,150
284920,-30,-92,2964,-53,53,-265,150
284925,418,-689,3955,24,-401,-354,150
284930,465,-434,3656,308,-716,-360,150
284935,64,-620,3197,561,-904,-319,150
284940,322,-521,5112,414,-1172,-137,150
284945,457,-775,4677,-13,-829,-81,151
284950,182,-807,3942,247,-694,82,151
284955,44,-497,3022,630,-892,252,151
284960,13,64,5145,795,-1160,251,151
284965,268,160,6125,403,-748,248,151
284970,66,-121,3935,135,-120,163,151
284975,707,-351,7123,-320,-256,118,151
284980,1129,-60,4426,-974,485,233,151
284985,656,1163,7026,-509,77,319,151
284990,479,121,3765,-564,849,52,151
284995,300,463,4391,-188,562,-85,151
285000,226,390,4199,-71,722,-265,151
285005,127,158,1945,242,824,-548,151
285010,275,-265,3301,835,176,-815,151
285015,-186,-289,1927,1159,386,-877,151
285020,-437,137,3167,1677,-166,-916,151
285025,177,-2319,4037,2302,-334,-1081,151
285030,-198,-852,5209,1967,82,-843,151
285035,-309,-676,2528,2072,568,-677,151
285040,-31,-2108,3517,2700,-119,-699,151
285045,916,-3042,628,1979,-208,-102,151
285050,701,2239,11640,291,-1521,1092,151
285055,650,2170,5852,-1964,595,1241,151
285060,758,343,13438,-1734,122,820,151
285065,566,1346,5007,-1263,1989,672,151
285070,82,1470,613,11,1483,26,151
285075,973,82,1673,387,196,-725,151
285080,309,560,1779,-112,147,-950,151
285085,-750,-96,-275,-340,-186,-1117,151
285090,1113,-1147,6524,-764,-1648,-1277,151
285095,154,-28,3360,-13,-273,-1105,151
285100,117,-1036,4278,487,-528,-1065,151
285105,395,-1442,8340,118,-509,-795,151
285110,195,-1537,4409,-61,844,-341,151
285115,90,-987,7140,96,473,9,151
285120,146,-944,2035,53,1324,279,151
285125,165,68,4787,269,330,482,151
285130,318,171,3993,-217,575,452,151
285135,140,634,2897,-255,599,387,151
285140,-51,523,4123,-185,95,204,151
285145,106,306,3239,366,201,-69,151
285150,221,-316,3982,279,-14,-196,151
285155,374,-3,4754,-293,-128,-119,151
285160,36,431,4740,-110,31,-198,151
285165,-47,-209,3828,-327,5,-342,151
285170,173,-396,3920,118,-97,-405,151
285175,248,-325,4618,70,-43,-363,151
285180,549,-227,6140,-654,109,-230,151
285185,217,-51,4114,-514,807,-209,151
285190,0,558,3580,-417,368,-287,151
285195,154,-242,4404,-5,183,-500,151
285200,443,-219,3382,-173,416,-477,151
285205,146,175,4140,-202,137,-460,151
285210,159,154,4727,-322,-9,-528,151
285215,34,-246,4367,18,122,-614,151
285220,28,-284,3303,152,237,-664,151
285225,398,-965,5927,-449,-32,-560,151
285230,101,-1029,4626,-623,604,-311,151
285235,127,-69,3504,-282,707,-79,151
285240,315,-212,4555,50,286,-108,151
285245,620,-683,5034,-94,424,-83,152
285250,530,-321,4701,-595,721,82,152
285255,133,341,4523,-414,647,139,152
285260,267,563,3805,-249,632,-45,152
285265,65,-31,1456,373,493,-380,152
285270,325,544,5078,434,-645,-599,152
285275,78,-240,5217,-290,-167,-815,152
285280,71,-282,2602,79,257,-936,152
285285,123,-1058,3760,213,-701,-1042,152
285290,-5,-1909,3744,104,-817,-821,152
285295,156,-882,4781,100,-856,-328,152
285300,181,-506,4724,-117,-591,-24,152
285305,50,286,3798,-293,-712,200,152
285310,149,-350,4301,-256,-1305,203,152
285315,400,-13,5535,-422,-1153,296,152
285320,351,21,4323,-357,-551,419,152
285325,383,429,4811,-368,-607,424,152
285330,154,474,3805,90,-198,195,152
285335,175,-668,3385,234,-158,-31,152
285340,479,-524,6575,-33,-285,-25,152
285345,128,-172,3849,-418,891,-23,152
285350,703,10,5418,109,598,-189,152
285355,386,645,6520,484,1077,-384,152
285360,383,-461,5199,794,2137,-702,152
285365,806,-657,4370,636,2078,-763,152
285370,420,-149,2801,361,1279,-732,152
285375,1228,-639,3927,-676,78,-454,152
285380,159,-154,4456,112,-81,-218,152
285385,107,-684,1184,-142,-235,17,152
285390,487,-9,3931,-194,-1442,194,152
285395,329,394,5416,6,-1490,183,152
285400,67,1092,3849,-220,-873,14,152
285405,-83,-846,2996,-534,-995,-226,152
285410,258,508,5925,-461,-1200,-224,152
285415,42,143,4317,-336,-213,-385,152
285420,470,-580,5757,-748,-552,-348,152
285425,239,-81,5030,-833,-186,-278,152
285430,216,-794,2218,-1294,166,-232,152
285435,240,-1164,4910,-1282,-531,24,152
285440,822,1565,6006,-723,-550,256,152
285445,553,-384,5506,236,-247,-126,152
285450,391,-747,5681,1158,-116,-333,152
285455,353,-562,5114,1558,373,-329,152
285460,362,-1491,4414,1131,506,-249,152
285465,169,-1385,2452,192,757,24,152
285470,189,-1210,2367,21,577,239,152
285475,580,542,4287,320,34,401,152
285480,341,177,2395,484,321,271,152
285485,161,-517,2998,824,-199,182,152
285490,228,471,5505,542,-578,304,152
285495,170,375,4724,357,-60,287,152
285500,139,809,4567,470,-299,223,152
285505,156,268,4048,453,-224,-4,152
285510,330,-583,3384,544,-315,-156,152
285515,380,-681,6312,390,-646,-42,152
285520,258,-42,4977,88,13,138,152
285525,510,-408,3789,174,57,147,152
285530,568,-622,3985,577,-149,141,152
285535,719,-125,6605,177,-136,137,152
285540,380,-918,2966,-21,661,124,152
285545,234,-550,5288,-25,-105,323,153
285550,453,507,5310,17,203,456,153
285555,546,370,6681,-223,645,302,153
285560,680,-1215,5264,-319,1395,137,153
285565,692,-1078,4613,-307,1330,345,153
285570,305,-315,1688,-131,1311,599,153
285575,293,918,4560,444,298,660,153
285580,278,1235,5920,2,707,341,153
285585,-6,724,1189,-506,1656,9,153
285590,234,-62,5569,-61,812,-228,153
285595,290,-832,2608,-210,1316,-225,153
285600,148,-412,3935,-101,934,41,153
285605,-95,-166,5652,-281,941,206,153
285610,311,-165,3587,-852,1475,292,153
285615,532,-371,6226,-280,1022,198,153
285620,273,-403,4910,-102,1404,140,153
285625,52,-438,3014,-108,1518,226,153
285630,-97,134,2240,231,913,117,153
285635,60,305,3834,363,211,-176,153
285640,90,-102,4435,-328,318,-415,153
285645,-155,-918,3579,-322,697,-516,153
285650,65,-936,4216,144,156,-361,153
285655,74,-166,4532,263,53,-149,153
285660,340,186,6996,-4,22,-65,153
285665,375,-255,3195,-317,842,-100,153
285670,534,-502,5912,-120,291,-52,153
285675,366,-79,4812,-126,823,144,153
285680,113,136,4415,-82,937,220,153
285685,-228,1069,4385,40,930,107,153
285690,394,687,3448,-557,1176,-260,153
285695,297,247,4207,-340,999,-633,153
285700,260,-489,3882,135,779,-925,153
285705,473,-1203,3203,286,478,-932,153
285710,197,-981,3762,286,15,-698,153
285715,-16,-651,2864,104,-140,-493,153
285720,171,-654,4496,-175,-488,-380,153
285725,156,-708,4199,182,-323,-243,153
285730,36,-321,5032,252,-251,-33,153
285735,-270,68,2856,463,298,51,153
285740,-221,-139,3257,729,3,22,153
285745,-71,-344,3505,912,-106,22,153
285750,592,76,9333,-158,-424,58,153
285755,407,-1476,2707,-954,1150,117,153
285760,53,149,6218,-799,283,449,153
285765,351,1058,7228,-647,734,475,153
285770,254,270,4818,-948,1651,277,153
285775,66,623,3092,-1062,1825,155,153
285780,-50,900,1027,-940,1546,-68,153
285785,602,593,1697,-347,332,-520,153
285790,322,316,3406,-581,-667,-819,153
285795,5,-95,3307,-787,-883,-1021,153
285800,-383,-1397,2533,-1008,-979,-1144,153
285805,-246,-1089,6229,-718,-1819,-1013,153
285810,85,-719,7747,-164,-1351,-867,153
285815,560,-1400,8411,520,-529,-692,153
285820,226,-821,6895,1309,354,-517,153
285825,469,-1029,4414,1354,1130,-439,153
285830,319,-1259,4263,1438,1197,-309,153
285835,359,-1356,4093,1015,1306,-9,153
285840,438,-342,3383,916,1489,304,153
285845,454,959,2447,905,1460,426,153
285850,315,1433,3440,914,959,215,153
285855,204,1145,3580,631,849,-60,153
285860,235,963,4303,-522,902,-292,153
285865,76,-269,4070,-1018,860,-479,153
285870,33,-449,6866,-697,305,-437,153
285875,-222,140,3497,-447,996,-388,154
285880,195,-483,4237,-364,315,-396,154
285885,-2,-1046,2749,-7,361,-317,154
285890,-262,-1087,1893,95,-64,-171,154
285895,-743,-588,1788,358,-683,-136,154
285900,553,-266,7722,200,-1324,-227,154
285905,-363,-598,3681,88,35,-261,154
285910,-405,-149,6530,619,-624,-301,154
285915,-3,-886,6731,867,-176,-402,154
285920,-392,-1078,2198,674,744,-169,154
285925,-312,-250,4145,582,-34,133,154
285930,335,-436,4091,359,106,247,154
285935,367,918,3606,259,259,324,154
285940,70,1679,5184,393,-49,70,154
285945,-41,689,4424,300,260,-392,154
285950,-215,-384,3167,397,275,-669,154
285955,295,-234,5353,8,-332,-643,154
285960,13,-638,5225,-115,60,-575,154
285965,60,-885,4436,-127,-35,-374,154
285970,-32,-789,3564,30,-261,-107,154
285975,-349,-400,2041,-245,-265,178,154
285980,-425,-481,3689,-191,-709,298,154
285985,5,-346,5701,-190,-950,353,154
285990,28,469,4903,-487,-316,411,154
285995,-117,101,3816,-106,-146,195,154
286000,176,-348,5493,68,-469,5,154
286005,26,-372,3729,88,67,-42,154
286010,252,-261,5423,-125,-313,-51,154
286015,0,-18,4554,-272,148,-8,154
286020,-127,-240,3531,-110,358,-51,154
286025,86,-414,4532,311,3,-120,154
286030,294,-366,3962,45,262,-34,154
286035,-98,-149,2369,-401,388,84,154
286040,83,246,5372,-277,-362,86,154
286045,-16,476,5076,-349,-53,-3,154
286050,-275,-281,3585,-288,37,-160,154
286055,-39,-462,4310,-127,-369,-155,154
286060,-407,-484,3169,-165,-149,-44,154
286065,-461,-510,5074,-218,-623,5,154
286070,-69,-102,5197,-466,-577,49,154
286075,-132,-318,4141,-517,-169,5,154
286080,204,-737,4562,-199,-369,-50,154
286085,147,-315,4255,-35,-388,21,154
286090,47,-348,3832,78,-256,41,154
286095,297,-366,4244,-263,-358,97,154
286100,130,26,4335,-351,18,143,154
286105,-29,-67,5128,176,-88,-2,154
286110,-7,-233,4081,448,199,-176,154
286115,-130,-456,3201,666,483,-258,154
286120,-50,-720,3953,1187,368,-354,154
286125,312,-2760,713,1150,157,-288,154
286130,122,-1532,2639,609,-1087,280,154
286135,-950,779,3924,1181,-1618,762,154
286140,90,728,8006,435,-2260,1052,154
286145,310,900,8917,-2630,-854,1172,154
286150,733,1526,7055,-2071,513,982,154
286155,623,517,10119,-2260,-19,948,154
286160,881,1276,6198,-1451,2004,789,154
286165,-92,1251,2292,-1095,3130,293,154
286170,533,520,1231,-1374,2594,-157,154
286175,749,1043,1168,-1040,2020,-639,154
286180,105,-619,3344,-588,1136,-1335,154
286185,-849,-1931,1076,-762,389,-1535,154
286190,274,-3097,5431,-105,-1001,-1232,154
286195,399,-1894,4132,784,-517,-469,154
286200,112,-1178,3668,259,-733,162,155
286205,142,-18,7895,181,-1171,480,155
286210,-70,1137,4555,185,0,446,155
286215,-683,1337,4024,650,53,-42,155
286220,-153,733,4550,1096,148,-701,155
286225,159,-314,5129,409,410,-988,155
286230,414,-1589,2627,-473,661,-750,155
286235,101,-637,4782,222,-1,-346,155
286240,47,-305,4506,165,107,-140,155
286245,121,-346,5357,360,26,-63,155
286250,227,-460,5013,-273,450,-46,155
286255,222,-905,3769,-385,715,4,155
286260,208,177,5679,242,122,42,155
286265,187,-118,4313,240,472,-104,155
286270,-14,-279,3251,213,596,-194,155
286275,-165,6,4343,344,258,-374,155
286280,380,-834,4168,-146,376,-516,155
286285,-189,-366,4055,55,513,-374,155
286290,-170,-402,6177,458,215,-293,155
286295,-158,-784,3812,322,930,-222,155
286300,-191,-727,2983,497,811,-63,155
286305,62,-577,5635,182,197,41,155
286310,-29,-448,4181,-183,640,207,155
286315,-224,446,4925,26,333,306,155
286320,47,614,4540,279,227,89,155
286325,-123,234,3267,215,437,-183,155
286330,345,-351,5855,-164,9,-356,155
286335,65,-705,3806,-300,455,-337,155
286340,-167,299,4918,-125,-35,-240,155
286345,200,-32,4740,133,77,-417,155
286350,213,-527,3922,165,327,-487,155
286355,22,-994,4363,152,467,-414,155
286360,-36,-808,4371,-18,539,-273,155
286365,-191,-665,4579,165,378,-123,155
286370,-143,13,4169,181,453,-45,155
286375,155,80,3699,307,503,-15,155
286380,-271,352,3891,698,381,-107,155
286385,52,-418,4683,-229,346,-225,155
286390,142,-293,2953,-142,541,-171,155
286395,-150,413,5908,-101,-167,-147,155
286400,-17,-56,3757,163,282,-359,155
286405,151,-694,4010,320,66,-406,155
286410,210,-1136,5837,146,-108,-292,155
286415,-328,-770,2943,-92,357,-5,155
286420,-210,-277,5167,-120,-63,164,155
286425,-197,177,3677,120,386,104,155
286430,172,176,4605,416,191,-21,155
286435,160,-21,4525,-98,406,-134,155
286440,-159,-423,2115,-523,643,-156,155
286445,-231,212,4858,-302,-228,-169,155
286450,87,281,5163,63,-82,-354,155
286455,52,-116,3539,156,294,-504,155
286460,-320,241,4013,402,220,-585,155
286465,-125,30,3575,35,514,-754,155
286470,48,-530,4842,175,527,-864,155
286475,141,-518,5240,448,462,-858,155
286480,19,77,5790,758,548,-909,155
286485,-71,-913,3906,315,1127,-948,155
286490,334,-3088,486,-473,717,-611,155
286495,-18,-1383,4162,-850,-1000,433,155
286500,-523,2027,4986,-320,-749,926,155
286505,-460,628,4999,-630,-690,674,156
286510,-206,141,3107,-713,-847,515,156
286515,91,676,4368,-1293,-1279,497,156
286520,-246,-158,2982,-1576,-994,332,156
286525,-309,-441,2289,-1218,-1107,231,156
286530,-123,-242,3025,-1312,-1412,228,156
286535,-157,-592,2567,-893,-1438,99,156
286540,268,735,6062,-776,-1827,13,156
286545,35,-543,4504,-1497,-777,-244,156
286550,-17,594,2458,-898,-631,-406,156
286555,74,512,5714,-631,-1816,-833,156
286560,142,-1357,5835,-853,-1358,-1104,156
286565,1671,-1004,9002,290,-1283,-1050,156
286570,386,-1603,10257,567,-576,-885,156
286575,351,-1520,8869,1834,240,-650,156
286580,191,-1531,1856,1547,1745,-369,156
286585,617,-1432,4140,1638,623,23,156
286590,294,-25,4883,1866,880,220,156
286595,-346,-226,3089,1134,1361,314,156
286600,-320,1074,510,956,1272,475,156
286605,-92,831,2662,732,377,206,156
286610,5,866,3022,375,159,-6,156
286615,111,183,4044,-73,-168,-96,156
286620,-78,-296,3829,-307,-212,-168,156
286625,-51,133,5602,-531,-643,-118,156
286630,40,-123,5342,-532,-446,-105,156
286635,247,-721,4642,-72,-210,-120,156
286640,212,-639,6029,-20,-373,-54,156
286645,130,-777,3960,-595,326,78,156
286650,-287,-1127,3266,-640,460,130,156
286655,-127,-494,5131,-274,-178,178,156
286660,-46,-19,4386,-154,240,168,156
286665,90,-156,4026,-103,423,25,156
286670,244,-334,3291,-34,263,-40,156
286675,68,246,3604,-38,49,25,156
286680,-34,-82,3745,-250,-79,-49,156
286685,-103,-254,3343,-415,-477,-74,156
286690,-85,305,3388,-461,-906,-64,156
286695,72,343,6106,-499,-1308,-172,156
286700,-219,-155,4919,-613,-709,-225,156
286705,-380,-182,4114,-504,-520,-304,156
286710,228,-400,5908,-247,-793,-372,156
286715,-6,-802,2663,-177,-55,-405,156
286720,198,-824,3918,-302,-554,-353,156
286725,505,-343,4424,-680,-572,-207,156
286730,163,-1158,5237,-800,-229,-117,156
286735,69,-522,3891,-342,-116,29,156
286740,121,249,5726,-68,-366,54,156
286745,174,-451,4222,256,224,-98,156
286750,-8,-506,3631,390,134,-138,156
286755,-84,269,4727,20,-103,-135,156
286760,-49,-756,3703,-324,153,-258,156
286765,59,-382,4158,-257,-251,-199,156
286770,5,100,4257,-148,-279,-192,156
286775,49,-955,3080,-2,-284,-249,156
286780,175,-511,5216,-282,-755,-57,156
286785,-228,-165,3429,-475,-330,95,156
286790,56,-139,5123,-383,-797,108,156
286795,-46,624,5551,-238,-527,97,156
286800,-97,-152,2611,196,-127,-137,156
286805,439,-789,5434,162,-796,-240,156
286810,-2,-257,3322,-451,-21,-135,156
286815,40,-625,4621,-171,-432,-183,156
286820,310,-402,5183,-111,-513,-230,156
286825,-54,-587,4400,59,43,-269,156
286830,290,-1293,4248,470,-90,-295,157
286835,336,-647,5356,331,-248,-136,157
286840,-74,-418,4060,256,89,-26,157
286845,-82,141,4150,244,-195,-16,157
286850,98,141,6036,335,-266,-118,157
286855,-58,-516,3559,486,444,-200,157
286860,127,-911,2553,755,-33,-158,157
286865,1,-900,2196,625,-313,31,157
286870,-253,-630,2917,723,-706,208,157
286875,-64,-420,4014,958,-1211,265,157
286880,-269,-653,4260,1091,-1103,336,157
286885,-278,-1261,3303,1300,-991,449,157
286890,125,-948,3087,1586,-1403,625,157
286895,72,766,6503,1913,-1685,702,157
286900,28,-1236,4112,1610,-795,561,157
286905,717,180,11623,-125,-1099,776,157
286910,567,1088,1617,-1199,1544,867,157
286915,320,503,7278,-1146,588,874,157
286920,289,2389,3857,-567,1236,597,157
286925,960,1155,4269,-146,698,-210,157
286930,-516,2146,3841,-717,962,-639,157
286935,-861,-692,716,-570,541,-1239,157
286940,-35,-1542,880,212,-762,-1424,157
286945,122,-587,3134,337,-1476,-1169,157
286950,79,-1257,4595,-1462,-1263,-736,157
286955,-600,-929,2501,-1500,-484,-474,157
286960,-497,-441,2977,-1576,-1169,-275,157
286965,-364,788,1661,-1045,-1656,-274,157
286970,1207,2516,13808,-1154,-2909,-524,157
286975,789,-2691,4434,32,446,-1110,157
286980,149,-473,7490,314,-274,-1146,157
286985,176,-2416,8883,1589,610,-1106,157
286990,932,-3535,3792,1101,1947,-574,157
286995,532,-753,4179,316,1447,187,157
287000,532,-1029,1694,498,1643,462,157
287005,-3,-449,1193,907,1202,480,157
287010,-148,729,2779,723,422,500,157
287015,-111,785,2694,388,402,294,157
287020,-306,465,3341,340,81,-2,157
287025,114,375,4960,-274,-171,-188,157
287030,89,412,4722,-384,68,-320,157
287035,265,-45,6889,-161,-238,-433,157
287040,5,-1277,4227,120,526,-418,157
287045,124,-1640,4043,496,249,-104,157
287050,455,-1009,5197,396,-21,284,157
287055,-112,-1096,2412,-405,457,611,157
287060,-155,98,3866,-228,-4,812,157
287065,-69,393,5175,-282,-142,681,157
287070,-196,499,3088,-39,311,440,157
287075,229,-60,5398,115,-131,91,157
287080,241,220,4345,-483,396,-47,157
287085,68,341,4291,-264,323,-142,157
287090,117,-131,5040,-46,106,-389,157
287095,20,-553,3539,109,392,-453,157
287100,294,-611,4224,243,7,-395,157
287105,123,-263,4857,-248,99,-288,157
287110,-173,-109,3507,-324,236,-261,157
287115,54,-426,4608,-95,-113,-357,157
287120,-128,-473,3609,1,17,-327,157
287125,96,-268,5318,101,-317,-274,157
287130,188,-161,4356,-163,97,-290,157
287135,280,-176,4138,-301,127,-270,157
287140,24,-213,3895,27,187,-344,157
287145,238,-331,4438,299,8,-404,157
287150,93,-1450,3633,132,181,-409,157
287155,28,-908,3844,-47,128,-104,157
287160,171,-562,3892,-406,174,126,158
287165,147,272,4856,-178,108,239,158
287170,-48,312,5534,84,400,99,158
287175,29,-654,4277,153,836,-14,158
287180,72,-328,4203,236,771,28,158
